-- dash2zero 콘텐츠 seed (자동 생성: scripts/seed/seed-content.mjs)
-- 생성 대상: 18 packs, 846 words, locale=en-US
-- 전제: 0001~0004 마이그레이션 적용 완료. 멱등(ON CONFLICT) — 재실행 안전.
BEGIN;

-- 1. word_packs
INSERT INTO word_packs (pack_id, name, tier, monthly_release_at, version) VALUES ('core-kdrama-001', 'Core — K-drama 60', 'premium', NULL, 1) ON CONFLICT (pack_id) DO UPDATE SET name=EXCLUDED.name, tier=EXCLUDED.tier, monthly_release_at=EXCLUDED.monthly_release_at;
INSERT INTO word_packs (pack_id, name, tier, monthly_release_at, version) VALUES ('core-kpop-001', 'Core — K-pop 60', 'premium', NULL, 1) ON CONFLICT (pack_id) DO UPDATE SET name=EXCLUDED.name, tier=EXCLUDED.tier, monthly_release_at=EXCLUDED.monthly_release_at;
INSERT INTO word_packs (pack_id, name, tier, monthly_release_at, version) VALUES ('core-travel-001', 'Core — Travel Korea 60', 'premium', NULL, 1) ON CONFLICT (pack_id) DO UPDATE SET name=EXCLUDED.name, tier=EXCLUDED.tier, monthly_release_at=EXCLUDED.monthly_release_at;
INSERT INTO word_packs (pack_id, name, tier, monthly_release_at, version) VALUES ('monthly-2026-06', 'Monthly Pack — June 2026 (Spring/Family/Korean Culture)', 'premium', '2026-06-15', 1) ON CONFLICT (pack_id) DO UPDATE SET name=EXCLUDED.name, tier=EXCLUDED.tier, monthly_release_at=EXCLUDED.monthly_release_at;
INSERT INTO word_packs (pack_id, name, tier, monthly_release_at, version) VALUES ('premium-pack-001', 'Premium Pack 1 — Daily Korean 300', 'premium', NULL, 1) ON CONFLICT (pack_id) DO UPDATE SET name=EXCLUDED.name, tier=EXCLUDED.tier, monthly_release_at=EXCLUDED.monthly_release_at;
INSERT INTO word_packs (pack_id, name, tier, monthly_release_at, version) VALUES ('starter-001', 'Starter — Survival 60', 'starter', NULL, 1) ON CONFLICT (pack_id) DO UPDATE SET name=EXCLUDED.name, tier=EXCLUDED.tier, monthly_release_at=EXCLUDED.monthly_release_at;
INSERT INTO word_packs (pack_id, name, tier, monthly_release_at, version) VALUES ('theme-adjectives-001', 'Theme — Common Adjectives', 'premium', NULL, 1) ON CONFLICT (pack_id) DO UPDATE SET name=EXCLUDED.name, tier=EXCLUDED.tier, monthly_release_at=EXCLUDED.monthly_release_at;
INSERT INTO word_packs (pack_id, name, tier, monthly_release_at, version) VALUES ('theme-body-001', 'Theme — Body', 'premium', NULL, 1) ON CONFLICT (pack_id) DO UPDATE SET name=EXCLUDED.name, tier=EXCLUDED.tier, monthly_release_at=EXCLUDED.monthly_release_at;
INSERT INTO word_packs (pack_id, name, tier, monthly_release_at, version) VALUES ('theme-calendar-001', 'Theme — Calendar & Months', 'premium', NULL, 1) ON CONFLICT (pack_id) DO UPDATE SET name=EXCLUDED.name, tier=EXCLUDED.tier, monthly_release_at=EXCLUDED.monthly_release_at;
INSERT INTO word_packs (pack_id, name, tier, monthly_release_at, version) VALUES ('theme-colors-001', 'Theme — Colors & Shapes', 'premium', NULL, 1) ON CONFLICT (pack_id) DO UPDATE SET name=EXCLUDED.name, tier=EXCLUDED.tier, monthly_release_at=EXCLUDED.monthly_release_at;
INSERT INTO word_packs (pack_id, name, tier, monthly_release_at, version) VALUES ('theme-days-001', 'Theme — Days & Time', 'premium', NULL, 1) ON CONFLICT (pack_id) DO UPDATE SET name=EXCLUDED.name, tier=EXCLUDED.tier, monthly_release_at=EXCLUDED.monthly_release_at;
INSERT INTO word_packs (pack_id, name, tier, monthly_release_at, version) VALUES ('theme-emotions-001', 'Theme — Emotions', 'premium', NULL, 1) ON CONFLICT (pack_id) DO UPDATE SET name=EXCLUDED.name, tier=EXCLUDED.tier, monthly_release_at=EXCLUDED.monthly_release_at;
INSERT INTO word_packs (pack_id, name, tier, monthly_release_at, version) VALUES ('theme-family-001', 'Theme — Family & People', 'premium', NULL, 1) ON CONFLICT (pack_id) DO UPDATE SET name=EXCLUDED.name, tier=EXCLUDED.tier, monthly_release_at=EXCLUDED.monthly_release_at;
INSERT INTO word_packs (pack_id, name, tier, monthly_release_at, version) VALUES ('theme-home-001', 'Theme — Home & Living', 'premium', NULL, 1) ON CONFLICT (pack_id) DO UPDATE SET name=EXCLUDED.name, tier=EXCLUDED.tier, monthly_release_at=EXCLUDED.monthly_release_at;
INSERT INTO word_packs (pack_id, name, tier, monthly_release_at, version) VALUES ('theme-jobs-001', 'Theme — Jobs', 'premium', NULL, 1) ON CONFLICT (pack_id) DO UPDATE SET name=EXCLUDED.name, tier=EXCLUDED.tier, monthly_release_at=EXCLUDED.monthly_release_at;
INSERT INTO word_packs (pack_id, name, tier, monthly_release_at, version) VALUES ('theme-numbers-001', 'Theme — Numbers', 'premium', NULL, 1) ON CONFLICT (pack_id) DO UPDATE SET name=EXCLUDED.name, tier=EXCLUDED.tier, monthly_release_at=EXCLUDED.monthly_release_at;
INSERT INTO word_packs (pack_id, name, tier, monthly_release_at, version) VALUES ('theme-seasons-001', 'Theme — Seasons & Weather', 'premium', NULL, 1) ON CONFLICT (pack_id) DO UPDATE SET name=EXCLUDED.name, tier=EXCLUDED.tier, monthly_release_at=EXCLUDED.monthly_release_at;
INSERT INTO word_packs (pack_id, name, tier, monthly_release_at, version) VALUES ('theme-verbs-001', 'Theme — Common Verbs', 'premium', NULL, 1) ON CONFLICT (pack_id) DO UPDATE SET name=EXCLUDED.name, tier=EXCLUDED.tier, monthly_release_at=EXCLUDED.monthly_release_at;

-- 2. words / 3. word_translations / 4. word_pack_members
INSERT INTO words (word_id, korean, romanization, content_version) VALUES ('w-kd-001', '엄마', 'eom-ma', 1) ON CONFLICT (word_id) DO UPDATE SET korean=EXCLUDED.korean, romanization=EXCLUDED.romanization;
INSERT INTO word_translations (word_id, locale, gloss, gloss_short, example_ko, example_en, content_version) VALUES ('w-kd-001', 'en-US', 'mom', 'mom', '엄마 어디 있어요?', 'Where''s mom?', 1) ON CONFLICT (word_id, locale) DO UPDATE SET gloss=EXCLUDED.gloss, gloss_short=EXCLUDED.gloss_short, example_ko=EXCLUDED.example_ko, example_en=EXCLUDED.example_en;
INSERT INTO word_pack_members (pack_id, word_id, sort_order, is_free_sample) VALUES ('core-kdrama-001', 'w-kd-001', 0, TRUE) ON CONFLICT (pack_id, word_id) DO UPDATE SET sort_order=EXCLUDED.sort_order, is_free_sample=EXCLUDED.is_free_sample;
INSERT INTO words (word_id, korean, romanization, content_version) VALUES ('w-kd-002', '아빠', 'a-ppa', 1) ON CONFLICT (word_id) DO UPDATE SET korean=EXCLUDED.korean, romanization=EXCLUDED.romanization;
INSERT INTO word_translations (word_id, locale, gloss, gloss_short, example_ko, example_en, content_version) VALUES ('w-kd-002', 'en-US', 'dad', 'dad', '아빠가 와요.', 'Dad is coming.', 1) ON CONFLICT (word_id, locale) DO UPDATE SET gloss=EXCLUDED.gloss, gloss_short=EXCLUDED.gloss_short, example_ko=EXCLUDED.example_ko, example_en=EXCLUDED.example_en;
INSERT INTO word_pack_members (pack_id, word_id, sort_order, is_free_sample) VALUES ('core-kdrama-001', 'w-kd-002', 1, TRUE) ON CONFLICT (pack_id, word_id) DO UPDATE SET sort_order=EXCLUDED.sort_order, is_free_sample=EXCLUDED.is_free_sample;
INSERT INTO words (word_id, korean, romanization, content_version) VALUES ('w-kd-003', '가족', 'ga-jok', 1) ON CONFLICT (word_id) DO UPDATE SET korean=EXCLUDED.korean, romanization=EXCLUDED.romanization;
INSERT INTO word_translations (word_id, locale, gloss, gloss_short, example_ko, example_en, content_version) VALUES ('w-kd-003', 'en-US', 'family', 'family', '우리 가족이에요.', 'This is my family.', 1) ON CONFLICT (word_id, locale) DO UPDATE SET gloss=EXCLUDED.gloss, gloss_short=EXCLUDED.gloss_short, example_ko=EXCLUDED.example_ko, example_en=EXCLUDED.example_en;
INSERT INTO word_pack_members (pack_id, word_id, sort_order, is_free_sample) VALUES ('core-kdrama-001', 'w-kd-003', 2, TRUE) ON CONFLICT (pack_id, word_id) DO UPDATE SET sort_order=EXCLUDED.sort_order, is_free_sample=EXCLUDED.is_free_sample;
INSERT INTO words (word_id, korean, romanization, content_version) VALUES ('w-kd-004', '형', 'hyeong', 1) ON CONFLICT (word_id) DO UPDATE SET korean=EXCLUDED.korean, romanization=EXCLUDED.romanization;
INSERT INTO word_translations (word_id, locale, gloss, gloss_short, example_ko, example_en, content_version) VALUES ('w-kd-004', 'en-US', 'older brother (to male)', 'older brother', '형, 어디 가?', 'Bro, where are you going?', 1) ON CONFLICT (word_id, locale) DO UPDATE SET gloss=EXCLUDED.gloss, gloss_short=EXCLUDED.gloss_short, example_ko=EXCLUDED.example_ko, example_en=EXCLUDED.example_en;
INSERT INTO word_pack_members (pack_id, word_id, sort_order, is_free_sample) VALUES ('core-kdrama-001', 'w-kd-004', 3, TRUE) ON CONFLICT (pack_id, word_id) DO UPDATE SET sort_order=EXCLUDED.sort_order, is_free_sample=EXCLUDED.is_free_sample;
INSERT INTO words (word_id, korean, romanization, content_version) VALUES ('w-kd-005', '동생', 'dong-saeng', 1) ON CONFLICT (word_id) DO UPDATE SET korean=EXCLUDED.korean, romanization=EXCLUDED.romanization;
INSERT INTO word_translations (word_id, locale, gloss, gloss_short, example_ko, example_en, content_version) VALUES ('w-kd-005', 'en-US', 'younger sibling', 'younger sibling', '동생이 있어요.', 'I have a younger sibling.', 1) ON CONFLICT (word_id, locale) DO UPDATE SET gloss=EXCLUDED.gloss, gloss_short=EXCLUDED.gloss_short, example_ko=EXCLUDED.example_ko, example_en=EXCLUDED.example_en;
INSERT INTO word_pack_members (pack_id, word_id, sort_order, is_free_sample) VALUES ('core-kdrama-001', 'w-kd-005', 4, TRUE) ON CONFLICT (pack_id, word_id) DO UPDATE SET sort_order=EXCLUDED.sort_order, is_free_sample=EXCLUDED.is_free_sample;
INSERT INTO words (word_id, korean, romanization, content_version) VALUES ('w-kd-006', '부모님', 'bu-mo-nim', 1) ON CONFLICT (word_id) DO UPDATE SET korean=EXCLUDED.korean, romanization=EXCLUDED.romanization;
INSERT INTO word_translations (word_id, locale, gloss, gloss_short, example_ko, example_en, content_version) VALUES ('w-kd-006', 'en-US', 'parents', 'parents', '부모님 만나요.', 'I''m meeting my parents.', 1) ON CONFLICT (word_id, locale) DO UPDATE SET gloss=EXCLUDED.gloss, gloss_short=EXCLUDED.gloss_short, example_ko=EXCLUDED.example_ko, example_en=EXCLUDED.example_en;
INSERT INTO word_pack_members (pack_id, word_id, sort_order, is_free_sample) VALUES ('core-kdrama-001', 'w-kd-006', 5, TRUE) ON CONFLICT (pack_id, word_id) DO UPDATE SET sort_order=EXCLUDED.sort_order, is_free_sample=EXCLUDED.is_free_sample;
INSERT INTO words (word_id, korean, romanization, content_version) VALUES ('w-kd-007', '부부', 'bu-bu', 1) ON CONFLICT (word_id) DO UPDATE SET korean=EXCLUDED.korean, romanization=EXCLUDED.romanization;
INSERT INTO word_translations (word_id, locale, gloss, gloss_short, example_ko, example_en, content_version) VALUES ('w-kd-007', 'en-US', 'married couple', 'married couple', '행복한 부부예요.', 'They''re a happy couple.', 1) ON CONFLICT (word_id, locale) DO UPDATE SET gloss=EXCLUDED.gloss, gloss_short=EXCLUDED.gloss_short, example_ko=EXCLUDED.example_ko, example_en=EXCLUDED.example_en;
INSERT INTO word_pack_members (pack_id, word_id, sort_order, is_free_sample) VALUES ('core-kdrama-001', 'w-kd-007', 6, TRUE) ON CONFLICT (pack_id, word_id) DO UPDATE SET sort_order=EXCLUDED.sort_order, is_free_sample=EXCLUDED.is_free_sample;
INSERT INTO words (word_id, korean, romanization, content_version) VALUES ('w-kd-008', '결혼', 'gyeo-ron', 1) ON CONFLICT (word_id) DO UPDATE SET korean=EXCLUDED.korean, romanization=EXCLUDED.romanization;
INSERT INTO word_translations (word_id, locale, gloss, gloss_short, example_ko, example_en, content_version) VALUES ('w-kd-008', 'en-US', 'marriage', 'marriage', '결혼해요.', 'We''re getting married.', 1) ON CONFLICT (word_id, locale) DO UPDATE SET gloss=EXCLUDED.gloss, gloss_short=EXCLUDED.gloss_short, example_ko=EXCLUDED.example_ko, example_en=EXCLUDED.example_en;
INSERT INTO word_pack_members (pack_id, word_id, sort_order, is_free_sample) VALUES ('core-kdrama-001', 'w-kd-008', 7, TRUE) ON CONFLICT (pack_id, word_id) DO UPDATE SET sort_order=EXCLUDED.sort_order, is_free_sample=EXCLUDED.is_free_sample;
INSERT INTO words (word_id, korean, romanization, content_version) VALUES ('w-kd-009', '연인', 'yeo-nin', 1) ON CONFLICT (word_id) DO UPDATE SET korean=EXCLUDED.korean, romanization=EXCLUDED.romanization;
INSERT INTO word_translations (word_id, locale, gloss, gloss_short, example_ko, example_en, content_version) VALUES ('w-kd-009', 'en-US', 'lover / partner', 'lover / partner', '연인 사이예요.', 'They''re dating.', 1) ON CONFLICT (word_id, locale) DO UPDATE SET gloss=EXCLUDED.gloss, gloss_short=EXCLUDED.gloss_short, example_ko=EXCLUDED.example_ko, example_en=EXCLUDED.example_en;
INSERT INTO word_pack_members (pack_id, word_id, sort_order, is_free_sample) VALUES ('core-kdrama-001', 'w-kd-009', 8, TRUE) ON CONFLICT (pack_id, word_id) DO UPDATE SET sort_order=EXCLUDED.sort_order, is_free_sample=EXCLUDED.is_free_sample;
INSERT INTO words (word_id, korean, romanization, content_version) VALUES ('w-kd-010', '남자친구', 'nam-ja-chin-gu', 1) ON CONFLICT (word_id) DO UPDATE SET korean=EXCLUDED.korean, romanization=EXCLUDED.romanization;
INSERT INTO word_translations (word_id, locale, gloss, gloss_short, example_ko, example_en, content_version) VALUES ('w-kd-010', 'en-US', 'boyfriend', 'boyfriend', '남자친구 있어요.', 'I have a boyfriend.', 1) ON CONFLICT (word_id, locale) DO UPDATE SET gloss=EXCLUDED.gloss, gloss_short=EXCLUDED.gloss_short, example_ko=EXCLUDED.example_ko, example_en=EXCLUDED.example_en;
INSERT INTO word_pack_members (pack_id, word_id, sort_order, is_free_sample) VALUES ('core-kdrama-001', 'w-kd-010', 9, TRUE) ON CONFLICT (pack_id, word_id) DO UPDATE SET sort_order=EXCLUDED.sort_order, is_free_sample=EXCLUDED.is_free_sample;
INSERT INTO words (word_id, korean, romanization, content_version) VALUES ('w-kd-011', '여자친구', 'yeo-ja-chin-gu', 1) ON CONFLICT (word_id) DO UPDATE SET korean=EXCLUDED.korean, romanization=EXCLUDED.romanization;
INSERT INTO word_translations (word_id, locale, gloss, gloss_short, example_ko, example_en, content_version) VALUES ('w-kd-011', 'en-US', 'girlfriend', 'girlfriend', '여자친구 만나요.', 'I''m meeting my girlfriend.', 1) ON CONFLICT (word_id, locale) DO UPDATE SET gloss=EXCLUDED.gloss, gloss_short=EXCLUDED.gloss_short, example_ko=EXCLUDED.example_ko, example_en=EXCLUDED.example_en;
INSERT INTO word_pack_members (pack_id, word_id, sort_order, is_free_sample) VALUES ('core-kdrama-001', 'w-kd-011', 10, FALSE) ON CONFLICT (pack_id, word_id) DO UPDATE SET sort_order=EXCLUDED.sort_order, is_free_sample=EXCLUDED.is_free_sample;
INSERT INTO words (word_id, korean, romanization, content_version) VALUES ('w-kd-012', '약속', 'yak-sok', 1) ON CONFLICT (word_id) DO UPDATE SET korean=EXCLUDED.korean, romanization=EXCLUDED.romanization;
INSERT INTO word_translations (word_id, locale, gloss, gloss_short, example_ko, example_en, content_version) VALUES ('w-kd-012', 'en-US', 'promise / plan', 'promise / plan', '약속 있어요.', 'I have plans.', 1) ON CONFLICT (word_id, locale) DO UPDATE SET gloss=EXCLUDED.gloss, gloss_short=EXCLUDED.gloss_short, example_ko=EXCLUDED.example_ko, example_en=EXCLUDED.example_en;
INSERT INTO word_pack_members (pack_id, word_id, sort_order, is_free_sample) VALUES ('core-kdrama-001', 'w-kd-012', 11, FALSE) ON CONFLICT (pack_id, word_id) DO UPDATE SET sort_order=EXCLUDED.sort_order, is_free_sample=EXCLUDED.is_free_sample;
INSERT INTO words (word_id, korean, romanization, content_version) VALUES ('w-kd-013', '사랑해', 'sa-rang-hae', 1) ON CONFLICT (word_id) DO UPDATE SET korean=EXCLUDED.korean, romanization=EXCLUDED.romanization;
INSERT INTO word_translations (word_id, locale, gloss, gloss_short, example_ko, example_en, content_version) VALUES ('w-kd-013', 'en-US', 'I love you (casual)', 'I love you', '사랑해.', 'I love you.', 1) ON CONFLICT (word_id, locale) DO UPDATE SET gloss=EXCLUDED.gloss, gloss_short=EXCLUDED.gloss_short, example_ko=EXCLUDED.example_ko, example_en=EXCLUDED.example_en;
INSERT INTO word_pack_members (pack_id, word_id, sort_order, is_free_sample) VALUES ('core-kdrama-001', 'w-kd-013', 12, FALSE) ON CONFLICT (pack_id, word_id) DO UPDATE SET sort_order=EXCLUDED.sort_order, is_free_sample=EXCLUDED.is_free_sample;
INSERT INTO words (word_id, korean, romanization, content_version) VALUES ('w-kd-014', '미안해', 'mi-an-hae', 1) ON CONFLICT (word_id) DO UPDATE SET korean=EXCLUDED.korean, romanization=EXCLUDED.romanization;
INSERT INTO word_translations (word_id, locale, gloss, gloss_short, example_ko, example_en, content_version) VALUES ('w-kd-014', 'en-US', 'I''m sorry (casual)', 'I''m sorry', '정말 미안해.', 'I''m really sorry.', 1) ON CONFLICT (word_id, locale) DO UPDATE SET gloss=EXCLUDED.gloss, gloss_short=EXCLUDED.gloss_short, example_ko=EXCLUDED.example_ko, example_en=EXCLUDED.example_en;
INSERT INTO word_pack_members (pack_id, word_id, sort_order, is_free_sample) VALUES ('core-kdrama-001', 'w-kd-014', 13, FALSE) ON CONFLICT (pack_id, word_id) DO UPDATE SET sort_order=EXCLUDED.sort_order, is_free_sample=EXCLUDED.is_free_sample;
INSERT INTO words (word_id, korean, romanization, content_version) VALUES ('w-kd-015', '괜찮아', 'gwaen-cha-na', 1) ON CONFLICT (word_id) DO UPDATE SET korean=EXCLUDED.korean, romanization=EXCLUDED.romanization;
INSERT INTO word_translations (word_id, locale, gloss, gloss_short, example_ko, example_en, content_version) VALUES ('w-kd-015', 'en-US', 'it''s okay (casual)', 'it''s okay', '괜찮아.', 'It''s okay.', 1) ON CONFLICT (word_id, locale) DO UPDATE SET gloss=EXCLUDED.gloss, gloss_short=EXCLUDED.gloss_short, example_ko=EXCLUDED.example_ko, example_en=EXCLUDED.example_en;
INSERT INTO word_pack_members (pack_id, word_id, sort_order, is_free_sample) VALUES ('core-kdrama-001', 'w-kd-015', 14, FALSE) ON CONFLICT (pack_id, word_id) DO UPDATE SET sort_order=EXCLUDED.sort_order, is_free_sample=EXCLUDED.is_free_sample;
INSERT INTO words (word_id, korean, romanization, content_version) VALUES ('w-kd-016', '잘 지내', 'jal-ji-nae', 1) ON CONFLICT (word_id) DO UPDATE SET korean=EXCLUDED.korean, romanization=EXCLUDED.romanization;
INSERT INTO word_translations (word_id, locale, gloss, gloss_short, example_ko, example_en, content_version) VALUES ('w-kd-016', 'en-US', 'are you well', 'are you well', '잘 지내?', 'How are you?', 1) ON CONFLICT (word_id, locale) DO UPDATE SET gloss=EXCLUDED.gloss, gloss_short=EXCLUDED.gloss_short, example_ko=EXCLUDED.example_ko, example_en=EXCLUDED.example_en;
INSERT INTO word_pack_members (pack_id, word_id, sort_order, is_free_sample) VALUES ('core-kdrama-001', 'w-kd-016', 15, FALSE) ON CONFLICT (pack_id, word_id) DO UPDATE SET sort_order=EXCLUDED.sort_order, is_free_sample=EXCLUDED.is_free_sample;
INSERT INTO words (word_id, korean, romanization, content_version) VALUES ('w-kd-017', '보고 싶었어', 'bo-go-si-peo-sseo', 1) ON CONFLICT (word_id) DO UPDATE SET korean=EXCLUDED.korean, romanization=EXCLUDED.romanization;
INSERT INTO word_translations (word_id, locale, gloss, gloss_short, example_ko, example_en, content_version) VALUES ('w-kd-017', 'en-US', 'I missed you (casual)', 'I missed you', '정말 보고 싶었어.', 'I really missed you.', 1) ON CONFLICT (word_id, locale) DO UPDATE SET gloss=EXCLUDED.gloss, gloss_short=EXCLUDED.gloss_short, example_ko=EXCLUDED.example_ko, example_en=EXCLUDED.example_en;
INSERT INTO word_pack_members (pack_id, word_id, sort_order, is_free_sample) VALUES ('core-kdrama-001', 'w-kd-017', 16, FALSE) ON CONFLICT (pack_id, word_id) DO UPDATE SET sort_order=EXCLUDED.sort_order, is_free_sample=EXCLUDED.is_free_sample;
INSERT INTO words (word_id, korean, romanization, content_version) VALUES ('w-kd-018', '행복해', 'haeng-bo-kae', 1) ON CONFLICT (word_id) DO UPDATE SET korean=EXCLUDED.korean, romanization=EXCLUDED.romanization;
INSERT INTO word_translations (word_id, locale, gloss, gloss_short, example_ko, example_en, content_version) VALUES ('w-kd-018', 'en-US', 'I''m happy (casual)', 'I''m happy', '지금 행복해.', 'I''m happy now.', 1) ON CONFLICT (word_id, locale) DO UPDATE SET gloss=EXCLUDED.gloss, gloss_short=EXCLUDED.gloss_short, example_ko=EXCLUDED.example_ko, example_en=EXCLUDED.example_en;
INSERT INTO word_pack_members (pack_id, word_id, sort_order, is_free_sample) VALUES ('core-kdrama-001', 'w-kd-018', 17, FALSE) ON CONFLICT (pack_id, word_id) DO UPDATE SET sort_order=EXCLUDED.sort_order, is_free_sample=EXCLUDED.is_free_sample;
INSERT INTO words (word_id, korean, romanization, content_version) VALUES ('w-kd-019', '슬퍼', 'seul-peo', 1) ON CONFLICT (word_id) DO UPDATE SET korean=EXCLUDED.korean, romanization=EXCLUDED.romanization;
INSERT INTO word_translations (word_id, locale, gloss, gloss_short, example_ko, example_en, content_version) VALUES ('w-kd-019', 'en-US', 'I''m sad (casual)', 'I''m sad', '너무 슬퍼.', 'I''m so sad.', 1) ON CONFLICT (word_id, locale) DO UPDATE SET gloss=EXCLUDED.gloss, gloss_short=EXCLUDED.gloss_short, example_ko=EXCLUDED.example_ko, example_en=EXCLUDED.example_en;
INSERT INTO word_pack_members (pack_id, word_id, sort_order, is_free_sample) VALUES ('core-kdrama-001', 'w-kd-019', 18, FALSE) ON CONFLICT (pack_id, word_id) DO UPDATE SET sort_order=EXCLUDED.sort_order, is_free_sample=EXCLUDED.is_free_sample;
INSERT INTO words (word_id, korean, romanization, content_version) VALUES ('w-kd-020', '화났어', 'hwa-na-sseo', 1) ON CONFLICT (word_id) DO UPDATE SET korean=EXCLUDED.korean, romanization=EXCLUDED.romanization;
INSERT INTO word_translations (word_id, locale, gloss, gloss_short, example_ko, example_en, content_version) VALUES ('w-kd-020', 'en-US', 'I''m angry (casual)', 'I''m angry', '왜 화났어?', 'Why are you angry?', 1) ON CONFLICT (word_id, locale) DO UPDATE SET gloss=EXCLUDED.gloss, gloss_short=EXCLUDED.gloss_short, example_ko=EXCLUDED.example_ko, example_en=EXCLUDED.example_en;
INSERT INTO word_pack_members (pack_id, word_id, sort_order, is_free_sample) VALUES ('core-kdrama-001', 'w-kd-020', 19, FALSE) ON CONFLICT (pack_id, word_id) DO UPDATE SET sort_order=EXCLUDED.sort_order, is_free_sample=EXCLUDED.is_free_sample;
INSERT INTO words (word_id, korean, romanization, content_version) VALUES ('w-kd-021', '무서워', 'mu-seo-wo', 1) ON CONFLICT (word_id) DO UPDATE SET korean=EXCLUDED.korean, romanization=EXCLUDED.romanization;
INSERT INTO word_translations (word_id, locale, gloss, gloss_short, example_ko, example_en, content_version) VALUES ('w-kd-021', 'en-US', 'I''m scared (casual)', 'I''m scared', '너무 무서워.', 'I''m so scared.', 1) ON CONFLICT (word_id, locale) DO UPDATE SET gloss=EXCLUDED.gloss, gloss_short=EXCLUDED.gloss_short, example_ko=EXCLUDED.example_ko, example_en=EXCLUDED.example_en;
INSERT INTO word_pack_members (pack_id, word_id, sort_order, is_free_sample) VALUES ('core-kdrama-001', 'w-kd-021', 20, FALSE) ON CONFLICT (pack_id, word_id) DO UPDATE SET sort_order=EXCLUDED.sort_order, is_free_sample=EXCLUDED.is_free_sample;
INSERT INTO words (word_id, korean, romanization, content_version) VALUES ('w-kd-022', '놀랐어', 'nol-la-sseo', 1) ON CONFLICT (word_id) DO UPDATE SET korean=EXCLUDED.korean, romanization=EXCLUDED.romanization;
INSERT INTO word_translations (word_id, locale, gloss, gloss_short, example_ko, example_en, content_version) VALUES ('w-kd-022', 'en-US', 'I was surprised', 'I was surprised', '정말 놀랐어.', 'I was really surprised.', 1) ON CONFLICT (word_id, locale) DO UPDATE SET gloss=EXCLUDED.gloss, gloss_short=EXCLUDED.gloss_short, example_ko=EXCLUDED.example_ko, example_en=EXCLUDED.example_en;
INSERT INTO word_pack_members (pack_id, word_id, sort_order, is_free_sample) VALUES ('core-kdrama-001', 'w-kd-022', 21, FALSE) ON CONFLICT (pack_id, word_id) DO UPDATE SET sort_order=EXCLUDED.sort_order, is_free_sample=EXCLUDED.is_free_sample;
INSERT INTO words (word_id, korean, romanization, content_version) VALUES ('w-kd-023', '기다렸어', 'gi-da-ryeo-sseo', 1) ON CONFLICT (word_id) DO UPDATE SET korean=EXCLUDED.korean, romanization=EXCLUDED.romanization;
INSERT INTO word_translations (word_id, locale, gloss, gloss_short, example_ko, example_en, content_version) VALUES ('w-kd-023', 'en-US', 'I waited', 'I waited', '오래 기다렸어.', 'I waited a long time.', 1) ON CONFLICT (word_id, locale) DO UPDATE SET gloss=EXCLUDED.gloss, gloss_short=EXCLUDED.gloss_short, example_ko=EXCLUDED.example_ko, example_en=EXCLUDED.example_en;
INSERT INTO word_pack_members (pack_id, word_id, sort_order, is_free_sample) VALUES ('core-kdrama-001', 'w-kd-023', 22, FALSE) ON CONFLICT (pack_id, word_id) DO UPDATE SET sort_order=EXCLUDED.sort_order, is_free_sample=EXCLUDED.is_free_sample;
INSERT INTO words (word_id, korean, romanization, content_version) VALUES ('w-kd-024', '잊지 못해', 'it-ji-mo-tae', 1) ON CONFLICT (word_id) DO UPDATE SET korean=EXCLUDED.korean, romanization=EXCLUDED.romanization;
INSERT INTO word_translations (word_id, locale, gloss, gloss_short, example_ko, example_en, content_version) VALUES ('w-kd-024', 'en-US', 'I can''t forget', 'I can''t forget', '너를 잊지 못해.', 'I can''t forget you.', 1) ON CONFLICT (word_id, locale) DO UPDATE SET gloss=EXCLUDED.gloss, gloss_short=EXCLUDED.gloss_short, example_ko=EXCLUDED.example_ko, example_en=EXCLUDED.example_en;
INSERT INTO word_pack_members (pack_id, word_id, sort_order, is_free_sample) VALUES ('core-kdrama-001', 'w-kd-024', 23, FALSE) ON CONFLICT (pack_id, word_id) DO UPDATE SET sort_order=EXCLUDED.sort_order, is_free_sample=EXCLUDED.is_free_sample;
INSERT INTO words (word_id, korean, romanization, content_version) VALUES ('w-kd-025', '의사', 'ui-sa', 1) ON CONFLICT (word_id) DO UPDATE SET korean=EXCLUDED.korean, romanization=EXCLUDED.romanization;
INSERT INTO word_translations (word_id, locale, gloss, gloss_short, example_ko, example_en, content_version) VALUES ('w-kd-025', 'en-US', 'doctor', 'doctor', '의사예요.', 'I''m a doctor.', 1) ON CONFLICT (word_id, locale) DO UPDATE SET gloss=EXCLUDED.gloss, gloss_short=EXCLUDED.gloss_short, example_ko=EXCLUDED.example_ko, example_en=EXCLUDED.example_en;
INSERT INTO word_pack_members (pack_id, word_id, sort_order, is_free_sample) VALUES ('core-kdrama-001', 'w-kd-025', 24, FALSE) ON CONFLICT (pack_id, word_id) DO UPDATE SET sort_order=EXCLUDED.sort_order, is_free_sample=EXCLUDED.is_free_sample;
INSERT INTO words (word_id, korean, romanization, content_version) VALUES ('w-kd-026', '변호사', 'byeon-ho-sa', 1) ON CONFLICT (word_id) DO UPDATE SET korean=EXCLUDED.korean, romanization=EXCLUDED.romanization;
INSERT INTO word_translations (word_id, locale, gloss, gloss_short, example_ko, example_en, content_version) VALUES ('w-kd-026', 'en-US', 'lawyer', 'lawyer', '변호사 만나요.', 'I''m meeting a lawyer.', 1) ON CONFLICT (word_id, locale) DO UPDATE SET gloss=EXCLUDED.gloss, gloss_short=EXCLUDED.gloss_short, example_ko=EXCLUDED.example_ko, example_en=EXCLUDED.example_en;
INSERT INTO word_pack_members (pack_id, word_id, sort_order, is_free_sample) VALUES ('core-kdrama-001', 'w-kd-026', 25, FALSE) ON CONFLICT (pack_id, word_id) DO UPDATE SET sort_order=EXCLUDED.sort_order, is_free_sample=EXCLUDED.is_free_sample;
INSERT INTO words (word_id, korean, romanization, content_version) VALUES ('w-kd-027', '회장', 'hoe-jang', 1) ON CONFLICT (word_id) DO UPDATE SET korean=EXCLUDED.korean, romanization=EXCLUDED.romanization;
INSERT INTO word_translations (word_id, locale, gloss, gloss_short, example_ko, example_en, content_version) VALUES ('w-kd-027', 'en-US', 'chairman', 'chairman', '회장님이 와요.', 'The chairman is coming.', 1) ON CONFLICT (word_id, locale) DO UPDATE SET gloss=EXCLUDED.gloss, gloss_short=EXCLUDED.gloss_short, example_ko=EXCLUDED.example_ko, example_en=EXCLUDED.example_en;
INSERT INTO word_pack_members (pack_id, word_id, sort_order, is_free_sample) VALUES ('core-kdrama-001', 'w-kd-027', 26, FALSE) ON CONFLICT (pack_id, word_id) DO UPDATE SET sort_order=EXCLUDED.sort_order, is_free_sample=EXCLUDED.is_free_sample;
INSERT INTO words (word_id, korean, romanization, content_version) VALUES ('w-kd-028', '대표', 'dae-pyo', 1) ON CONFLICT (word_id) DO UPDATE SET korean=EXCLUDED.korean, romanization=EXCLUDED.romanization;
INSERT INTO word_translations (word_id, locale, gloss, gloss_short, example_ko, example_en, content_version) VALUES ('w-kd-028', 'en-US', 'CEO / representative', 'CEO / representative', '대표님이세요.', 'You''re the CEO.', 1) ON CONFLICT (word_id, locale) DO UPDATE SET gloss=EXCLUDED.gloss, gloss_short=EXCLUDED.gloss_short, example_ko=EXCLUDED.example_ko, example_en=EXCLUDED.example_en;
INSERT INTO word_pack_members (pack_id, word_id, sort_order, is_free_sample) VALUES ('core-kdrama-001', 'w-kd-028', 27, FALSE) ON CONFLICT (pack_id, word_id) DO UPDATE SET sort_order=EXCLUDED.sort_order, is_free_sample=EXCLUDED.is_free_sample;
INSERT INTO words (word_id, korean, romanization, content_version) VALUES ('w-kd-029', '사장', 'sa-jang', 1) ON CONFLICT (word_id) DO UPDATE SET korean=EXCLUDED.korean, romanization=EXCLUDED.romanization;
INSERT INTO word_translations (word_id, locale, gloss, gloss_short, example_ko, example_en, content_version) VALUES ('w-kd-029', 'en-US', 'boss / president', 'boss / president', '사장님 어디 계세요?', 'Where is the boss?', 1) ON CONFLICT (word_id, locale) DO UPDATE SET gloss=EXCLUDED.gloss, gloss_short=EXCLUDED.gloss_short, example_ko=EXCLUDED.example_ko, example_en=EXCLUDED.example_en;
INSERT INTO word_pack_members (pack_id, word_id, sort_order, is_free_sample) VALUES ('core-kdrama-001', 'w-kd-029', 28, FALSE) ON CONFLICT (pack_id, word_id) DO UPDATE SET sort_order=EXCLUDED.sort_order, is_free_sample=EXCLUDED.is_free_sample;
INSERT INTO words (word_id, korean, romanization, content_version) VALUES ('w-kd-030', '비서', 'bi-seo', 1) ON CONFLICT (word_id) DO UPDATE SET korean=EXCLUDED.korean, romanization=EXCLUDED.romanization;
INSERT INTO word_translations (word_id, locale, gloss, gloss_short, example_ko, example_en, content_version) VALUES ('w-kd-030', 'en-US', 'secretary', 'secretary', '비서 있어요.', 'I have a secretary.', 1) ON CONFLICT (word_id, locale) DO UPDATE SET gloss=EXCLUDED.gloss, gloss_short=EXCLUDED.gloss_short, example_ko=EXCLUDED.example_ko, example_en=EXCLUDED.example_en;
INSERT INTO word_pack_members (pack_id, word_id, sort_order, is_free_sample) VALUES ('core-kdrama-001', 'w-kd-030', 29, FALSE) ON CONFLICT (pack_id, word_id) DO UPDATE SET sort_order=EXCLUDED.sort_order, is_free_sample=EXCLUDED.is_free_sample;
INSERT INTO words (word_id, korean, romanization, content_version) VALUES ('w-kd-031', '형사', 'hyeong-sa', 1) ON CONFLICT (word_id) DO UPDATE SET korean=EXCLUDED.korean, romanization=EXCLUDED.romanization;
INSERT INTO word_translations (word_id, locale, gloss, gloss_short, example_ko, example_en, content_version) VALUES ('w-kd-031', 'en-US', 'detective', 'detective', '형사예요.', 'I''m a detective.', 1) ON CONFLICT (word_id, locale) DO UPDATE SET gloss=EXCLUDED.gloss, gloss_short=EXCLUDED.gloss_short, example_ko=EXCLUDED.example_ko, example_en=EXCLUDED.example_en;
INSERT INTO word_pack_members (pack_id, word_id, sort_order, is_free_sample) VALUES ('core-kdrama-001', 'w-kd-031', 30, FALSE) ON CONFLICT (pack_id, word_id) DO UPDATE SET sort_order=EXCLUDED.sort_order, is_free_sample=EXCLUDED.is_free_sample;
INSERT INTO words (word_id, korean, romanization, content_version) VALUES ('w-kd-032', '검사', 'geom-sa', 1) ON CONFLICT (word_id) DO UPDATE SET korean=EXCLUDED.korean, romanization=EXCLUDED.romanization;
INSERT INTO word_translations (word_id, locale, gloss, gloss_short, example_ko, example_en, content_version) VALUES ('w-kd-032', 'en-US', 'prosecutor', 'prosecutor', '검사 만나요.', 'I''m meeting a prosecutor.', 1) ON CONFLICT (word_id, locale) DO UPDATE SET gloss=EXCLUDED.gloss, gloss_short=EXCLUDED.gloss_short, example_ko=EXCLUDED.example_ko, example_en=EXCLUDED.example_en;
INSERT INTO word_pack_members (pack_id, word_id, sort_order, is_free_sample) VALUES ('core-kdrama-001', 'w-kd-032', 31, FALSE) ON CONFLICT (pack_id, word_id) DO UPDATE SET sort_order=EXCLUDED.sort_order, is_free_sample=EXCLUDED.is_free_sample;
INSERT INTO words (word_id, korean, romanization, content_version) VALUES ('w-kd-033', '기자', 'gi-ja', 1) ON CONFLICT (word_id) DO UPDATE SET korean=EXCLUDED.korean, romanization=EXCLUDED.romanization;
INSERT INTO word_translations (word_id, locale, gloss, gloss_short, example_ko, example_en, content_version) VALUES ('w-kd-033', 'en-US', 'reporter', 'reporter', '기자가 왔어요.', 'A reporter came.', 1) ON CONFLICT (word_id, locale) DO UPDATE SET gloss=EXCLUDED.gloss, gloss_short=EXCLUDED.gloss_short, example_ko=EXCLUDED.example_ko, example_en=EXCLUDED.example_en;
INSERT INTO word_pack_members (pack_id, word_id, sort_order, is_free_sample) VALUES ('core-kdrama-001', 'w-kd-033', 32, FALSE) ON CONFLICT (pack_id, word_id) DO UPDATE SET sort_order=EXCLUDED.sort_order, is_free_sample=EXCLUDED.is_free_sample;
INSERT INTO words (word_id, korean, romanization, content_version) VALUES ('w-kd-034', '학생', 'hak-saeng', 1) ON CONFLICT (word_id) DO UPDATE SET korean=EXCLUDED.korean, romanization=EXCLUDED.romanization;
INSERT INTO word_translations (word_id, locale, gloss, gloss_short, example_ko, example_en, content_version) VALUES ('w-kd-034', 'en-US', 'student', 'student', '저는 학생이에요.', 'I''m a student.', 1) ON CONFLICT (word_id, locale) DO UPDATE SET gloss=EXCLUDED.gloss, gloss_short=EXCLUDED.gloss_short, example_ko=EXCLUDED.example_ko, example_en=EXCLUDED.example_en;
INSERT INTO word_pack_members (pack_id, word_id, sort_order, is_free_sample) VALUES ('core-kdrama-001', 'w-kd-034', 33, FALSE) ON CONFLICT (pack_id, word_id) DO UPDATE SET sort_order=EXCLUDED.sort_order, is_free_sample=EXCLUDED.is_free_sample;
INSERT INTO words (word_id, korean, romanization, content_version) VALUES ('w-kd-035', '라면', 'ra-myeon', 1) ON CONFLICT (word_id) DO UPDATE SET korean=EXCLUDED.korean, romanization=EXCLUDED.romanization;
INSERT INTO word_translations (word_id, locale, gloss, gloss_short, example_ko, example_en, content_version) VALUES ('w-kd-035', 'en-US', 'ramen', 'ramen', '라면 먹을래요?', 'Want some ramen?', 1) ON CONFLICT (word_id, locale) DO UPDATE SET gloss=EXCLUDED.gloss, gloss_short=EXCLUDED.gloss_short, example_ko=EXCLUDED.example_ko, example_en=EXCLUDED.example_en;
INSERT INTO word_pack_members (pack_id, word_id, sort_order, is_free_sample) VALUES ('core-kdrama-001', 'w-kd-035', 34, FALSE) ON CONFLICT (pack_id, word_id) DO UPDATE SET sort_order=EXCLUDED.sort_order, is_free_sample=EXCLUDED.is_free_sample;
INSERT INTO words (word_id, korean, romanization, content_version) VALUES ('w-kd-036', '김치', 'gim-chi', 1) ON CONFLICT (word_id) DO UPDATE SET korean=EXCLUDED.korean, romanization=EXCLUDED.romanization;
INSERT INTO word_translations (word_id, locale, gloss, gloss_short, example_ko, example_en, content_version) VALUES ('w-kd-036', 'en-US', 'kimchi', 'kimchi', '김치 좋아해요.', 'I like kimchi.', 1) ON CONFLICT (word_id, locale) DO UPDATE SET gloss=EXCLUDED.gloss, gloss_short=EXCLUDED.gloss_short, example_ko=EXCLUDED.example_ko, example_en=EXCLUDED.example_en;
INSERT INTO word_pack_members (pack_id, word_id, sort_order, is_free_sample) VALUES ('core-kdrama-001', 'w-kd-036', 35, FALSE) ON CONFLICT (pack_id, word_id) DO UPDATE SET sort_order=EXCLUDED.sort_order, is_free_sample=EXCLUDED.is_free_sample;
INSERT INTO words (word_id, korean, romanization, content_version) VALUES ('w-kd-037', '떡볶이', 'tteok-bo-kki', 1) ON CONFLICT (word_id) DO UPDATE SET korean=EXCLUDED.korean, romanization=EXCLUDED.romanization;
INSERT INTO word_translations (word_id, locale, gloss, gloss_short, example_ko, example_en, content_version) VALUES ('w-kd-037', 'en-US', 'tteokbokki', 'tteokbokki', '떡볶이 시켜요.', 'Let''s order tteokbokki.', 1) ON CONFLICT (word_id, locale) DO UPDATE SET gloss=EXCLUDED.gloss, gloss_short=EXCLUDED.gloss_short, example_ko=EXCLUDED.example_ko, example_en=EXCLUDED.example_en;
INSERT INTO word_pack_members (pack_id, word_id, sort_order, is_free_sample) VALUES ('core-kdrama-001', 'w-kd-037', 36, FALSE) ON CONFLICT (pack_id, word_id) DO UPDATE SET sort_order=EXCLUDED.sort_order, is_free_sample=EXCLUDED.is_free_sample;
INSERT INTO words (word_id, korean, romanization, content_version) VALUES ('w-kd-038', '치킨', 'chi-kin', 1) ON CONFLICT (word_id) DO UPDATE SET korean=EXCLUDED.korean, romanization=EXCLUDED.romanization;
INSERT INTO word_translations (word_id, locale, gloss, gloss_short, example_ko, example_en, content_version) VALUES ('w-kd-038', 'en-US', 'fried chicken', 'fried chicken', '치킨 먹을까요?', 'Shall we have chicken?', 1) ON CONFLICT (word_id, locale) DO UPDATE SET gloss=EXCLUDED.gloss, gloss_short=EXCLUDED.gloss_short, example_ko=EXCLUDED.example_ko, example_en=EXCLUDED.example_en;
INSERT INTO word_pack_members (pack_id, word_id, sort_order, is_free_sample) VALUES ('core-kdrama-001', 'w-kd-038', 37, FALSE) ON CONFLICT (pack_id, word_id) DO UPDATE SET sort_order=EXCLUDED.sort_order, is_free_sample=EXCLUDED.is_free_sample;
INSERT INTO words (word_id, korean, romanization, content_version) VALUES ('w-kd-039', '소주', 'so-ju', 1) ON CONFLICT (word_id) DO UPDATE SET korean=EXCLUDED.korean, romanization=EXCLUDED.romanization;
INSERT INTO word_translations (word_id, locale, gloss, gloss_short, example_ko, example_en, content_version) VALUES ('w-kd-039', 'en-US', 'soju', 'soju', '소주 한 잔 해요.', 'Let''s have a soju.', 1) ON CONFLICT (word_id, locale) DO UPDATE SET gloss=EXCLUDED.gloss, gloss_short=EXCLUDED.gloss_short, example_ko=EXCLUDED.example_ko, example_en=EXCLUDED.example_en;
INSERT INTO word_pack_members (pack_id, word_id, sort_order, is_free_sample) VALUES ('core-kdrama-001', 'w-kd-039', 38, FALSE) ON CONFLICT (pack_id, word_id) DO UPDATE SET sort_order=EXCLUDED.sort_order, is_free_sample=EXCLUDED.is_free_sample;
INSERT INTO words (word_id, korean, romanization, content_version) VALUES ('w-kd-040', '회식', 'hoe-sik', 1) ON CONFLICT (word_id) DO UPDATE SET korean=EXCLUDED.korean, romanization=EXCLUDED.romanization;
INSERT INTO word_translations (word_id, locale, gloss, gloss_short, example_ko, example_en, content_version) VALUES ('w-kd-040', 'en-US', 'company dinner', 'company dinner', '오늘 회식이에요.', 'We have a company dinner.', 1) ON CONFLICT (word_id, locale) DO UPDATE SET gloss=EXCLUDED.gloss, gloss_short=EXCLUDED.gloss_short, example_ko=EXCLUDED.example_ko, example_en=EXCLUDED.example_en;
INSERT INTO word_pack_members (pack_id, word_id, sort_order, is_free_sample) VALUES ('core-kdrama-001', 'w-kd-040', 39, FALSE) ON CONFLICT (pack_id, word_id) DO UPDATE SET sort_order=EXCLUDED.sort_order, is_free_sample=EXCLUDED.is_free_sample;
INSERT INTO words (word_id, korean, romanization, content_version) VALUES ('w-kd-041', '배달', 'bae-dal', 1) ON CONFLICT (word_id) DO UPDATE SET korean=EXCLUDED.korean, romanization=EXCLUDED.romanization;
INSERT INTO word_translations (word_id, locale, gloss, gloss_short, example_ko, example_en, content_version) VALUES ('w-kd-041', 'en-US', 'delivery', 'delivery', '배달 시켜요.', 'Let''s order delivery.', 1) ON CONFLICT (word_id, locale) DO UPDATE SET gloss=EXCLUDED.gloss, gloss_short=EXCLUDED.gloss_short, example_ko=EXCLUDED.example_ko, example_en=EXCLUDED.example_en;
INSERT INTO word_pack_members (pack_id, word_id, sort_order, is_free_sample) VALUES ('core-kdrama-001', 'w-kd-041', 40, FALSE) ON CONFLICT (pack_id, word_id) DO UPDATE SET sort_order=EXCLUDED.sort_order, is_free_sample=EXCLUDED.is_free_sample;
INSERT INTO words (word_id, korean, romanization, content_version) VALUES ('w-kd-042', '식사', 'sik-sa', 1) ON CONFLICT (word_id) DO UPDATE SET korean=EXCLUDED.korean, romanization=EXCLUDED.romanization;
INSERT INTO word_translations (word_id, locale, gloss, gloss_short, example_ko, example_en, content_version) VALUES ('w-kd-042', 'en-US', 'meal', 'meal', '식사하셨어요?', 'Have you eaten?', 1) ON CONFLICT (word_id, locale) DO UPDATE SET gloss=EXCLUDED.gloss, gloss_short=EXCLUDED.gloss_short, example_ko=EXCLUDED.example_ko, example_en=EXCLUDED.example_en;
INSERT INTO word_pack_members (pack_id, word_id, sort_order, is_free_sample) VALUES ('core-kdrama-001', 'w-kd-042', 41, FALSE) ON CONFLICT (pack_id, word_id) DO UPDATE SET sort_order=EXCLUDED.sort_order, is_free_sample=EXCLUDED.is_free_sample;
INSERT INTO words (word_id, korean, romanization, content_version) VALUES ('w-kd-043', '회사', 'hoe-sa', 1) ON CONFLICT (word_id) DO UPDATE SET korean=EXCLUDED.korean, romanization=EXCLUDED.romanization;
INSERT INTO word_translations (word_id, locale, gloss, gloss_short, example_ko, example_en, content_version) VALUES ('w-kd-043', 'en-US', 'company', 'company', '회사 가요.', 'I''m going to work.', 1) ON CONFLICT (word_id, locale) DO UPDATE SET gloss=EXCLUDED.gloss, gloss_short=EXCLUDED.gloss_short, example_ko=EXCLUDED.example_ko, example_en=EXCLUDED.example_en;
INSERT INTO word_pack_members (pack_id, word_id, sort_order, is_free_sample) VALUES ('core-kdrama-001', 'w-kd-043', 42, FALSE) ON CONFLICT (pack_id, word_id) DO UPDATE SET sort_order=EXCLUDED.sort_order, is_free_sample=EXCLUDED.is_free_sample;
INSERT INTO words (word_id, korean, romanization, content_version) VALUES ('w-kd-044', '학교', 'hak-gyo', 1) ON CONFLICT (word_id) DO UPDATE SET korean=EXCLUDED.korean, romanization=EXCLUDED.romanization;
INSERT INTO word_translations (word_id, locale, gloss, gloss_short, example_ko, example_en, content_version) VALUES ('w-kd-044', 'en-US', 'school', 'school', '학교 끝났어요.', 'School is over.', 1) ON CONFLICT (word_id, locale) DO UPDATE SET gloss=EXCLUDED.gloss, gloss_short=EXCLUDED.gloss_short, example_ko=EXCLUDED.example_ko, example_en=EXCLUDED.example_en;
INSERT INTO word_pack_members (pack_id, word_id, sort_order, is_free_sample) VALUES ('core-kdrama-001', 'w-kd-044', 43, FALSE) ON CONFLICT (pack_id, word_id) DO UPDATE SET sort_order=EXCLUDED.sort_order, is_free_sample=EXCLUDED.is_free_sample;
INSERT INTO words (word_id, korean, romanization, content_version) VALUES ('w-kd-045', '병원', 'byeong-won', 1) ON CONFLICT (word_id) DO UPDATE SET korean=EXCLUDED.korean, romanization=EXCLUDED.romanization;
INSERT INTO word_translations (word_id, locale, gloss, gloss_short, example_ko, example_en, content_version) VALUES ('w-kd-045', 'en-US', 'hospital', 'hospital', '병원 가요.', 'I''m going to the hospital.', 1) ON CONFLICT (word_id, locale) DO UPDATE SET gloss=EXCLUDED.gloss, gloss_short=EXCLUDED.gloss_short, example_ko=EXCLUDED.example_ko, example_en=EXCLUDED.example_en;
INSERT INTO word_pack_members (pack_id, word_id, sort_order, is_free_sample) VALUES ('core-kdrama-001', 'w-kd-045', 44, FALSE) ON CONFLICT (pack_id, word_id) DO UPDATE SET sort_order=EXCLUDED.sort_order, is_free_sample=EXCLUDED.is_free_sample;
INSERT INTO words (word_id, korean, romanization, content_version) VALUES ('w-kd-046', '카페', 'ka-pe', 1) ON CONFLICT (word_id) DO UPDATE SET korean=EXCLUDED.korean, romanization=EXCLUDED.romanization;
INSERT INTO word_translations (word_id, locale, gloss, gloss_short, example_ko, example_en, content_version) VALUES ('w-kd-046', 'en-US', 'café', 'café', '카페에서 만나요.', 'Let''s meet at a café.', 1) ON CONFLICT (word_id, locale) DO UPDATE SET gloss=EXCLUDED.gloss, gloss_short=EXCLUDED.gloss_short, example_ko=EXCLUDED.example_ko, example_en=EXCLUDED.example_en;
INSERT INTO word_pack_members (pack_id, word_id, sort_order, is_free_sample) VALUES ('core-kdrama-001', 'w-kd-046', 45, FALSE) ON CONFLICT (pack_id, word_id) DO UPDATE SET sort_order=EXCLUDED.sort_order, is_free_sample=EXCLUDED.is_free_sample;
INSERT INTO words (word_id, korean, romanization, content_version) VALUES ('w-kd-047', '집', 'jip', 1) ON CONFLICT (word_id) DO UPDATE SET korean=EXCLUDED.korean, romanization=EXCLUDED.romanization;
INSERT INTO word_translations (word_id, locale, gloss, gloss_short, example_ko, example_en, content_version) VALUES ('w-kd-047', 'en-US', 'home / house', 'home / house', '집에 가요.', 'I''m going home.', 1) ON CONFLICT (word_id, locale) DO UPDATE SET gloss=EXCLUDED.gloss, gloss_short=EXCLUDED.gloss_short, example_ko=EXCLUDED.example_ko, example_en=EXCLUDED.example_en;
INSERT INTO word_pack_members (pack_id, word_id, sort_order, is_free_sample) VALUES ('core-kdrama-001', 'w-kd-047', 46, FALSE) ON CONFLICT (pack_id, word_id) DO UPDATE SET sort_order=EXCLUDED.sort_order, is_free_sample=EXCLUDED.is_free_sample;
INSERT INTO words (word_id, korean, romanization, content_version) VALUES ('w-kd-048', '방', 'bang', 1) ON CONFLICT (word_id) DO UPDATE SET korean=EXCLUDED.korean, romanization=EXCLUDED.romanization;
INSERT INTO word_translations (word_id, locale, gloss, gloss_short, example_ko, example_en, content_version) VALUES ('w-kd-048', 'en-US', 'room', 'room', '제 방이에요.', 'It''s my room.', 1) ON CONFLICT (word_id, locale) DO UPDATE SET gloss=EXCLUDED.gloss, gloss_short=EXCLUDED.gloss_short, example_ko=EXCLUDED.example_ko, example_en=EXCLUDED.example_en;
INSERT INTO word_pack_members (pack_id, word_id, sort_order, is_free_sample) VALUES ('core-kdrama-001', 'w-kd-048', 47, FALSE) ON CONFLICT (pack_id, word_id) DO UPDATE SET sort_order=EXCLUDED.sort_order, is_free_sample=EXCLUDED.is_free_sample;
INSERT INTO words (word_id, korean, romanization, content_version) VALUES ('w-kd-049', '거실', 'geo-sil', 1) ON CONFLICT (word_id) DO UPDATE SET korean=EXCLUDED.korean, romanization=EXCLUDED.romanization;
INSERT INTO word_translations (word_id, locale, gloss, gloss_short, example_ko, example_en, content_version) VALUES ('w-kd-049', 'en-US', 'living room', 'living room', '거실에 있어요.', 'I''m in the living room.', 1) ON CONFLICT (word_id, locale) DO UPDATE SET gloss=EXCLUDED.gloss, gloss_short=EXCLUDED.gloss_short, example_ko=EXCLUDED.example_ko, example_en=EXCLUDED.example_en;
INSERT INTO word_pack_members (pack_id, word_id, sort_order, is_free_sample) VALUES ('core-kdrama-001', 'w-kd-049', 48, FALSE) ON CONFLICT (pack_id, word_id) DO UPDATE SET sort_order=EXCLUDED.sort_order, is_free_sample=EXCLUDED.is_free_sample;
INSERT INTO words (word_id, korean, romanization, content_version) VALUES ('w-kd-050', '사무실', 'sa-mu-sil', 1) ON CONFLICT (word_id) DO UPDATE SET korean=EXCLUDED.korean, romanization=EXCLUDED.romanization;
INSERT INTO word_translations (word_id, locale, gloss, gloss_short, example_ko, example_en, content_version) VALUES ('w-kd-050', 'en-US', 'office', 'office', '사무실로 와 주세요.', 'Please come to the office.', 1) ON CONFLICT (word_id, locale) DO UPDATE SET gloss=EXCLUDED.gloss, gloss_short=EXCLUDED.gloss_short, example_ko=EXCLUDED.example_ko, example_en=EXCLUDED.example_en;
INSERT INTO word_pack_members (pack_id, word_id, sort_order, is_free_sample) VALUES ('core-kdrama-001', 'w-kd-050', 49, FALSE) ON CONFLICT (pack_id, word_id) DO UPDATE SET sort_order=EXCLUDED.sort_order, is_free_sample=EXCLUDED.is_free_sample;
INSERT INTO words (word_id, korean, romanization, content_version) VALUES ('w-kd-051', '재벌', 'jae-beol', 1) ON CONFLICT (word_id) DO UPDATE SET korean=EXCLUDED.korean, romanization=EXCLUDED.romanization;
INSERT INTO word_translations (word_id, locale, gloss, gloss_short, example_ko, example_en, content_version) VALUES ('w-kd-051', 'en-US', 'chaebol / conglomerate heir', 'chaebol / conglomerate heir', '재벌 3세예요.', 'He''s a 3rd-gen chaebol.', 1) ON CONFLICT (word_id, locale) DO UPDATE SET gloss=EXCLUDED.gloss, gloss_short=EXCLUDED.gloss_short, example_ko=EXCLUDED.example_ko, example_en=EXCLUDED.example_en;
INSERT INTO word_pack_members (pack_id, word_id, sort_order, is_free_sample) VALUES ('core-kdrama-001', 'w-kd-051', 50, FALSE) ON CONFLICT (pack_id, word_id) DO UPDATE SET sort_order=EXCLUDED.sort_order, is_free_sample=EXCLUDED.is_free_sample;
INSERT INTO words (word_id, korean, romanization, content_version) VALUES ('w-kd-052', '운명', 'un-myeong', 1) ON CONFLICT (word_id) DO UPDATE SET korean=EXCLUDED.korean, romanization=EXCLUDED.romanization;
INSERT INTO word_translations (word_id, locale, gloss, gloss_short, example_ko, example_en, content_version) VALUES ('w-kd-052', 'en-US', 'destiny', 'destiny', '이건 운명이에요.', 'This is destiny.', 1) ON CONFLICT (word_id, locale) DO UPDATE SET gloss=EXCLUDED.gloss, gloss_short=EXCLUDED.gloss_short, example_ko=EXCLUDED.example_ko, example_en=EXCLUDED.example_en;
INSERT INTO word_pack_members (pack_id, word_id, sort_order, is_free_sample) VALUES ('core-kdrama-001', 'w-kd-052', 51, FALSE) ON CONFLICT (pack_id, word_id) DO UPDATE SET sort_order=EXCLUDED.sort_order, is_free_sample=EXCLUDED.is_free_sample;
INSERT INTO words (word_id, korean, romanization, content_version) VALUES ('w-kd-053', '비밀', 'bi-mil', 1) ON CONFLICT (word_id) DO UPDATE SET korean=EXCLUDED.korean, romanization=EXCLUDED.romanization;
INSERT INTO word_translations (word_id, locale, gloss, gloss_short, example_ko, example_en, content_version) VALUES ('w-kd-053', 'en-US', 'secret', 'secret', '비밀이에요.', 'It''s a secret.', 1) ON CONFLICT (word_id, locale) DO UPDATE SET gloss=EXCLUDED.gloss, gloss_short=EXCLUDED.gloss_short, example_ko=EXCLUDED.example_ko, example_en=EXCLUDED.example_en;
INSERT INTO word_pack_members (pack_id, word_id, sort_order, is_free_sample) VALUES ('core-kdrama-001', 'w-kd-053', 52, FALSE) ON CONFLICT (pack_id, word_id) DO UPDATE SET sort_order=EXCLUDED.sort_order, is_free_sample=EXCLUDED.is_free_sample;
INSERT INTO words (word_id, korean, romanization, content_version) VALUES ('w-kd-054', '진실', 'jin-sil', 1) ON CONFLICT (word_id) DO UPDATE SET korean=EXCLUDED.korean, romanization=EXCLUDED.romanization;
INSERT INTO word_translations (word_id, locale, gloss, gloss_short, example_ko, example_en, content_version) VALUES ('w-kd-054', 'en-US', 'truth', 'truth', '진실을 말해 주세요.', 'Please tell the truth.', 1) ON CONFLICT (word_id, locale) DO UPDATE SET gloss=EXCLUDED.gloss, gloss_short=EXCLUDED.gloss_short, example_ko=EXCLUDED.example_ko, example_en=EXCLUDED.example_en;
INSERT INTO word_pack_members (pack_id, word_id, sort_order, is_free_sample) VALUES ('core-kdrama-001', 'w-kd-054', 53, FALSE) ON CONFLICT (pack_id, word_id) DO UPDATE SET sort_order=EXCLUDED.sort_order, is_free_sample=EXCLUDED.is_free_sample;
INSERT INTO words (word_id, korean, romanization, content_version) VALUES ('w-kd-055', '거짓말', 'geo-jin-mal', 1) ON CONFLICT (word_id) DO UPDATE SET korean=EXCLUDED.korean, romanization=EXCLUDED.romanization;
INSERT INTO word_translations (word_id, locale, gloss, gloss_short, example_ko, example_en, content_version) VALUES ('w-kd-055', 'en-US', 'lie', 'lie', '거짓말하지 마.', 'Don''t lie.', 1) ON CONFLICT (word_id, locale) DO UPDATE SET gloss=EXCLUDED.gloss, gloss_short=EXCLUDED.gloss_short, example_ko=EXCLUDED.example_ko, example_en=EXCLUDED.example_en;
INSERT INTO word_pack_members (pack_id, word_id, sort_order, is_free_sample) VALUES ('core-kdrama-001', 'w-kd-055', 54, FALSE) ON CONFLICT (pack_id, word_id) DO UPDATE SET sort_order=EXCLUDED.sort_order, is_free_sample=EXCLUDED.is_free_sample;
INSERT INTO words (word_id, korean, romanization, content_version) VALUES ('w-kd-056', '후회', 'hu-hoe', 1) ON CONFLICT (word_id) DO UPDATE SET korean=EXCLUDED.korean, romanization=EXCLUDED.romanization;
INSERT INTO word_translations (word_id, locale, gloss, gloss_short, example_ko, example_en, content_version) VALUES ('w-kd-056', 'en-US', 'regret', 'regret', '후회해요.', 'I regret it.', 1) ON CONFLICT (word_id, locale) DO UPDATE SET gloss=EXCLUDED.gloss, gloss_short=EXCLUDED.gloss_short, example_ko=EXCLUDED.example_ko, example_en=EXCLUDED.example_en;
INSERT INTO word_pack_members (pack_id, word_id, sort_order, is_free_sample) VALUES ('core-kdrama-001', 'w-kd-056', 55, FALSE) ON CONFLICT (pack_id, word_id) DO UPDATE SET sort_order=EXCLUDED.sort_order, is_free_sample=EXCLUDED.is_free_sample;
INSERT INTO words (word_id, korean, romanization, content_version) VALUES ('w-kd-057', '용서', 'yong-seo', 1) ON CONFLICT (word_id) DO UPDATE SET korean=EXCLUDED.korean, romanization=EXCLUDED.romanization;
INSERT INTO word_translations (word_id, locale, gloss, gloss_short, example_ko, example_en, content_version) VALUES ('w-kd-057', 'en-US', 'forgiveness', 'forgiveness', '용서해 주세요.', 'Please forgive me.', 1) ON CONFLICT (word_id, locale) DO UPDATE SET gloss=EXCLUDED.gloss, gloss_short=EXCLUDED.gloss_short, example_ko=EXCLUDED.example_ko, example_en=EXCLUDED.example_en;
INSERT INTO word_pack_members (pack_id, word_id, sort_order, is_free_sample) VALUES ('core-kdrama-001', 'w-kd-057', 56, FALSE) ON CONFLICT (pack_id, word_id) DO UPDATE SET sort_order=EXCLUDED.sort_order, is_free_sample=EXCLUDED.is_free_sample;
INSERT INTO words (word_id, korean, romanization, content_version) VALUES ('w-kd-058', '만남', 'man-nam', 1) ON CONFLICT (word_id) DO UPDATE SET korean=EXCLUDED.korean, romanization=EXCLUDED.romanization;
INSERT INTO word_translations (word_id, locale, gloss, gloss_short, example_ko, example_en, content_version) VALUES ('w-kd-058', 'en-US', 'meeting / encounter', 'meeting / encounter', '운명의 만남이에요.', 'It''s a fated meeting.', 1) ON CONFLICT (word_id, locale) DO UPDATE SET gloss=EXCLUDED.gloss, gloss_short=EXCLUDED.gloss_short, example_ko=EXCLUDED.example_ko, example_en=EXCLUDED.example_en;
INSERT INTO word_pack_members (pack_id, word_id, sort_order, is_free_sample) VALUES ('core-kdrama-001', 'w-kd-058', 57, FALSE) ON CONFLICT (pack_id, word_id) DO UPDATE SET sort_order=EXCLUDED.sort_order, is_free_sample=EXCLUDED.is_free_sample;
INSERT INTO words (word_id, korean, romanization, content_version) VALUES ('w-kd-059', '헤어짐', 'he-eo-jim', 1) ON CONFLICT (word_id) DO UPDATE SET korean=EXCLUDED.korean, romanization=EXCLUDED.romanization;
INSERT INTO word_translations (word_id, locale, gloss, gloss_short, example_ko, example_en, content_version) VALUES ('w-kd-059', 'en-US', 'parting / breakup', 'parting / breakup', '헤어짐이 슬퍼요.', 'The breakup is sad.', 1) ON CONFLICT (word_id, locale) DO UPDATE SET gloss=EXCLUDED.gloss, gloss_short=EXCLUDED.gloss_short, example_ko=EXCLUDED.example_ko, example_en=EXCLUDED.example_en;
INSERT INTO word_pack_members (pack_id, word_id, sort_order, is_free_sample) VALUES ('core-kdrama-001', 'w-kd-059', 58, FALSE) ON CONFLICT (pack_id, word_id) DO UPDATE SET sort_order=EXCLUDED.sort_order, is_free_sample=EXCLUDED.is_free_sample;
INSERT INTO words (word_id, korean, romanization, content_version) VALUES ('w-kd-060', '다시', 'da-si', 1) ON CONFLICT (word_id) DO UPDATE SET korean=EXCLUDED.korean, romanization=EXCLUDED.romanization;
INSERT INTO word_translations (word_id, locale, gloss, gloss_short, example_ko, example_en, content_version) VALUES ('w-kd-060', 'en-US', 'again', 'again', '다시 만나요.', 'Let''s meet again.', 1) ON CONFLICT (word_id, locale) DO UPDATE SET gloss=EXCLUDED.gloss, gloss_short=EXCLUDED.gloss_short, example_ko=EXCLUDED.example_ko, example_en=EXCLUDED.example_en;
INSERT INTO word_pack_members (pack_id, word_id, sort_order, is_free_sample) VALUES ('core-kdrama-001', 'w-kd-060', 59, FALSE) ON CONFLICT (pack_id, word_id) DO UPDATE SET sort_order=EXCLUDED.sort_order, is_free_sample=EXCLUDED.is_free_sample;
INSERT INTO words (word_id, korean, romanization, content_version) VALUES ('w-kp-001', '가수', 'ga-su', 1) ON CONFLICT (word_id) DO UPDATE SET korean=EXCLUDED.korean, romanization=EXCLUDED.romanization;
INSERT INTO word_translations (word_id, locale, gloss, gloss_short, example_ko, example_en, content_version) VALUES ('w-kp-001', 'en-US', 'singer', 'singer', '가수 좋아해요.', 'I like the singer.', 1) ON CONFLICT (word_id, locale) DO UPDATE SET gloss=EXCLUDED.gloss, gloss_short=EXCLUDED.gloss_short, example_ko=EXCLUDED.example_ko, example_en=EXCLUDED.example_en;
INSERT INTO word_pack_members (pack_id, word_id, sort_order, is_free_sample) VALUES ('core-kpop-001', 'w-kp-001', 0, TRUE) ON CONFLICT (pack_id, word_id) DO UPDATE SET sort_order=EXCLUDED.sort_order, is_free_sample=EXCLUDED.is_free_sample;
INSERT INTO words (word_id, korean, romanization, content_version) VALUES ('w-kp-002', '아이돌', 'a-i-dol', 1) ON CONFLICT (word_id) DO UPDATE SET korean=EXCLUDED.korean, romanization=EXCLUDED.romanization;
INSERT INTO word_translations (word_id, locale, gloss, gloss_short, example_ko, example_en, content_version) VALUES ('w-kp-002', 'en-US', 'idol', 'idol', '아이돌 좋아해요.', 'I like idols.', 1) ON CONFLICT (word_id, locale) DO UPDATE SET gloss=EXCLUDED.gloss, gloss_short=EXCLUDED.gloss_short, example_ko=EXCLUDED.example_ko, example_en=EXCLUDED.example_en;
INSERT INTO word_pack_members (pack_id, word_id, sort_order, is_free_sample) VALUES ('core-kpop-001', 'w-kp-002', 1, TRUE) ON CONFLICT (pack_id, word_id) DO UPDATE SET sort_order=EXCLUDED.sort_order, is_free_sample=EXCLUDED.is_free_sample;
INSERT INTO words (word_id, korean, romanization, content_version) VALUES ('w-kp-003', '멤버', 'mem-beo', 1) ON CONFLICT (word_id) DO UPDATE SET korean=EXCLUDED.korean, romanization=EXCLUDED.romanization;
INSERT INTO word_translations (word_id, locale, gloss, gloss_short, example_ko, example_en, content_version) VALUES ('w-kp-003', 'en-US', 'member', 'member', '멤버 누구예요?', 'Who is the member?', 1) ON CONFLICT (word_id, locale) DO UPDATE SET gloss=EXCLUDED.gloss, gloss_short=EXCLUDED.gloss_short, example_ko=EXCLUDED.example_ko, example_en=EXCLUDED.example_en;
INSERT INTO word_pack_members (pack_id, word_id, sort_order, is_free_sample) VALUES ('core-kpop-001', 'w-kp-003', 2, TRUE) ON CONFLICT (pack_id, word_id) DO UPDATE SET sort_order=EXCLUDED.sort_order, is_free_sample=EXCLUDED.is_free_sample;
INSERT INTO words (word_id, korean, romanization, content_version) VALUES ('w-kp-004', '그룹', 'geu-rup', 1) ON CONFLICT (word_id) DO UPDATE SET korean=EXCLUDED.korean, romanization=EXCLUDED.romanization;
INSERT INTO word_translations (word_id, locale, gloss, gloss_short, example_ko, example_en, content_version) VALUES ('w-kp-004', 'en-US', 'group', 'group', '그룹 이름이 뭐예요?', 'What''s the group''s name?', 1) ON CONFLICT (word_id, locale) DO UPDATE SET gloss=EXCLUDED.gloss, gloss_short=EXCLUDED.gloss_short, example_ko=EXCLUDED.example_ko, example_en=EXCLUDED.example_en;
INSERT INTO word_pack_members (pack_id, word_id, sort_order, is_free_sample) VALUES ('core-kpop-001', 'w-kp-004', 3, TRUE) ON CONFLICT (pack_id, word_id) DO UPDATE SET sort_order=EXCLUDED.sort_order, is_free_sample=EXCLUDED.is_free_sample;
INSERT INTO words (word_id, korean, romanization, content_version) VALUES ('w-kp-005', '데뷔', 'de-bwi', 1) ON CONFLICT (word_id) DO UPDATE SET korean=EXCLUDED.korean, romanization=EXCLUDED.romanization;
INSERT INTO word_translations (word_id, locale, gloss, gloss_short, example_ko, example_en, content_version) VALUES ('w-kp-005', 'en-US', 'debut', 'debut', '오늘 데뷔해요.', 'They debut today.', 1) ON CONFLICT (word_id, locale) DO UPDATE SET gloss=EXCLUDED.gloss, gloss_short=EXCLUDED.gloss_short, example_ko=EXCLUDED.example_ko, example_en=EXCLUDED.example_en;
INSERT INTO word_pack_members (pack_id, word_id, sort_order, is_free_sample) VALUES ('core-kpop-001', 'w-kp-005', 4, TRUE) ON CONFLICT (pack_id, word_id) DO UPDATE SET sort_order=EXCLUDED.sort_order, is_free_sample=EXCLUDED.is_free_sample;
INSERT INTO words (word_id, korean, romanization, content_version) VALUES ('w-kp-006', '솔로', 'sol-lo', 1) ON CONFLICT (word_id) DO UPDATE SET korean=EXCLUDED.korean, romanization=EXCLUDED.romanization;
INSERT INTO word_translations (word_id, locale, gloss, gloss_short, example_ko, example_en, content_version) VALUES ('w-kp-006', 'en-US', 'solo', 'solo', '솔로 활동해요.', 'She''s going solo.', 1) ON CONFLICT (word_id, locale) DO UPDATE SET gloss=EXCLUDED.gloss, gloss_short=EXCLUDED.gloss_short, example_ko=EXCLUDED.example_ko, example_en=EXCLUDED.example_en;
INSERT INTO word_pack_members (pack_id, word_id, sort_order, is_free_sample) VALUES ('core-kpop-001', 'w-kp-006', 5, TRUE) ON CONFLICT (pack_id, word_id) DO UPDATE SET sort_order=EXCLUDED.sort_order, is_free_sample=EXCLUDED.is_free_sample;
INSERT INTO words (word_id, korean, romanization, content_version) VALUES ('w-kp-007', '팬', 'paen', 1) ON CONFLICT (word_id) DO UPDATE SET korean=EXCLUDED.korean, romanization=EXCLUDED.romanization;
INSERT INTO word_translations (word_id, locale, gloss, gloss_short, example_ko, example_en, content_version) VALUES ('w-kp-007', 'en-US', 'fan', 'fan', '저는 팬이에요.', 'I''m a fan.', 1) ON CONFLICT (word_id, locale) DO UPDATE SET gloss=EXCLUDED.gloss, gloss_short=EXCLUDED.gloss_short, example_ko=EXCLUDED.example_ko, example_en=EXCLUDED.example_en;
INSERT INTO word_pack_members (pack_id, word_id, sort_order, is_free_sample) VALUES ('core-kpop-001', 'w-kp-007', 6, TRUE) ON CONFLICT (pack_id, word_id) DO UPDATE SET sort_order=EXCLUDED.sort_order, is_free_sample=EXCLUDED.is_free_sample;
INSERT INTO words (word_id, korean, romanization, content_version) VALUES ('w-kp-008', '응원봉', 'eung-won-bong', 1) ON CONFLICT (word_id) DO UPDATE SET korean=EXCLUDED.korean, romanization=EXCLUDED.romanization;
INSERT INTO word_translations (word_id, locale, gloss, gloss_short, example_ko, example_en, content_version) VALUES ('w-kp-008', 'en-US', 'lightstick', 'lightstick', '응원봉 가져왔어요?', 'Did you bring the lightstick?', 1) ON CONFLICT (word_id, locale) DO UPDATE SET gloss=EXCLUDED.gloss, gloss_short=EXCLUDED.gloss_short, example_ko=EXCLUDED.example_ko, example_en=EXCLUDED.example_en;
INSERT INTO word_pack_members (pack_id, word_id, sort_order, is_free_sample) VALUES ('core-kpop-001', 'w-kp-008', 7, TRUE) ON CONFLICT (pack_id, word_id) DO UPDATE SET sort_order=EXCLUDED.sort_order, is_free_sample=EXCLUDED.is_free_sample;
INSERT INTO words (word_id, korean, romanization, content_version) VALUES ('w-kp-009', '콘서트', 'kon-seo-teu', 1) ON CONFLICT (word_id) DO UPDATE SET korean=EXCLUDED.korean, romanization=EXCLUDED.romanization;
INSERT INTO word_translations (word_id, locale, gloss, gloss_short, example_ko, example_en, content_version) VALUES ('w-kp-009', 'en-US', 'concert', 'concert', '콘서트 갈 거예요.', 'I''m going to a concert.', 1) ON CONFLICT (word_id, locale) DO UPDATE SET gloss=EXCLUDED.gloss, gloss_short=EXCLUDED.gloss_short, example_ko=EXCLUDED.example_ko, example_en=EXCLUDED.example_en;
INSERT INTO word_pack_members (pack_id, word_id, sort_order, is_free_sample) VALUES ('core-kpop-001', 'w-kp-009', 8, TRUE) ON CONFLICT (pack_id, word_id) DO UPDATE SET sort_order=EXCLUDED.sort_order, is_free_sample=EXCLUDED.is_free_sample;
INSERT INTO words (word_id, korean, romanization, content_version) VALUES ('w-kp-010', '굿즈', 'gut-jeu', 1) ON CONFLICT (word_id) DO UPDATE SET korean=EXCLUDED.korean, romanization=EXCLUDED.romanization;
INSERT INTO word_translations (word_id, locale, gloss, gloss_short, example_ko, example_en, content_version) VALUES ('w-kp-010', 'en-US', 'merchandise', 'merchandise', '굿즈 샀어요.', 'I bought merch.', 1) ON CONFLICT (word_id, locale) DO UPDATE SET gloss=EXCLUDED.gloss, gloss_short=EXCLUDED.gloss_short, example_ko=EXCLUDED.example_ko, example_en=EXCLUDED.example_en;
INSERT INTO word_pack_members (pack_id, word_id, sort_order, is_free_sample) VALUES ('core-kpop-001', 'w-kp-010', 9, TRUE) ON CONFLICT (pack_id, word_id) DO UPDATE SET sort_order=EXCLUDED.sort_order, is_free_sample=EXCLUDED.is_free_sample;
INSERT INTO words (word_id, korean, romanization, content_version) VALUES ('w-kp-011', '사인', 'sa-in', 1) ON CONFLICT (word_id) DO UPDATE SET korean=EXCLUDED.korean, romanization=EXCLUDED.romanization;
INSERT INTO word_translations (word_id, locale, gloss, gloss_short, example_ko, example_en, content_version) VALUES ('w-kp-011', 'en-US', 'autograph', 'autograph', '사인 받고 싶어요.', 'I want an autograph.', 1) ON CONFLICT (word_id, locale) DO UPDATE SET gloss=EXCLUDED.gloss, gloss_short=EXCLUDED.gloss_short, example_ko=EXCLUDED.example_ko, example_en=EXCLUDED.example_en;
INSERT INTO word_pack_members (pack_id, word_id, sort_order, is_free_sample) VALUES ('core-kpop-001', 'w-kp-011', 10, FALSE) ON CONFLICT (pack_id, word_id) DO UPDATE SET sort_order=EXCLUDED.sort_order, is_free_sample=EXCLUDED.is_free_sample;
INSERT INTO words (word_id, korean, romanization, content_version) VALUES ('w-kp-012', '무대', 'mu-dae', 1) ON CONFLICT (word_id) DO UPDATE SET korean=EXCLUDED.korean, romanization=EXCLUDED.romanization;
INSERT INTO word_translations (word_id, locale, gloss, gloss_short, example_ko, example_en, content_version) VALUES ('w-kp-012', 'en-US', 'stage', 'stage', '무대가 멋있어요.', 'The stage is amazing.', 1) ON CONFLICT (word_id, locale) DO UPDATE SET gloss=EXCLUDED.gloss, gloss_short=EXCLUDED.gloss_short, example_ko=EXCLUDED.example_ko, example_en=EXCLUDED.example_en;
INSERT INTO word_pack_members (pack_id, word_id, sort_order, is_free_sample) VALUES ('core-kpop-001', 'w-kp-012', 11, FALSE) ON CONFLICT (pack_id, word_id) DO UPDATE SET sort_order=EXCLUDED.sort_order, is_free_sample=EXCLUDED.is_free_sample;
INSERT INTO words (word_id, korean, romanization, content_version) VALUES ('w-kp-013', '노래', 'no-rae', 1) ON CONFLICT (word_id) DO UPDATE SET korean=EXCLUDED.korean, romanization=EXCLUDED.romanization;
INSERT INTO word_translations (word_id, locale, gloss, gloss_short, example_ko, example_en, content_version) VALUES ('w-kp-013', 'en-US', 'song', 'song', '이 노래 좋아해요.', 'I like this song.', 1) ON CONFLICT (word_id, locale) DO UPDATE SET gloss=EXCLUDED.gloss, gloss_short=EXCLUDED.gloss_short, example_ko=EXCLUDED.example_ko, example_en=EXCLUDED.example_en;
INSERT INTO word_pack_members (pack_id, word_id, sort_order, is_free_sample) VALUES ('core-kpop-001', 'w-kp-013', 12, FALSE) ON CONFLICT (pack_id, word_id) DO UPDATE SET sort_order=EXCLUDED.sort_order, is_free_sample=EXCLUDED.is_free_sample;
INSERT INTO words (word_id, korean, romanization, content_version) VALUES ('w-kp-014', '음악', 'eu-mak', 1) ON CONFLICT (word_id) DO UPDATE SET korean=EXCLUDED.korean, romanization=EXCLUDED.romanization;
INSERT INTO word_translations (word_id, locale, gloss, gloss_short, example_ko, example_en, content_version) VALUES ('w-kp-014', 'en-US', 'music', 'music', '음악 들어요.', 'I''m listening to music.', 1) ON CONFLICT (word_id, locale) DO UPDATE SET gloss=EXCLUDED.gloss, gloss_short=EXCLUDED.gloss_short, example_ko=EXCLUDED.example_ko, example_en=EXCLUDED.example_en;
INSERT INTO word_pack_members (pack_id, word_id, sort_order, is_free_sample) VALUES ('core-kpop-001', 'w-kp-014', 13, FALSE) ON CONFLICT (pack_id, word_id) DO UPDATE SET sort_order=EXCLUDED.sort_order, is_free_sample=EXCLUDED.is_free_sample;
INSERT INTO words (word_id, korean, romanization, content_version) VALUES ('w-kp-015', '가사', 'ga-sa', 1) ON CONFLICT (word_id) DO UPDATE SET korean=EXCLUDED.korean, romanization=EXCLUDED.romanization;
INSERT INTO word_translations (word_id, locale, gloss, gloss_short, example_ko, example_en, content_version) VALUES ('w-kp-015', 'en-US', 'lyrics', 'lyrics', '가사가 좋아요.', 'The lyrics are good.', 1) ON CONFLICT (word_id, locale) DO UPDATE SET gloss=EXCLUDED.gloss, gloss_short=EXCLUDED.gloss_short, example_ko=EXCLUDED.example_ko, example_en=EXCLUDED.example_en;
INSERT INTO word_pack_members (pack_id, word_id, sort_order, is_free_sample) VALUES ('core-kpop-001', 'w-kp-015', 14, FALSE) ON CONFLICT (pack_id, word_id) DO UPDATE SET sort_order=EXCLUDED.sort_order, is_free_sample=EXCLUDED.is_free_sample;
INSERT INTO words (word_id, korean, romanization, content_version) VALUES ('w-kp-016', '멜로디', 'mel-lo-di', 1) ON CONFLICT (word_id) DO UPDATE SET korean=EXCLUDED.korean, romanization=EXCLUDED.romanization;
INSERT INTO word_translations (word_id, locale, gloss, gloss_short, example_ko, example_en, content_version) VALUES ('w-kp-016', 'en-US', 'melody', 'melody', '멜로디가 예뻐요.', 'The melody is pretty.', 1) ON CONFLICT (word_id, locale) DO UPDATE SET gloss=EXCLUDED.gloss, gloss_short=EXCLUDED.gloss_short, example_ko=EXCLUDED.example_ko, example_en=EXCLUDED.example_en;
INSERT INTO word_pack_members (pack_id, word_id, sort_order, is_free_sample) VALUES ('core-kpop-001', 'w-kp-016', 15, FALSE) ON CONFLICT (pack_id, word_id) DO UPDATE SET sort_order=EXCLUDED.sort_order, is_free_sample=EXCLUDED.is_free_sample;
INSERT INTO words (word_id, korean, romanization, content_version) VALUES ('w-kp-017', '리듬', 'ri-deum', 1) ON CONFLICT (word_id) DO UPDATE SET korean=EXCLUDED.korean, romanization=EXCLUDED.romanization;
INSERT INTO word_translations (word_id, locale, gloss, gloss_short, example_ko, example_en, content_version) VALUES ('w-kp-017', 'en-US', 'rhythm', 'rhythm', '리듬이 좋아요.', 'The rhythm is great.', 1) ON CONFLICT (word_id, locale) DO UPDATE SET gloss=EXCLUDED.gloss, gloss_short=EXCLUDED.gloss_short, example_ko=EXCLUDED.example_ko, example_en=EXCLUDED.example_en;
INSERT INTO word_pack_members (pack_id, word_id, sort_order, is_free_sample) VALUES ('core-kpop-001', 'w-kp-017', 16, FALSE) ON CONFLICT (pack_id, word_id) DO UPDATE SET sort_order=EXCLUDED.sort_order, is_free_sample=EXCLUDED.is_free_sample;
INSERT INTO words (word_id, korean, romanization, content_version) VALUES ('w-kp-018', '비트', 'bi-teu', 1) ON CONFLICT (word_id) DO UPDATE SET korean=EXCLUDED.korean, romanization=EXCLUDED.romanization;
INSERT INTO word_translations (word_id, locale, gloss, gloss_short, example_ko, example_en, content_version) VALUES ('w-kp-018', 'en-US', 'beat', 'beat', '비트가 빨라요.', 'The beat is fast.', 1) ON CONFLICT (word_id, locale) DO UPDATE SET gloss=EXCLUDED.gloss, gloss_short=EXCLUDED.gloss_short, example_ko=EXCLUDED.example_ko, example_en=EXCLUDED.example_en;
INSERT INTO word_pack_members (pack_id, word_id, sort_order, is_free_sample) VALUES ('core-kpop-001', 'w-kp-018', 17, FALSE) ON CONFLICT (pack_id, word_id) DO UPDATE SET sort_order=EXCLUDED.sort_order, is_free_sample=EXCLUDED.is_free_sample;
INSERT INTO words (word_id, korean, romanization, content_version) VALUES ('w-kp-019', '후렴', 'hu-ryeom', 1) ON CONFLICT (word_id) DO UPDATE SET korean=EXCLUDED.korean, romanization=EXCLUDED.romanization;
INSERT INTO word_translations (word_id, locale, gloss, gloss_short, example_ko, example_en, content_version) VALUES ('w-kp-019', 'en-US', 'chorus', 'chorus', '후렴 부분 좋아요.', 'I like the chorus.', 1) ON CONFLICT (word_id, locale) DO UPDATE SET gloss=EXCLUDED.gloss, gloss_short=EXCLUDED.gloss_short, example_ko=EXCLUDED.example_ko, example_en=EXCLUDED.example_en;
INSERT INTO word_pack_members (pack_id, word_id, sort_order, is_free_sample) VALUES ('core-kpop-001', 'w-kp-019', 18, FALSE) ON CONFLICT (pack_id, word_id) DO UPDATE SET sort_order=EXCLUDED.sort_order, is_free_sample=EXCLUDED.is_free_sample;
INSERT INTO words (word_id, korean, romanization, content_version) VALUES ('w-kp-020', '신곡', 'sin-gok', 1) ON CONFLICT (word_id) DO UPDATE SET korean=EXCLUDED.korean, romanization=EXCLUDED.romanization;
INSERT INTO word_translations (word_id, locale, gloss, gloss_short, example_ko, example_en, content_version) VALUES ('w-kp-020', 'en-US', 'new song', 'new song', '신곡 들었어요?', 'Did you hear the new song?', 1) ON CONFLICT (word_id, locale) DO UPDATE SET gloss=EXCLUDED.gloss, gloss_short=EXCLUDED.gloss_short, example_ko=EXCLUDED.example_ko, example_en=EXCLUDED.example_en;
INSERT INTO word_pack_members (pack_id, word_id, sort_order, is_free_sample) VALUES ('core-kpop-001', 'w-kp-020', 19, FALSE) ON CONFLICT (pack_id, word_id) DO UPDATE SET sort_order=EXCLUDED.sort_order, is_free_sample=EXCLUDED.is_free_sample;
INSERT INTO words (word_id, korean, romanization, content_version) VALUES ('w-kp-021', '앨범', 'ael-beom', 1) ON CONFLICT (word_id) DO UPDATE SET korean=EXCLUDED.korean, romanization=EXCLUDED.romanization;
INSERT INTO word_translations (word_id, locale, gloss, gloss_short, example_ko, example_en, content_version) VALUES ('w-kp-021', 'en-US', 'album', 'album', '앨범 샀어요.', 'I bought the album.', 1) ON CONFLICT (word_id, locale) DO UPDATE SET gloss=EXCLUDED.gloss, gloss_short=EXCLUDED.gloss_short, example_ko=EXCLUDED.example_ko, example_en=EXCLUDED.example_en;
INSERT INTO word_pack_members (pack_id, word_id, sort_order, is_free_sample) VALUES ('core-kpop-001', 'w-kp-021', 20, FALSE) ON CONFLICT (pack_id, word_id) DO UPDATE SET sort_order=EXCLUDED.sort_order, is_free_sample=EXCLUDED.is_free_sample;
INSERT INTO words (word_id, korean, romanization, content_version) VALUES ('w-kp-022', '뮤직비디오', 'myu-jik-bi-di-o', 1) ON CONFLICT (word_id) DO UPDATE SET korean=EXCLUDED.korean, romanization=EXCLUDED.romanization;
INSERT INTO word_translations (word_id, locale, gloss, gloss_short, example_ko, example_en, content_version) VALUES ('w-kp-022', 'en-US', 'music video', 'music video', '뮤직비디오 봤어요.', 'I watched the music video.', 1) ON CONFLICT (word_id, locale) DO UPDATE SET gloss=EXCLUDED.gloss, gloss_short=EXCLUDED.gloss_short, example_ko=EXCLUDED.example_ko, example_en=EXCLUDED.example_en;
INSERT INTO word_pack_members (pack_id, word_id, sort_order, is_free_sample) VALUES ('core-kpop-001', 'w-kp-022', 21, FALSE) ON CONFLICT (pack_id, word_id) DO UPDATE SET sort_order=EXCLUDED.sort_order, is_free_sample=EXCLUDED.is_free_sample;
INSERT INTO words (word_id, korean, romanization, content_version) VALUES ('w-kp-023', '춤', 'chum', 1) ON CONFLICT (word_id) DO UPDATE SET korean=EXCLUDED.korean, romanization=EXCLUDED.romanization;
INSERT INTO word_translations (word_id, locale, gloss, gloss_short, example_ko, example_en, content_version) VALUES ('w-kp-023', 'en-US', 'dance', 'dance', '춤 잘 춰요.', 'She dances well.', 1) ON CONFLICT (word_id, locale) DO UPDATE SET gloss=EXCLUDED.gloss, gloss_short=EXCLUDED.gloss_short, example_ko=EXCLUDED.example_ko, example_en=EXCLUDED.example_en;
INSERT INTO word_pack_members (pack_id, word_id, sort_order, is_free_sample) VALUES ('core-kpop-001', 'w-kp-023', 22, FALSE) ON CONFLICT (pack_id, word_id) DO UPDATE SET sort_order=EXCLUDED.sort_order, is_free_sample=EXCLUDED.is_free_sample;
INSERT INTO words (word_id, korean, romanization, content_version) VALUES ('w-kp-024', '안무', 'an-mu', 1) ON CONFLICT (word_id) DO UPDATE SET korean=EXCLUDED.korean, romanization=EXCLUDED.romanization;
INSERT INTO word_translations (word_id, locale, gloss, gloss_short, example_ko, example_en, content_version) VALUES ('w-kp-024', 'en-US', 'choreography', 'choreography', '안무가 멋있어요.', 'The choreography is cool.', 1) ON CONFLICT (word_id, locale) DO UPDATE SET gloss=EXCLUDED.gloss, gloss_short=EXCLUDED.gloss_short, example_ko=EXCLUDED.example_ko, example_en=EXCLUDED.example_en;
INSERT INTO word_pack_members (pack_id, word_id, sort_order, is_free_sample) VALUES ('core-kpop-001', 'w-kp-024', 23, FALSE) ON CONFLICT (pack_id, word_id) DO UPDATE SET sort_order=EXCLUDED.sort_order, is_free_sample=EXCLUDED.is_free_sample;
INSERT INTO words (word_id, korean, romanization, content_version) VALUES ('w-kp-025', '동작', 'dong-jak', 1) ON CONFLICT (word_id) DO UPDATE SET korean=EXCLUDED.korean, romanization=EXCLUDED.romanization;
INSERT INTO word_translations (word_id, locale, gloss, gloss_short, example_ko, example_en, content_version) VALUES ('w-kp-025', 'en-US', 'movement', 'movement', '동작이 빨라요.', 'The movement is fast.', 1) ON CONFLICT (word_id, locale) DO UPDATE SET gloss=EXCLUDED.gloss, gloss_short=EXCLUDED.gloss_short, example_ko=EXCLUDED.example_ko, example_en=EXCLUDED.example_en;
INSERT INTO word_pack_members (pack_id, word_id, sort_order, is_free_sample) VALUES ('core-kpop-001', 'w-kp-025', 24, FALSE) ON CONFLICT (pack_id, word_id) DO UPDATE SET sort_order=EXCLUDED.sort_order, is_free_sample=EXCLUDED.is_free_sample;
INSERT INTO words (word_id, korean, romanization, content_version) VALUES ('w-kp-026', '표정', 'pyo-jeong', 1) ON CONFLICT (word_id) DO UPDATE SET korean=EXCLUDED.korean, romanization=EXCLUDED.romanization;
INSERT INTO word_translations (word_id, locale, gloss, gloss_short, example_ko, example_en, content_version) VALUES ('w-kp-026', 'en-US', 'facial expression', 'facial expression', '표정이 좋아요.', 'Their expression is great.', 1) ON CONFLICT (word_id, locale) DO UPDATE SET gloss=EXCLUDED.gloss, gloss_short=EXCLUDED.gloss_short, example_ko=EXCLUDED.example_ko, example_en=EXCLUDED.example_en;
INSERT INTO word_pack_members (pack_id, word_id, sort_order, is_free_sample) VALUES ('core-kpop-001', 'w-kp-026', 25, FALSE) ON CONFLICT (pack_id, word_id) DO UPDATE SET sort_order=EXCLUDED.sort_order, is_free_sample=EXCLUDED.is_free_sample;
INSERT INTO words (word_id, korean, romanization, content_version) VALUES ('w-kp-027', '의상', 'ui-sang', 1) ON CONFLICT (word_id) DO UPDATE SET korean=EXCLUDED.korean, romanization=EXCLUDED.romanization;
INSERT INTO word_translations (word_id, locale, gloss, gloss_short, example_ko, example_en, content_version) VALUES ('w-kp-027', 'en-US', 'costume / outfit', 'costume / outfit', '의상이 예뻐요.', 'The outfit is pretty.', 1) ON CONFLICT (word_id, locale) DO UPDATE SET gloss=EXCLUDED.gloss, gloss_short=EXCLUDED.gloss_short, example_ko=EXCLUDED.example_ko, example_en=EXCLUDED.example_en;
INSERT INTO word_pack_members (pack_id, word_id, sort_order, is_free_sample) VALUES ('core-kpop-001', 'w-kp-027', 26, FALSE) ON CONFLICT (pack_id, word_id) DO UPDATE SET sort_order=EXCLUDED.sort_order, is_free_sample=EXCLUDED.is_free_sample;
INSERT INTO words (word_id, korean, romanization, content_version) VALUES ('w-kp-028', '포즈', 'po-jeu', 1) ON CONFLICT (word_id) DO UPDATE SET korean=EXCLUDED.korean, romanization=EXCLUDED.romanization;
INSERT INTO word_translations (word_id, locale, gloss, gloss_short, example_ko, example_en, content_version) VALUES ('w-kp-028', 'en-US', 'pose', 'pose', '포즈 취해요.', 'Strike a pose.', 1) ON CONFLICT (word_id, locale) DO UPDATE SET gloss=EXCLUDED.gloss, gloss_short=EXCLUDED.gloss_short, example_ko=EXCLUDED.example_ko, example_en=EXCLUDED.example_en;
INSERT INTO word_pack_members (pack_id, word_id, sort_order, is_free_sample) VALUES ('core-kpop-001', 'w-kp-028', 27, FALSE) ON CONFLICT (pack_id, word_id) DO UPDATE SET sort_order=EXCLUDED.sort_order, is_free_sample=EXCLUDED.is_free_sample;
INSERT INTO words (word_id, korean, romanization, content_version) VALUES ('w-kp-029', '카메라', 'ka-me-ra', 1) ON CONFLICT (word_id) DO UPDATE SET korean=EXCLUDED.korean, romanization=EXCLUDED.romanization;
INSERT INTO word_translations (word_id, locale, gloss, gloss_short, example_ko, example_en, content_version) VALUES ('w-kp-029', 'en-US', 'camera', 'camera', '카메라 봐 주세요.', 'Look at the camera, please.', 1) ON CONFLICT (word_id, locale) DO UPDATE SET gloss=EXCLUDED.gloss, gloss_short=EXCLUDED.gloss_short, example_ko=EXCLUDED.example_ko, example_en=EXCLUDED.example_en;
INSERT INTO word_pack_members (pack_id, word_id, sort_order, is_free_sample) VALUES ('core-kpop-001', 'w-kp-029', 28, FALSE) ON CONFLICT (pack_id, word_id) DO UPDATE SET sort_order=EXCLUDED.sort_order, is_free_sample=EXCLUDED.is_free_sample;
INSERT INTO words (word_id, korean, romanization, content_version) VALUES ('w-kp-030', '연습', 'yeon-seup', 1) ON CONFLICT (word_id) DO UPDATE SET korean=EXCLUDED.korean, romanization=EXCLUDED.romanization;
INSERT INTO word_translations (word_id, locale, gloss, gloss_short, example_ko, example_en, content_version) VALUES ('w-kp-030', 'en-US', 'practice', 'practice', '연습 많이 해요.', 'They practice a lot.', 1) ON CONFLICT (word_id, locale) DO UPDATE SET gloss=EXCLUDED.gloss, gloss_short=EXCLUDED.gloss_short, example_ko=EXCLUDED.example_ko, example_en=EXCLUDED.example_en;
INSERT INTO word_pack_members (pack_id, word_id, sort_order, is_free_sample) VALUES ('core-kpop-001', 'w-kp-030', 29, FALSE) ON CONFLICT (pack_id, word_id) DO UPDATE SET sort_order=EXCLUDED.sort_order, is_free_sample=EXCLUDED.is_free_sample;
INSERT INTO words (word_id, korean, romanization, content_version) VALUES ('w-kp-031', '공연', 'gong-yeon', 1) ON CONFLICT (word_id) DO UPDATE SET korean=EXCLUDED.korean, romanization=EXCLUDED.romanization;
INSERT INTO word_translations (word_id, locale, gloss, gloss_short, example_ko, example_en, content_version) VALUES ('w-kp-031', 'en-US', 'performance', 'performance', '공연이 끝났어요.', 'The performance is over.', 1) ON CONFLICT (word_id, locale) DO UPDATE SET gloss=EXCLUDED.gloss, gloss_short=EXCLUDED.gloss_short, example_ko=EXCLUDED.example_ko, example_en=EXCLUDED.example_en;
INSERT INTO word_pack_members (pack_id, word_id, sort_order, is_free_sample) VALUES ('core-kpop-001', 'w-kp-031', 30, FALSE) ON CONFLICT (pack_id, word_id) DO UPDATE SET sort_order=EXCLUDED.sort_order, is_free_sample=EXCLUDED.is_free_sample;
INSERT INTO words (word_id, korean, romanization, content_version) VALUES ('w-kp-032', '무대 인사', 'mu-dae-in-sa', 1) ON CONFLICT (word_id) DO UPDATE SET korean=EXCLUDED.korean, romanization=EXCLUDED.romanization;
INSERT INTO word_translations (word_id, locale, gloss, gloss_short, example_ko, example_en, content_version) VALUES ('w-kp-032', 'en-US', 'stage greeting', 'stage greeting', '무대 인사 끝났어요.', 'The greeting just ended.', 1) ON CONFLICT (word_id, locale) DO UPDATE SET gloss=EXCLUDED.gloss, gloss_short=EXCLUDED.gloss_short, example_ko=EXCLUDED.example_ko, example_en=EXCLUDED.example_en;
INSERT INTO word_pack_members (pack_id, word_id, sort_order, is_free_sample) VALUES ('core-kpop-001', 'w-kp-032', 31, FALSE) ON CONFLICT (pack_id, word_id) DO UPDATE SET sort_order=EXCLUDED.sort_order, is_free_sample=EXCLUDED.is_free_sample;
INSERT INTO words (word_id, korean, romanization, content_version) VALUES ('w-kp-033', '사랑해요', 'sa-rang-hae-yo', 1) ON CONFLICT (word_id) DO UPDATE SET korean=EXCLUDED.korean, romanization=EXCLUDED.romanization;
INSERT INTO word_translations (word_id, locale, gloss, gloss_short, example_ko, example_en, content_version) VALUES ('w-kp-033', 'en-US', 'I love you', 'I love you', '사랑해요!', 'I love you!', 1) ON CONFLICT (word_id, locale) DO UPDATE SET gloss=EXCLUDED.gloss, gloss_short=EXCLUDED.gloss_short, example_ko=EXCLUDED.example_ko, example_en=EXCLUDED.example_en;
INSERT INTO word_pack_members (pack_id, word_id, sort_order, is_free_sample) VALUES ('core-kpop-001', 'w-kp-033', 32, FALSE) ON CONFLICT (pack_id, word_id) DO UPDATE SET sort_order=EXCLUDED.sort_order, is_free_sample=EXCLUDED.is_free_sample;
INSERT INTO words (word_id, korean, romanization, content_version) VALUES ('w-kp-034', '좋아해요', 'jo-a-hae-yo', 1) ON CONFLICT (word_id) DO UPDATE SET korean=EXCLUDED.korean, romanization=EXCLUDED.romanization;
INSERT INTO word_translations (word_id, locale, gloss, gloss_short, example_ko, example_en, content_version) VALUES ('w-kp-034', 'en-US', 'I like (you)', 'I like', '이 노래 좋아해요.', 'I like this song.', 1) ON CONFLICT (word_id, locale) DO UPDATE SET gloss=EXCLUDED.gloss, gloss_short=EXCLUDED.gloss_short, example_ko=EXCLUDED.example_ko, example_en=EXCLUDED.example_en;
INSERT INTO word_pack_members (pack_id, word_id, sort_order, is_free_sample) VALUES ('core-kpop-001', 'w-kp-034', 33, FALSE) ON CONFLICT (pack_id, word_id) DO UPDATE SET sort_order=EXCLUDED.sort_order, is_free_sample=EXCLUDED.is_free_sample;
INSERT INTO words (word_id, korean, romanization, content_version) VALUES ('w-kp-035', '멋있어요', 'meo-si-sseo-yo', 1) ON CONFLICT (word_id) DO UPDATE SET korean=EXCLUDED.korean, romanization=EXCLUDED.romanization;
INSERT INTO word_translations (word_id, locale, gloss, gloss_short, example_ko, example_en, content_version) VALUES ('w-kp-035', 'en-US', 'cool / awesome', 'cool / awesome', '정말 멋있어요!', 'So cool!', 1) ON CONFLICT (word_id, locale) DO UPDATE SET gloss=EXCLUDED.gloss, gloss_short=EXCLUDED.gloss_short, example_ko=EXCLUDED.example_ko, example_en=EXCLUDED.example_en;
INSERT INTO word_pack_members (pack_id, word_id, sort_order, is_free_sample) VALUES ('core-kpop-001', 'w-kp-035', 34, FALSE) ON CONFLICT (pack_id, word_id) DO UPDATE SET sort_order=EXCLUDED.sort_order, is_free_sample=EXCLUDED.is_free_sample;
INSERT INTO words (word_id, korean, romanization, content_version) VALUES ('w-kp-036', '최고예요', 'choe-go-ye-yo', 1) ON CONFLICT (word_id) DO UPDATE SET korean=EXCLUDED.korean, romanization=EXCLUDED.romanization;
INSERT INTO word_translations (word_id, locale, gloss, gloss_short, example_ko, example_en, content_version) VALUES ('w-kp-036', 'en-US', 'the best', 'the best', '이 그룹 최고예요!', 'This group is the best!', 1) ON CONFLICT (word_id, locale) DO UPDATE SET gloss=EXCLUDED.gloss, gloss_short=EXCLUDED.gloss_short, example_ko=EXCLUDED.example_ko, example_en=EXCLUDED.example_en;
INSERT INTO word_pack_members (pack_id, word_id, sort_order, is_free_sample) VALUES ('core-kpop-001', 'w-kp-036', 35, FALSE) ON CONFLICT (pack_id, word_id) DO UPDATE SET sort_order=EXCLUDED.sort_order, is_free_sample=EXCLUDED.is_free_sample;
INSERT INTO words (word_id, korean, romanization, content_version) VALUES ('w-kp-037', '행복해요', 'haeng-bo-kae-yo', 1) ON CONFLICT (word_id) DO UPDATE SET korean=EXCLUDED.korean, romanization=EXCLUDED.romanization;
INSERT INTO word_translations (word_id, locale, gloss, gloss_short, example_ko, example_en, content_version) VALUES ('w-kp-037', 'en-US', 'I''m happy', 'I''m happy', '오늘 너무 행복해요.', 'I''m so happy today.', 1) ON CONFLICT (word_id, locale) DO UPDATE SET gloss=EXCLUDED.gloss, gloss_short=EXCLUDED.gloss_short, example_ko=EXCLUDED.example_ko, example_en=EXCLUDED.example_en;
INSERT INTO word_pack_members (pack_id, word_id, sort_order, is_free_sample) VALUES ('core-kpop-001', 'w-kp-037', 36, FALSE) ON CONFLICT (pack_id, word_id) DO UPDATE SET sort_order=EXCLUDED.sort_order, is_free_sample=EXCLUDED.is_free_sample;
INSERT INTO words (word_id, korean, romanization, content_version) VALUES ('w-kp-038', '응원해요', 'eung-won-hae-yo', 1) ON CONFLICT (word_id) DO UPDATE SET korean=EXCLUDED.korean, romanization=EXCLUDED.romanization;
INSERT INTO word_translations (word_id, locale, gloss, gloss_short, example_ko, example_en, content_version) VALUES ('w-kp-038', 'en-US', 'I support / I cheer', 'I support / I cheer', '항상 응원해요.', 'I always support you.', 1) ON CONFLICT (word_id, locale) DO UPDATE SET gloss=EXCLUDED.gloss, gloss_short=EXCLUDED.gloss_short, example_ko=EXCLUDED.example_ko, example_en=EXCLUDED.example_en;
INSERT INTO word_pack_members (pack_id, word_id, sort_order, is_free_sample) VALUES ('core-kpop-001', 'w-kp-038', 37, FALSE) ON CONFLICT (pack_id, word_id) DO UPDATE SET sort_order=EXCLUDED.sort_order, is_free_sample=EXCLUDED.is_free_sample;
INSERT INTO words (word_id, korean, romanization, content_version) VALUES ('w-kp-039', '보고 싶어요', 'bo-go-si-peo-yo', 1) ON CONFLICT (word_id) DO UPDATE SET korean=EXCLUDED.korean, romanization=EXCLUDED.romanization;
INSERT INTO word_translations (word_id, locale, gloss, gloss_short, example_ko, example_en, content_version) VALUES ('w-kp-039', 'en-US', 'I miss you', 'I miss you', '정말 보고 싶어요.', 'I really miss you.', 1) ON CONFLICT (word_id, locale) DO UPDATE SET gloss=EXCLUDED.gloss, gloss_short=EXCLUDED.gloss_short, example_ko=EXCLUDED.example_ko, example_en=EXCLUDED.example_en;
INSERT INTO word_pack_members (pack_id, word_id, sort_order, is_free_sample) VALUES ('core-kpop-001', 'w-kp-039', 38, FALSE) ON CONFLICT (pack_id, word_id) DO UPDATE SET sort_order=EXCLUDED.sort_order, is_free_sample=EXCLUDED.is_free_sample;
INSERT INTO words (word_id, korean, romanization, content_version) VALUES ('w-kp-040', '고마워요', 'go-ma-wo-yo', 1) ON CONFLICT (word_id) DO UPDATE SET korean=EXCLUDED.korean, romanization=EXCLUDED.romanization;
INSERT INTO word_translations (word_id, locale, gloss, gloss_short, example_ko, example_en, content_version) VALUES ('w-kp-040', 'en-US', 'thank you (casual)', 'thank you', '팬분들 고마워요.', 'Thank you, fans.', 1) ON CONFLICT (word_id, locale) DO UPDATE SET gloss=EXCLUDED.gloss, gloss_short=EXCLUDED.gloss_short, example_ko=EXCLUDED.example_ko, example_en=EXCLUDED.example_en;
INSERT INTO word_pack_members (pack_id, word_id, sort_order, is_free_sample) VALUES ('core-kpop-001', 'w-kp-040', 39, FALSE) ON CONFLICT (pack_id, word_id) DO UPDATE SET sort_order=EXCLUDED.sort_order, is_free_sample=EXCLUDED.is_free_sample;
INSERT INTO words (word_id, korean, romanization, content_version) VALUES ('w-kp-041', '대박', 'dae-bak', 1) ON CONFLICT (word_id) DO UPDATE SET korean=EXCLUDED.korean, romanization=EXCLUDED.romanization;
INSERT INTO word_translations (word_id, locale, gloss, gloss_short, example_ko, example_en, content_version) VALUES ('w-kp-041', 'en-US', 'awesome / wow', 'awesome / wow', '이거 대박이에요!', 'This is awesome!', 1) ON CONFLICT (word_id, locale) DO UPDATE SET gloss=EXCLUDED.gloss, gloss_short=EXCLUDED.gloss_short, example_ko=EXCLUDED.example_ko, example_en=EXCLUDED.example_en;
INSERT INTO word_pack_members (pack_id, word_id, sort_order, is_free_sample) VALUES ('core-kpop-001', 'w-kp-041', 40, FALSE) ON CONFLICT (pack_id, word_id) DO UPDATE SET sort_order=EXCLUDED.sort_order, is_free_sample=EXCLUDED.is_free_sample;
INSERT INTO words (word_id, korean, romanization, content_version) VALUES ('w-kp-042', '화이팅', 'hwa-i-ting', 1) ON CONFLICT (word_id) DO UPDATE SET korean=EXCLUDED.korean, romanization=EXCLUDED.romanization;
INSERT INTO word_translations (word_id, locale, gloss, gloss_short, example_ko, example_en, content_version) VALUES ('w-kp-042', 'en-US', 'fighting / go!', 'fighting / go!', '오빠 화이팅!', 'Go for it, oppa!', 1) ON CONFLICT (word_id, locale) DO UPDATE SET gloss=EXCLUDED.gloss, gloss_short=EXCLUDED.gloss_short, example_ko=EXCLUDED.example_ko, example_en=EXCLUDED.example_en;
INSERT INTO word_pack_members (pack_id, word_id, sort_order, is_free_sample) VALUES ('core-kpop-001', 'w-kp-042', 41, FALSE) ON CONFLICT (pack_id, word_id) DO UPDATE SET sort_order=EXCLUDED.sort_order, is_free_sample=EXCLUDED.is_free_sample;
INSERT INTO words (word_id, korean, romanization, content_version) VALUES ('w-kp-043', '티켓', 'ti-ket', 1) ON CONFLICT (word_id) DO UPDATE SET korean=EXCLUDED.korean, romanization=EXCLUDED.romanization;
INSERT INTO word_translations (word_id, locale, gloss, gloss_short, example_ko, example_en, content_version) VALUES ('w-kp-043', 'en-US', 'ticket', 'ticket', '티켓 샀어요.', 'I bought the ticket.', 1) ON CONFLICT (word_id, locale) DO UPDATE SET gloss=EXCLUDED.gloss, gloss_short=EXCLUDED.gloss_short, example_ko=EXCLUDED.example_ko, example_en=EXCLUDED.example_en;
INSERT INTO word_pack_members (pack_id, word_id, sort_order, is_free_sample) VALUES ('core-kpop-001', 'w-kp-043', 42, FALSE) ON CONFLICT (pack_id, word_id) DO UPDATE SET sort_order=EXCLUDED.sort_order, is_free_sample=EXCLUDED.is_free_sample;
INSERT INTO words (word_id, korean, romanization, content_version) VALUES ('w-kp-044', '입장', 'ip-jang', 1) ON CONFLICT (word_id) DO UPDATE SET korean=EXCLUDED.korean, romanization=EXCLUDED.romanization;
INSERT INTO word_translations (word_id, locale, gloss, gloss_short, example_ko, example_en, content_version) VALUES ('w-kp-044', 'en-US', 'entry / admission', 'entry / admission', '입장 시작해요.', 'Entry is starting.', 1) ON CONFLICT (word_id, locale) DO UPDATE SET gloss=EXCLUDED.gloss, gloss_short=EXCLUDED.gloss_short, example_ko=EXCLUDED.example_ko, example_en=EXCLUDED.example_en;
INSERT INTO word_pack_members (pack_id, word_id, sort_order, is_free_sample) VALUES ('core-kpop-001', 'w-kp-044', 43, FALSE) ON CONFLICT (pack_id, word_id) DO UPDATE SET sort_order=EXCLUDED.sort_order, is_free_sample=EXCLUDED.is_free_sample;
INSERT INTO words (word_id, korean, romanization, content_version) VALUES ('w-kp-045', '자리', 'ja-ri', 1) ON CONFLICT (word_id) DO UPDATE SET korean=EXCLUDED.korean, romanization=EXCLUDED.romanization;
INSERT INTO word_translations (word_id, locale, gloss, gloss_short, example_ko, example_en, content_version) VALUES ('w-kp-045', 'en-US', 'seat / spot', 'seat / spot', '제 자리예요.', 'It''s my seat.', 1) ON CONFLICT (word_id, locale) DO UPDATE SET gloss=EXCLUDED.gloss, gloss_short=EXCLUDED.gloss_short, example_ko=EXCLUDED.example_ko, example_en=EXCLUDED.example_en;
INSERT INTO word_pack_members (pack_id, word_id, sort_order, is_free_sample) VALUES ('core-kpop-001', 'w-kp-045', 44, FALSE) ON CONFLICT (pack_id, word_id) DO UPDATE SET sort_order=EXCLUDED.sort_order, is_free_sample=EXCLUDED.is_free_sample;
INSERT INTO words (word_id, korean, romanization, content_version) VALUES ('w-kp-046', '함성', 'ham-seong', 1) ON CONFLICT (word_id) DO UPDATE SET korean=EXCLUDED.korean, romanization=EXCLUDED.romanization;
INSERT INTO word_translations (word_id, locale, gloss, gloss_short, example_ko, example_en, content_version) VALUES ('w-kp-046', 'en-US', 'cheering shout', 'cheering shout', '함성이 커요.', 'The cheers are loud.', 1) ON CONFLICT (word_id, locale) DO UPDATE SET gloss=EXCLUDED.gloss, gloss_short=EXCLUDED.gloss_short, example_ko=EXCLUDED.example_ko, example_en=EXCLUDED.example_en;
INSERT INTO word_pack_members (pack_id, word_id, sort_order, is_free_sample) VALUES ('core-kpop-001', 'w-kp-046', 45, FALSE) ON CONFLICT (pack_id, word_id) DO UPDATE SET sort_order=EXCLUDED.sort_order, is_free_sample=EXCLUDED.is_free_sample;
INSERT INTO words (word_id, korean, romanization, content_version) VALUES ('w-kp-047', '박수', 'bak-su', 1) ON CONFLICT (word_id) DO UPDATE SET korean=EXCLUDED.korean, romanization=EXCLUDED.romanization;
INSERT INTO word_translations (word_id, locale, gloss, gloss_short, example_ko, example_en, content_version) VALUES ('w-kp-047', 'en-US', 'applause', 'applause', '박수 쳐 주세요.', 'Please give a hand.', 1) ON CONFLICT (word_id, locale) DO UPDATE SET gloss=EXCLUDED.gloss, gloss_short=EXCLUDED.gloss_short, example_ko=EXCLUDED.example_ko, example_en=EXCLUDED.example_en;
INSERT INTO word_pack_members (pack_id, word_id, sort_order, is_free_sample) VALUES ('core-kpop-001', 'w-kp-047', 46, FALSE) ON CONFLICT (pack_id, word_id) DO UPDATE SET sort_order=EXCLUDED.sort_order, is_free_sample=EXCLUDED.is_free_sample;
INSERT INTO words (word_id, korean, romanization, content_version) VALUES ('w-kp-048', '앙코르', 'ang-ko-reu', 1) ON CONFLICT (word_id) DO UPDATE SET korean=EXCLUDED.korean, romanization=EXCLUDED.romanization;
INSERT INTO word_translations (word_id, locale, gloss, gloss_short, example_ko, example_en, content_version) VALUES ('w-kp-048', 'en-US', 'encore', 'encore', '앙코르 외쳤어요.', 'We shouted encore.', 1) ON CONFLICT (word_id, locale) DO UPDATE SET gloss=EXCLUDED.gloss, gloss_short=EXCLUDED.gloss_short, example_ko=EXCLUDED.example_ko, example_en=EXCLUDED.example_en;
INSERT INTO word_pack_members (pack_id, word_id, sort_order, is_free_sample) VALUES ('core-kpop-001', 'w-kp-048', 47, FALSE) ON CONFLICT (pack_id, word_id) DO UPDATE SET sort_order=EXCLUDED.sort_order, is_free_sample=EXCLUDED.is_free_sample;
INSERT INTO words (word_id, korean, romanization, content_version) VALUES ('w-kp-049', '영상', 'yeong-sang', 1) ON CONFLICT (word_id) DO UPDATE SET korean=EXCLUDED.korean, romanization=EXCLUDED.romanization;
INSERT INTO word_translations (word_id, locale, gloss, gloss_short, example_ko, example_en, content_version) VALUES ('w-kp-049', 'en-US', 'video', 'video', '영상 봤어요.', 'I watched the video.', 1) ON CONFLICT (word_id, locale) DO UPDATE SET gloss=EXCLUDED.gloss, gloss_short=EXCLUDED.gloss_short, example_ko=EXCLUDED.example_ko, example_en=EXCLUDED.example_en;
INSERT INTO word_pack_members (pack_id, word_id, sort_order, is_free_sample) VALUES ('core-kpop-001', 'w-kp-049', 48, FALSE) ON CONFLICT (pack_id, word_id) DO UPDATE SET sort_order=EXCLUDED.sort_order, is_free_sample=EXCLUDED.is_free_sample;
INSERT INTO words (word_id, korean, romanization, content_version) VALUES ('w-kp-050', '사진', 'sa-jin', 1) ON CONFLICT (word_id) DO UPDATE SET korean=EXCLUDED.korean, romanization=EXCLUDED.romanization;
INSERT INTO word_translations (word_id, locale, gloss, gloss_short, example_ko, example_en, content_version) VALUES ('w-kp-050', 'en-US', 'photo', 'photo', '사진 찍어요.', 'Let''s take a photo.', 1) ON CONFLICT (word_id, locale) DO UPDATE SET gloss=EXCLUDED.gloss, gloss_short=EXCLUDED.gloss_short, example_ko=EXCLUDED.example_ko, example_en=EXCLUDED.example_en;
INSERT INTO word_pack_members (pack_id, word_id, sort_order, is_free_sample) VALUES ('core-kpop-001', 'w-kp-050', 49, FALSE) ON CONFLICT (pack_id, word_id) DO UPDATE SET sort_order=EXCLUDED.sort_order, is_free_sample=EXCLUDED.is_free_sample;
INSERT INTO words (word_id, korean, romanization, content_version) VALUES ('w-kp-051', '라이브', 'ra-i-beu', 1) ON CONFLICT (word_id) DO UPDATE SET korean=EXCLUDED.korean, romanization=EXCLUDED.romanization;
INSERT INTO word_translations (word_id, locale, gloss, gloss_short, example_ko, example_en, content_version) VALUES ('w-kp-051', 'en-US', 'live (broadcast)', 'live', '라이브 봐요.', 'Watching the live.', 1) ON CONFLICT (word_id, locale) DO UPDATE SET gloss=EXCLUDED.gloss, gloss_short=EXCLUDED.gloss_short, example_ko=EXCLUDED.example_ko, example_en=EXCLUDED.example_en;
INSERT INTO word_pack_members (pack_id, word_id, sort_order, is_free_sample) VALUES ('core-kpop-001', 'w-kp-051', 50, FALSE) ON CONFLICT (pack_id, word_id) DO UPDATE SET sort_order=EXCLUDED.sort_order, is_free_sample=EXCLUDED.is_free_sample;
INSERT INTO words (word_id, korean, romanization, content_version) VALUES ('w-kp-052', '채널', 'chae-neol', 1) ON CONFLICT (word_id) DO UPDATE SET korean=EXCLUDED.korean, romanization=EXCLUDED.romanization;
INSERT INTO word_translations (word_id, locale, gloss, gloss_short, example_ko, example_en, content_version) VALUES ('w-kp-052', 'en-US', 'channel', 'channel', '이 채널 좋아요.', 'I like this channel.', 1) ON CONFLICT (word_id, locale) DO UPDATE SET gloss=EXCLUDED.gloss, gloss_short=EXCLUDED.gloss_short, example_ko=EXCLUDED.example_ko, example_en=EXCLUDED.example_en;
INSERT INTO word_pack_members (pack_id, word_id, sort_order, is_free_sample) VALUES ('core-kpop-001', 'w-kp-052', 51, FALSE) ON CONFLICT (pack_id, word_id) DO UPDATE SET sort_order=EXCLUDED.sort_order, is_free_sample=EXCLUDED.is_free_sample;
INSERT INTO words (word_id, korean, romanization, content_version) VALUES ('w-kp-053', '구독', 'gu-dok', 1) ON CONFLICT (word_id) DO UPDATE SET korean=EXCLUDED.korean, romanization=EXCLUDED.romanization;
INSERT INTO word_translations (word_id, locale, gloss, gloss_short, example_ko, example_en, content_version) VALUES ('w-kp-053', 'en-US', 'subscribe', 'subscribe', '구독 눌렀어요.', 'I hit subscribe.', 1) ON CONFLICT (word_id, locale) DO UPDATE SET gloss=EXCLUDED.gloss, gloss_short=EXCLUDED.gloss_short, example_ko=EXCLUDED.example_ko, example_en=EXCLUDED.example_en;
INSERT INTO word_pack_members (pack_id, word_id, sort_order, is_free_sample) VALUES ('core-kpop-001', 'w-kp-053', 52, FALSE) ON CONFLICT (pack_id, word_id) DO UPDATE SET sort_order=EXCLUDED.sort_order, is_free_sample=EXCLUDED.is_free_sample;
INSERT INTO words (word_id, korean, romanization, content_version) VALUES ('w-kp-054', '댓글', 'daet-geul', 1) ON CONFLICT (word_id) DO UPDATE SET korean=EXCLUDED.korean, romanization=EXCLUDED.romanization;
INSERT INTO word_translations (word_id, locale, gloss, gloss_short, example_ko, example_en, content_version) VALUES ('w-kp-054', 'en-US', 'comment', 'comment', '댓글 남겨 주세요.', 'Please leave a comment.', 1) ON CONFLICT (word_id, locale) DO UPDATE SET gloss=EXCLUDED.gloss, gloss_short=EXCLUDED.gloss_short, example_ko=EXCLUDED.example_ko, example_en=EXCLUDED.example_en;
INSERT INTO word_pack_members (pack_id, word_id, sort_order, is_free_sample) VALUES ('core-kpop-001', 'w-kp-054', 53, FALSE) ON CONFLICT (pack_id, word_id) DO UPDATE SET sort_order=EXCLUDED.sort_order, is_free_sample=EXCLUDED.is_free_sample;
INSERT INTO words (word_id, korean, romanization, content_version) VALUES ('w-kp-055', '하트', 'ha-teu', 1) ON CONFLICT (word_id) DO UPDATE SET korean=EXCLUDED.korean, romanization=EXCLUDED.romanization;
INSERT INTO word_translations (word_id, locale, gloss, gloss_short, example_ko, example_en, content_version) VALUES ('w-kp-055', 'en-US', 'heart (button)', 'heart', '하트 눌렀어요.', 'I hit the heart.', 1) ON CONFLICT (word_id, locale) DO UPDATE SET gloss=EXCLUDED.gloss, gloss_short=EXCLUDED.gloss_short, example_ko=EXCLUDED.example_ko, example_en=EXCLUDED.example_en;
INSERT INTO word_pack_members (pack_id, word_id, sort_order, is_free_sample) VALUES ('core-kpop-001', 'w-kp-055', 54, FALSE) ON CONFLICT (pack_id, word_id) DO UPDATE SET sort_order=EXCLUDED.sort_order, is_free_sample=EXCLUDED.is_free_sample;
INSERT INTO words (word_id, korean, romanization, content_version) VALUES ('w-kp-056', '오빠', 'o-ppa', 1) ON CONFLICT (word_id) DO UPDATE SET korean=EXCLUDED.korean, romanization=EXCLUDED.romanization;
INSERT INTO word_translations (word_id, locale, gloss, gloss_short, example_ko, example_en, content_version) VALUES ('w-kp-056', 'en-US', 'older brother (to female)', 'older brother', '오빠, 사랑해요!', 'Oppa, I love you!', 1) ON CONFLICT (word_id, locale) DO UPDATE SET gloss=EXCLUDED.gloss, gloss_short=EXCLUDED.gloss_short, example_ko=EXCLUDED.example_ko, example_en=EXCLUDED.example_en;
INSERT INTO word_pack_members (pack_id, word_id, sort_order, is_free_sample) VALUES ('core-kpop-001', 'w-kp-056', 55, FALSE) ON CONFLICT (pack_id, word_id) DO UPDATE SET sort_order=EXCLUDED.sort_order, is_free_sample=EXCLUDED.is_free_sample;
INSERT INTO words (word_id, korean, romanization, content_version) VALUES ('w-kp-057', '언니', 'eon-ni', 1) ON CONFLICT (word_id) DO UPDATE SET korean=EXCLUDED.korean, romanization=EXCLUDED.romanization;
INSERT INTO word_translations (word_id, locale, gloss, gloss_short, example_ko, example_en, content_version) VALUES ('w-kp-057', 'en-US', 'older sister (to female)', 'older sister', '언니, 멋있어요!', 'Unnie, you''re awesome!', 1) ON CONFLICT (word_id, locale) DO UPDATE SET gloss=EXCLUDED.gloss, gloss_short=EXCLUDED.gloss_short, example_ko=EXCLUDED.example_ko, example_en=EXCLUDED.example_en;
INSERT INTO word_pack_members (pack_id, word_id, sort_order, is_free_sample) VALUES ('core-kpop-001', 'w-kp-057', 56, FALSE) ON CONFLICT (pack_id, word_id) DO UPDATE SET sort_order=EXCLUDED.sort_order, is_free_sample=EXCLUDED.is_free_sample;
INSERT INTO words (word_id, korean, romanization, content_version) VALUES ('w-kp-058', '누나', 'nu-na', 1) ON CONFLICT (word_id) DO UPDATE SET korean=EXCLUDED.korean, romanization=EXCLUDED.romanization;
INSERT INTO word_translations (word_id, locale, gloss, gloss_short, example_ko, example_en, content_version) VALUES ('w-kp-058', 'en-US', 'older sister (to male)', 'older sister', '누나, 좋아해요.', 'Noona, I like you.', 1) ON CONFLICT (word_id, locale) DO UPDATE SET gloss=EXCLUDED.gloss, gloss_short=EXCLUDED.gloss_short, example_ko=EXCLUDED.example_ko, example_en=EXCLUDED.example_en;
INSERT INTO word_pack_members (pack_id, word_id, sort_order, is_free_sample) VALUES ('core-kpop-001', 'w-kp-058', 57, FALSE) ON CONFLICT (pack_id, word_id) DO UPDATE SET sort_order=EXCLUDED.sort_order, is_free_sample=EXCLUDED.is_free_sample;
INSERT INTO words (word_id, korean, romanization, content_version) VALUES ('w-kp-059', '막내', 'mang-nae', 1) ON CONFLICT (word_id) DO UPDATE SET korean=EXCLUDED.korean, romanization=EXCLUDED.romanization;
INSERT INTO word_translations (word_id, locale, gloss, gloss_short, example_ko, example_en, content_version) VALUES ('w-kp-059', 'en-US', 'youngest member', 'youngest member', '막내가 귀여워요.', 'The youngest is cute.', 1) ON CONFLICT (word_id, locale) DO UPDATE SET gloss=EXCLUDED.gloss, gloss_short=EXCLUDED.gloss_short, example_ko=EXCLUDED.example_ko, example_en=EXCLUDED.example_en;
INSERT INTO word_pack_members (pack_id, word_id, sort_order, is_free_sample) VALUES ('core-kpop-001', 'w-kp-059', 58, FALSE) ON CONFLICT (pack_id, word_id) DO UPDATE SET sort_order=EXCLUDED.sort_order, is_free_sample=EXCLUDED.is_free_sample;
INSERT INTO words (word_id, korean, romanization, content_version) VALUES ('w-kp-060', '리더', 'ri-deo', 1) ON CONFLICT (word_id) DO UPDATE SET korean=EXCLUDED.korean, romanization=EXCLUDED.romanization;
INSERT INTO word_translations (word_id, locale, gloss, gloss_short, example_ko, example_en, content_version) VALUES ('w-kp-060', 'en-US', 'leader', 'leader', '리더가 누구예요?', 'Who is the leader?', 1) ON CONFLICT (word_id, locale) DO UPDATE SET gloss=EXCLUDED.gloss, gloss_short=EXCLUDED.gloss_short, example_ko=EXCLUDED.example_ko, example_en=EXCLUDED.example_en;
INSERT INTO word_pack_members (pack_id, word_id, sort_order, is_free_sample) VALUES ('core-kpop-001', 'w-kp-060', 59, FALSE) ON CONFLICT (pack_id, word_id) DO UPDATE SET sort_order=EXCLUDED.sort_order, is_free_sample=EXCLUDED.is_free_sample;
INSERT INTO words (word_id, korean, romanization, content_version) VALUES ('w-tv-001', '비행기', 'bi-haeng-gi', 1) ON CONFLICT (word_id) DO UPDATE SET korean=EXCLUDED.korean, romanization=EXCLUDED.romanization;
INSERT INTO word_translations (word_id, locale, gloss, gloss_short, example_ko, example_en, content_version) VALUES ('w-tv-001', 'en-US', 'airplane', 'airplane', '비행기 타요.', 'I''m taking a plane.', 1) ON CONFLICT (word_id, locale) DO UPDATE SET gloss=EXCLUDED.gloss, gloss_short=EXCLUDED.gloss_short, example_ko=EXCLUDED.example_ko, example_en=EXCLUDED.example_en;
INSERT INTO word_pack_members (pack_id, word_id, sort_order, is_free_sample) VALUES ('core-travel-001', 'w-tv-001', 0, TRUE) ON CONFLICT (pack_id, word_id) DO UPDATE SET sort_order=EXCLUDED.sort_order, is_free_sample=EXCLUDED.is_free_sample;
INSERT INTO words (word_id, korean, romanization, content_version) VALUES ('w-tv-002', '공항버스', 'gong-hang-beo-seu', 1) ON CONFLICT (word_id) DO UPDATE SET korean=EXCLUDED.korean, romanization=EXCLUDED.romanization;
INSERT INTO word_translations (word_id, locale, gloss, gloss_short, example_ko, example_en, content_version) VALUES ('w-tv-002', 'en-US', 'airport bus', 'airport bus', '공항버스 타요.', 'I''m taking the airport bus.', 1) ON CONFLICT (word_id, locale) DO UPDATE SET gloss=EXCLUDED.gloss, gloss_short=EXCLUDED.gloss_short, example_ko=EXCLUDED.example_ko, example_en=EXCLUDED.example_en;
INSERT INTO word_pack_members (pack_id, word_id, sort_order, is_free_sample) VALUES ('core-travel-001', 'w-tv-002', 1, TRUE) ON CONFLICT (pack_id, word_id) DO UPDATE SET sort_order=EXCLUDED.sort_order, is_free_sample=EXCLUDED.is_free_sample;
INSERT INTO words (word_id, korean, romanization, content_version) VALUES ('w-tv-003', '표', 'pyo', 1) ON CONFLICT (word_id) DO UPDATE SET korean=EXCLUDED.korean, romanization=EXCLUDED.romanization;
INSERT INTO word_translations (word_id, locale, gloss, gloss_short, example_ko, example_en, content_version) VALUES ('w-tv-003', 'en-US', 'ticket', 'ticket', '표 한 장 주세요.', 'One ticket, please.', 1) ON CONFLICT (word_id, locale) DO UPDATE SET gloss=EXCLUDED.gloss, gloss_short=EXCLUDED.gloss_short, example_ko=EXCLUDED.example_ko, example_en=EXCLUDED.example_en;
INSERT INTO word_pack_members (pack_id, word_id, sort_order, is_free_sample) VALUES ('core-travel-001', 'w-tv-003', 2, TRUE) ON CONFLICT (pack_id, word_id) DO UPDATE SET sort_order=EXCLUDED.sort_order, is_free_sample=EXCLUDED.is_free_sample;
INSERT INTO words (word_id, korean, romanization, content_version) VALUES ('w-tv-004', '출발', 'chul-bal', 1) ON CONFLICT (word_id) DO UPDATE SET korean=EXCLUDED.korean, romanization=EXCLUDED.romanization;
INSERT INTO word_translations (word_id, locale, gloss, gloss_short, example_ko, example_en, content_version) VALUES ('w-tv-004', 'en-US', 'departure', 'departure', '지금 출발해요.', 'Departing now.', 1) ON CONFLICT (word_id, locale) DO UPDATE SET gloss=EXCLUDED.gloss, gloss_short=EXCLUDED.gloss_short, example_ko=EXCLUDED.example_ko, example_en=EXCLUDED.example_en;
INSERT INTO word_pack_members (pack_id, word_id, sort_order, is_free_sample) VALUES ('core-travel-001', 'w-tv-004', 3, TRUE) ON CONFLICT (pack_id, word_id) DO UPDATE SET sort_order=EXCLUDED.sort_order, is_free_sample=EXCLUDED.is_free_sample;
INSERT INTO words (word_id, korean, romanization, content_version) VALUES ('w-tv-005', '도착', 'do-chak', 1) ON CONFLICT (word_id) DO UPDATE SET korean=EXCLUDED.korean, romanization=EXCLUDED.romanization;
INSERT INTO word_translations (word_id, locale, gloss, gloss_short, example_ko, example_en, content_version) VALUES ('w-tv-005', 'en-US', 'arrival', 'arrival', '도착했어요.', 'I''ve arrived.', 1) ON CONFLICT (word_id, locale) DO UPDATE SET gloss=EXCLUDED.gloss, gloss_short=EXCLUDED.gloss_short, example_ko=EXCLUDED.example_ko, example_en=EXCLUDED.example_en;
INSERT INTO word_pack_members (pack_id, word_id, sort_order, is_free_sample) VALUES ('core-travel-001', 'w-tv-005', 4, TRUE) ON CONFLICT (pack_id, word_id) DO UPDATE SET sort_order=EXCLUDED.sort_order, is_free_sample=EXCLUDED.is_free_sample;
INSERT INTO words (word_id, korean, romanization, content_version) VALUES ('w-tv-006', '게이트', 'ge-i-teu', 1) ON CONFLICT (word_id) DO UPDATE SET korean=EXCLUDED.korean, romanization=EXCLUDED.romanization;
INSERT INTO word_translations (word_id, locale, gloss, gloss_short, example_ko, example_en, content_version) VALUES ('w-tv-006', 'en-US', 'gate', 'gate', '게이트 어디예요?', 'Where is the gate?', 1) ON CONFLICT (word_id, locale) DO UPDATE SET gloss=EXCLUDED.gloss, gloss_short=EXCLUDED.gloss_short, example_ko=EXCLUDED.example_ko, example_en=EXCLUDED.example_en;
INSERT INTO word_pack_members (pack_id, word_id, sort_order, is_free_sample) VALUES ('core-travel-001', 'w-tv-006', 5, TRUE) ON CONFLICT (pack_id, word_id) DO UPDATE SET sort_order=EXCLUDED.sort_order, is_free_sample=EXCLUDED.is_free_sample;
INSERT INTO words (word_id, korean, romanization, content_version) VALUES ('w-tv-007', '짐', 'jim', 1) ON CONFLICT (word_id) DO UPDATE SET korean=EXCLUDED.korean, romanization=EXCLUDED.romanization;
INSERT INTO word_translations (word_id, locale, gloss, gloss_short, example_ko, example_en, content_version) VALUES ('w-tv-007', 'en-US', 'luggage', 'luggage', '짐 두 개예요.', 'I have two bags.', 1) ON CONFLICT (word_id, locale) DO UPDATE SET gloss=EXCLUDED.gloss, gloss_short=EXCLUDED.gloss_short, example_ko=EXCLUDED.example_ko, example_en=EXCLUDED.example_en;
INSERT INTO word_pack_members (pack_id, word_id, sort_order, is_free_sample) VALUES ('core-travel-001', 'w-tv-007', 6, TRUE) ON CONFLICT (pack_id, word_id) DO UPDATE SET sort_order=EXCLUDED.sort_order, is_free_sample=EXCLUDED.is_free_sample;
INSERT INTO words (word_id, korean, romanization, content_version) VALUES ('w-tv-008', '여권', 'yeo-gwon', 1) ON CONFLICT (word_id) DO UPDATE SET korean=EXCLUDED.korean, romanization=EXCLUDED.romanization;
INSERT INTO word_translations (word_id, locale, gloss, gloss_short, example_ko, example_en, content_version) VALUES ('w-tv-008', 'en-US', 'passport', 'passport', '여권 주세요.', 'Passport, please.', 1) ON CONFLICT (word_id, locale) DO UPDATE SET gloss=EXCLUDED.gloss, gloss_short=EXCLUDED.gloss_short, example_ko=EXCLUDED.example_ko, example_en=EXCLUDED.example_en;
INSERT INTO word_pack_members (pack_id, word_id, sort_order, is_free_sample) VALUES ('core-travel-001', 'w-tv-008', 7, TRUE) ON CONFLICT (pack_id, word_id) DO UPDATE SET sort_order=EXCLUDED.sort_order, is_free_sample=EXCLUDED.is_free_sample;
INSERT INTO words (word_id, korean, romanization, content_version) VALUES ('w-tv-009', '환승', 'hwan-seung', 1) ON CONFLICT (word_id) DO UPDATE SET korean=EXCLUDED.korean, romanization=EXCLUDED.romanization;
INSERT INTO word_translations (word_id, locale, gloss, gloss_short, example_ko, example_en, content_version) VALUES ('w-tv-009', 'en-US', 'transfer', 'transfer', '환승해요.', 'I''m transferring.', 1) ON CONFLICT (word_id, locale) DO UPDATE SET gloss=EXCLUDED.gloss, gloss_short=EXCLUDED.gloss_short, example_ko=EXCLUDED.example_ko, example_en=EXCLUDED.example_en;
INSERT INTO word_pack_members (pack_id, word_id, sort_order, is_free_sample) VALUES ('core-travel-001', 'w-tv-009', 8, TRUE) ON CONFLICT (pack_id, word_id) DO UPDATE SET sort_order=EXCLUDED.sort_order, is_free_sample=EXCLUDED.is_free_sample;
INSERT INTO words (word_id, korean, romanization, content_version) VALUES ('w-tv-010', '지연', 'ji-yeon', 1) ON CONFLICT (word_id) DO UPDATE SET korean=EXCLUDED.korean, romanization=EXCLUDED.romanization;
INSERT INTO word_translations (word_id, locale, gloss, gloss_short, example_ko, example_en, content_version) VALUES ('w-tv-010', 'en-US', 'delay', 'delay', '비행기 지연됐어요.', 'The flight is delayed.', 1) ON CONFLICT (word_id, locale) DO UPDATE SET gloss=EXCLUDED.gloss, gloss_short=EXCLUDED.gloss_short, example_ko=EXCLUDED.example_ko, example_en=EXCLUDED.example_en;
INSERT INTO word_pack_members (pack_id, word_id, sort_order, is_free_sample) VALUES ('core-travel-001', 'w-tv-010', 9, TRUE) ON CONFLICT (pack_id, word_id) DO UPDATE SET sort_order=EXCLUDED.sort_order, is_free_sample=EXCLUDED.is_free_sample;
INSERT INTO words (word_id, korean, romanization, content_version) VALUES ('w-tv-011', '호텔', 'ho-tel', 1) ON CONFLICT (word_id) DO UPDATE SET korean=EXCLUDED.korean, romanization=EXCLUDED.romanization;
INSERT INTO word_translations (word_id, locale, gloss, gloss_short, example_ko, example_en, content_version) VALUES ('w-tv-011', 'en-US', 'hotel', 'hotel', '호텔 어디예요?', 'Where is the hotel?', 1) ON CONFLICT (word_id, locale) DO UPDATE SET gloss=EXCLUDED.gloss, gloss_short=EXCLUDED.gloss_short, example_ko=EXCLUDED.example_ko, example_en=EXCLUDED.example_en;
INSERT INTO word_pack_members (pack_id, word_id, sort_order, is_free_sample) VALUES ('core-travel-001', 'w-tv-011', 10, FALSE) ON CONFLICT (pack_id, word_id) DO UPDATE SET sort_order=EXCLUDED.sort_order, is_free_sample=EXCLUDED.is_free_sample;
INSERT INTO words (word_id, korean, romanization, content_version) VALUES ('w-tv-012', '예약', 'ye-yak', 1) ON CONFLICT (word_id) DO UPDATE SET korean=EXCLUDED.korean, romanization=EXCLUDED.romanization;
INSERT INTO word_translations (word_id, locale, gloss, gloss_short, example_ko, example_en, content_version) VALUES ('w-tv-012', 'en-US', 'reservation', 'reservation', '예약했어요.', 'I made a reservation.', 1) ON CONFLICT (word_id, locale) DO UPDATE SET gloss=EXCLUDED.gloss, gloss_short=EXCLUDED.gloss_short, example_ko=EXCLUDED.example_ko, example_en=EXCLUDED.example_en;
INSERT INTO word_pack_members (pack_id, word_id, sort_order, is_free_sample) VALUES ('core-travel-001', 'w-tv-012', 11, FALSE) ON CONFLICT (pack_id, word_id) DO UPDATE SET sort_order=EXCLUDED.sort_order, is_free_sample=EXCLUDED.is_free_sample;
INSERT INTO words (word_id, korean, romanization, content_version) VALUES ('w-tv-013', '체크인', 'che-keu-in', 1) ON CONFLICT (word_id) DO UPDATE SET korean=EXCLUDED.korean, romanization=EXCLUDED.romanization;
INSERT INTO word_translations (word_id, locale, gloss, gloss_short, example_ko, example_en, content_version) VALUES ('w-tv-013', 'en-US', 'check-in', 'check-in', '체크인 부탁해요.', 'Check-in, please.', 1) ON CONFLICT (word_id, locale) DO UPDATE SET gloss=EXCLUDED.gloss, gloss_short=EXCLUDED.gloss_short, example_ko=EXCLUDED.example_ko, example_en=EXCLUDED.example_en;
INSERT INTO word_pack_members (pack_id, word_id, sort_order, is_free_sample) VALUES ('core-travel-001', 'w-tv-013', 12, FALSE) ON CONFLICT (pack_id, word_id) DO UPDATE SET sort_order=EXCLUDED.sort_order, is_free_sample=EXCLUDED.is_free_sample;
INSERT INTO words (word_id, korean, romanization, content_version) VALUES ('w-tv-014', '체크아웃', 'che-keu-a-ut', 1) ON CONFLICT (word_id) DO UPDATE SET korean=EXCLUDED.korean, romanization=EXCLUDED.romanization;
INSERT INTO word_translations (word_id, locale, gloss, gloss_short, example_ko, example_en, content_version) VALUES ('w-tv-014', 'en-US', 'check-out', 'check-out', '체크아웃 할게요.', 'I''ll check out.', 1) ON CONFLICT (word_id, locale) DO UPDATE SET gloss=EXCLUDED.gloss, gloss_short=EXCLUDED.gloss_short, example_ko=EXCLUDED.example_ko, example_en=EXCLUDED.example_en;
INSERT INTO word_pack_members (pack_id, word_id, sort_order, is_free_sample) VALUES ('core-travel-001', 'w-tv-014', 13, FALSE) ON CONFLICT (pack_id, word_id) DO UPDATE SET sort_order=EXCLUDED.sort_order, is_free_sample=EXCLUDED.is_free_sample;
INSERT INTO words (word_id, korean, romanization, content_version) VALUES ('w-tv-015', '방 키', 'bang-ki', 1) ON CONFLICT (word_id) DO UPDATE SET korean=EXCLUDED.korean, romanization=EXCLUDED.romanization;
INSERT INTO word_translations (word_id, locale, gloss, gloss_short, example_ko, example_en, content_version) VALUES ('w-tv-015', 'en-US', 'room key', 'room key', '방 키 주세요.', 'Room key, please.', 1) ON CONFLICT (word_id, locale) DO UPDATE SET gloss=EXCLUDED.gloss, gloss_short=EXCLUDED.gloss_short, example_ko=EXCLUDED.example_ko, example_en=EXCLUDED.example_en;
INSERT INTO word_pack_members (pack_id, word_id, sort_order, is_free_sample) VALUES ('core-travel-001', 'w-tv-015', 14, FALSE) ON CONFLICT (pack_id, word_id) DO UPDATE SET sort_order=EXCLUDED.sort_order, is_free_sample=EXCLUDED.is_free_sample;
INSERT INTO words (word_id, korean, romanization, content_version) VALUES ('w-tv-016', '룸서비스', 'rum-seo-bi-seu', 1) ON CONFLICT (word_id) DO UPDATE SET korean=EXCLUDED.korean, romanization=EXCLUDED.romanization;
INSERT INTO word_translations (word_id, locale, gloss, gloss_short, example_ko, example_en, content_version) VALUES ('w-tv-016', 'en-US', 'room service', 'room service', '룸서비스 시켜요.', 'Let''s order room service.', 1) ON CONFLICT (word_id, locale) DO UPDATE SET gloss=EXCLUDED.gloss, gloss_short=EXCLUDED.gloss_short, example_ko=EXCLUDED.example_ko, example_en=EXCLUDED.example_en;
INSERT INTO word_pack_members (pack_id, word_id, sort_order, is_free_sample) VALUES ('core-travel-001', 'w-tv-016', 15, FALSE) ON CONFLICT (pack_id, word_id) DO UPDATE SET sort_order=EXCLUDED.sort_order, is_free_sample=EXCLUDED.is_free_sample;
INSERT INTO words (word_id, korean, romanization, content_version) VALUES ('w-tv-017', '와이파이', 'wa-i-pa-i', 1) ON CONFLICT (word_id) DO UPDATE SET korean=EXCLUDED.korean, romanization=EXCLUDED.romanization;
INSERT INTO word_translations (word_id, locale, gloss, gloss_short, example_ko, example_en, content_version) VALUES ('w-tv-017', 'en-US', 'Wi-Fi', 'Wi-Fi', '와이파이 비번이 뭐예요?', 'What''s the Wi-Fi password?', 1) ON CONFLICT (word_id, locale) DO UPDATE SET gloss=EXCLUDED.gloss, gloss_short=EXCLUDED.gloss_short, example_ko=EXCLUDED.example_ko, example_en=EXCLUDED.example_en;
INSERT INTO word_pack_members (pack_id, word_id, sort_order, is_free_sample) VALUES ('core-travel-001', 'w-tv-017', 16, FALSE) ON CONFLICT (pack_id, word_id) DO UPDATE SET sort_order=EXCLUDED.sort_order, is_free_sample=EXCLUDED.is_free_sample;
INSERT INTO words (word_id, korean, romanization, content_version) VALUES ('w-tv-018', '조식', 'jo-sik', 1) ON CONFLICT (word_id) DO UPDATE SET korean=EXCLUDED.korean, romanization=EXCLUDED.romanization;
INSERT INTO word_translations (word_id, locale, gloss, gloss_short, example_ko, example_en, content_version) VALUES ('w-tv-018', 'en-US', 'breakfast (hotel)', 'breakfast', '조식 포함이에요?', 'Is breakfast included?', 1) ON CONFLICT (word_id, locale) DO UPDATE SET gloss=EXCLUDED.gloss, gloss_short=EXCLUDED.gloss_short, example_ko=EXCLUDED.example_ko, example_en=EXCLUDED.example_en;
INSERT INTO word_pack_members (pack_id, word_id, sort_order, is_free_sample) VALUES ('core-travel-001', 'w-tv-018', 17, FALSE) ON CONFLICT (pack_id, word_id) DO UPDATE SET sort_order=EXCLUDED.sort_order, is_free_sample=EXCLUDED.is_free_sample;
INSERT INTO words (word_id, korean, romanization, content_version) VALUES ('w-tv-019', '청소', 'cheong-so', 1) ON CONFLICT (word_id) DO UPDATE SET korean=EXCLUDED.korean, romanization=EXCLUDED.romanization;
INSERT INTO word_translations (word_id, locale, gloss, gloss_short, example_ko, example_en, content_version) VALUES ('w-tv-019', 'en-US', 'cleaning', 'cleaning', '청소 부탁드려요.', 'Cleaning, please.', 1) ON CONFLICT (word_id, locale) DO UPDATE SET gloss=EXCLUDED.gloss, gloss_short=EXCLUDED.gloss_short, example_ko=EXCLUDED.example_ko, example_en=EXCLUDED.example_en;
INSERT INTO word_pack_members (pack_id, word_id, sort_order, is_free_sample) VALUES ('core-travel-001', 'w-tv-019', 18, FALSE) ON CONFLICT (pack_id, word_id) DO UPDATE SET sort_order=EXCLUDED.sort_order, is_free_sample=EXCLUDED.is_free_sample;
INSERT INTO words (word_id, korean, romanization, content_version) VALUES ('w-tv-020', '보증금', 'bo-jeung-geum', 1) ON CONFLICT (word_id) DO UPDATE SET korean=EXCLUDED.korean, romanization=EXCLUDED.romanization;
INSERT INTO word_translations (word_id, locale, gloss, gloss_short, example_ko, example_en, content_version) VALUES ('w-tv-020', 'en-US', 'deposit', 'deposit', '보증금 얼마예요?', 'How much is the deposit?', 1) ON CONFLICT (word_id, locale) DO UPDATE SET gloss=EXCLUDED.gloss, gloss_short=EXCLUDED.gloss_short, example_ko=EXCLUDED.example_ko, example_en=EXCLUDED.example_en;
INSERT INTO word_pack_members (pack_id, word_id, sort_order, is_free_sample) VALUES ('core-travel-001', 'w-tv-020', 19, FALSE) ON CONFLICT (pack_id, word_id) DO UPDATE SET sort_order=EXCLUDED.sort_order, is_free_sample=EXCLUDED.is_free_sample;
INSERT INTO words (word_id, korean, romanization, content_version) VALUES ('w-tv-021', '식당', 'sik-dang', 1) ON CONFLICT (word_id) DO UPDATE SET korean=EXCLUDED.korean, romanization=EXCLUDED.romanization;
INSERT INTO word_translations (word_id, locale, gloss, gloss_short, example_ko, example_en, content_version) VALUES ('w-tv-021', 'en-US', 'restaurant', 'restaurant', '식당 어디예요?', 'Where is the restaurant?', 1) ON CONFLICT (word_id, locale) DO UPDATE SET gloss=EXCLUDED.gloss, gloss_short=EXCLUDED.gloss_short, example_ko=EXCLUDED.example_ko, example_en=EXCLUDED.example_en;
INSERT INTO word_pack_members (pack_id, word_id, sort_order, is_free_sample) VALUES ('core-travel-001', 'w-tv-021', 20, FALSE) ON CONFLICT (pack_id, word_id) DO UPDATE SET sort_order=EXCLUDED.sort_order, is_free_sample=EXCLUDED.is_free_sample;
INSERT INTO words (word_id, korean, romanization, content_version) VALUES ('w-tv-022', '메뉴판', 'me-nyu-pan', 1) ON CONFLICT (word_id) DO UPDATE SET korean=EXCLUDED.korean, romanization=EXCLUDED.romanization;
INSERT INTO word_translations (word_id, locale, gloss, gloss_short, example_ko, example_en, content_version) VALUES ('w-tv-022', 'en-US', 'menu', 'menu', '메뉴판 주세요.', 'Menu, please.', 1) ON CONFLICT (word_id, locale) DO UPDATE SET gloss=EXCLUDED.gloss, gloss_short=EXCLUDED.gloss_short, example_ko=EXCLUDED.example_ko, example_en=EXCLUDED.example_en;
INSERT INTO word_pack_members (pack_id, word_id, sort_order, is_free_sample) VALUES ('core-travel-001', 'w-tv-022', 21, FALSE) ON CONFLICT (pack_id, word_id) DO UPDATE SET sort_order=EXCLUDED.sort_order, is_free_sample=EXCLUDED.is_free_sample;
INSERT INTO words (word_id, korean, romanization, content_version) VALUES ('w-tv-023', '주문서', 'ju-mun-seo', 1) ON CONFLICT (word_id) DO UPDATE SET korean=EXCLUDED.korean, romanization=EXCLUDED.romanization;
INSERT INTO word_translations (word_id, locale, gloss, gloss_short, example_ko, example_en, content_version) VALUES ('w-tv-023', 'en-US', 'order slip', 'order slip', '주문서 주세요.', 'The order slip, please.', 1) ON CONFLICT (word_id, locale) DO UPDATE SET gloss=EXCLUDED.gloss, gloss_short=EXCLUDED.gloss_short, example_ko=EXCLUDED.example_ko, example_en=EXCLUDED.example_en;
INSERT INTO word_pack_members (pack_id, word_id, sort_order, is_free_sample) VALUES ('core-travel-001', 'w-tv-023', 22, FALSE) ON CONFLICT (pack_id, word_id) DO UPDATE SET sort_order=EXCLUDED.sort_order, is_free_sample=EXCLUDED.is_free_sample;
INSERT INTO words (word_id, korean, romanization, content_version) VALUES ('w-tv-024', '추천', 'chu-cheon', 1) ON CONFLICT (word_id) DO UPDATE SET korean=EXCLUDED.korean, romanization=EXCLUDED.romanization;
INSERT INTO word_translations (word_id, locale, gloss, gloss_short, example_ko, example_en, content_version) VALUES ('w-tv-024', 'en-US', 'recommendation', 'recommendation', '추천해 주세요.', 'Could you recommend?', 1) ON CONFLICT (word_id, locale) DO UPDATE SET gloss=EXCLUDED.gloss, gloss_short=EXCLUDED.gloss_short, example_ko=EXCLUDED.example_ko, example_en=EXCLUDED.example_en;
INSERT INTO word_pack_members (pack_id, word_id, sort_order, is_free_sample) VALUES ('core-travel-001', 'w-tv-024', 23, FALSE) ON CONFLICT (pack_id, word_id) DO UPDATE SET sort_order=EXCLUDED.sort_order, is_free_sample=EXCLUDED.is_free_sample;
INSERT INTO words (word_id, korean, romanization, content_version) VALUES ('w-tv-025', '매워요', 'mae-wo-yo', 1) ON CONFLICT (word_id) DO UPDATE SET korean=EXCLUDED.korean, romanization=EXCLUDED.romanization;
INSERT INTO word_translations (word_id, locale, gloss, gloss_short, example_ko, example_en, content_version) VALUES ('w-tv-025', 'en-US', 'it''s spicy', 'it''s spicy', '이거 매워요?', 'Is this spicy?', 1) ON CONFLICT (word_id, locale) DO UPDATE SET gloss=EXCLUDED.gloss, gloss_short=EXCLUDED.gloss_short, example_ko=EXCLUDED.example_ko, example_en=EXCLUDED.example_en;
INSERT INTO word_pack_members (pack_id, word_id, sort_order, is_free_sample) VALUES ('core-travel-001', 'w-tv-025', 24, FALSE) ON CONFLICT (pack_id, word_id) DO UPDATE SET sort_order=EXCLUDED.sort_order, is_free_sample=EXCLUDED.is_free_sample;
INSERT INTO words (word_id, korean, romanization, content_version) VALUES ('w-tv-026', '안 매워요', 'an-mae-wo-yo', 1) ON CONFLICT (word_id) DO UPDATE SET korean=EXCLUDED.korean, romanization=EXCLUDED.romanization;
INSERT INTO word_translations (word_id, locale, gloss, gloss_short, example_ko, example_en, content_version) VALUES ('w-tv-026', 'en-US', 'not spicy', 'not spicy', '안 매운 거 주세요.', 'Not spicy, please.', 1) ON CONFLICT (word_id, locale) DO UPDATE SET gloss=EXCLUDED.gloss, gloss_short=EXCLUDED.gloss_short, example_ko=EXCLUDED.example_ko, example_en=EXCLUDED.example_en;
INSERT INTO word_pack_members (pack_id, word_id, sort_order, is_free_sample) VALUES ('core-travel-001', 'w-tv-026', 25, FALSE) ON CONFLICT (pack_id, word_id) DO UPDATE SET sort_order=EXCLUDED.sort_order, is_free_sample=EXCLUDED.is_free_sample;
INSERT INTO words (word_id, korean, romanization, content_version) VALUES ('w-tv-027', '포장', 'po-jang', 1) ON CONFLICT (word_id) DO UPDATE SET korean=EXCLUDED.korean, romanization=EXCLUDED.romanization;
INSERT INTO word_translations (word_id, locale, gloss, gloss_short, example_ko, example_en, content_version) VALUES ('w-tv-027', 'en-US', 'to-go / takeout', 'to-go / takeout', '포장해 주세요.', 'To go, please.', 1) ON CONFLICT (word_id, locale) DO UPDATE SET gloss=EXCLUDED.gloss, gloss_short=EXCLUDED.gloss_short, example_ko=EXCLUDED.example_ko, example_en=EXCLUDED.example_en;
INSERT INTO word_pack_members (pack_id, word_id, sort_order, is_free_sample) VALUES ('core-travel-001', 'w-tv-027', 26, FALSE) ON CONFLICT (pack_id, word_id) DO UPDATE SET sort_order=EXCLUDED.sort_order, is_free_sample=EXCLUDED.is_free_sample;
INSERT INTO words (word_id, korean, romanization, content_version) VALUES ('w-tv-028', '영수증', 'yeong-su-jeung', 1) ON CONFLICT (word_id) DO UPDATE SET korean=EXCLUDED.korean, romanization=EXCLUDED.romanization;
INSERT INTO word_translations (word_id, locale, gloss, gloss_short, example_ko, example_en, content_version) VALUES ('w-tv-028', 'en-US', 'receipt', 'receipt', '영수증 주세요.', 'Receipt, please.', 1) ON CONFLICT (word_id, locale) DO UPDATE SET gloss=EXCLUDED.gloss, gloss_short=EXCLUDED.gloss_short, example_ko=EXCLUDED.example_ko, example_en=EXCLUDED.example_en;
INSERT INTO word_pack_members (pack_id, word_id, sort_order, is_free_sample) VALUES ('core-travel-001', 'w-tv-028', 27, FALSE) ON CONFLICT (pack_id, word_id) DO UPDATE SET sort_order=EXCLUDED.sort_order, is_free_sample=EXCLUDED.is_free_sample;
INSERT INTO words (word_id, korean, romanization, content_version) VALUES ('w-tv-029', '팁 없음', 'tip-eop-seum', 1) ON CONFLICT (word_id) DO UPDATE SET korean=EXCLUDED.korean, romanization=EXCLUDED.romanization;
INSERT INTO word_translations (word_id, locale, gloss, gloss_short, example_ko, example_en, content_version) VALUES ('w-tv-029', 'en-US', 'no tipping', 'no tipping', '한국은 팁 없어요.', 'No tipping in Korea.', 1) ON CONFLICT (word_id, locale) DO UPDATE SET gloss=EXCLUDED.gloss, gloss_short=EXCLUDED.gloss_short, example_ko=EXCLUDED.example_ko, example_en=EXCLUDED.example_en;
INSERT INTO word_pack_members (pack_id, word_id, sort_order, is_free_sample) VALUES ('core-travel-001', 'w-tv-029', 28, FALSE) ON CONFLICT (pack_id, word_id) DO UPDATE SET sort_order=EXCLUDED.sort_order, is_free_sample=EXCLUDED.is_free_sample;
INSERT INTO words (word_id, korean, romanization, content_version) VALUES ('w-tv-030', '공중화장실', 'gong-jung-hwa-jang-sil', 1) ON CONFLICT (word_id) DO UPDATE SET korean=EXCLUDED.korean, romanization=EXCLUDED.romanization;
INSERT INTO word_translations (word_id, locale, gloss, gloss_short, example_ko, example_en, content_version) VALUES ('w-tv-030', 'en-US', 'public restroom', 'public restroom', '공중화장실 있어요?', 'Is there a public restroom?', 1) ON CONFLICT (word_id, locale) DO UPDATE SET gloss=EXCLUDED.gloss, gloss_short=EXCLUDED.gloss_short, example_ko=EXCLUDED.example_ko, example_en=EXCLUDED.example_en;
INSERT INTO word_pack_members (pack_id, word_id, sort_order, is_free_sample) VALUES ('core-travel-001', 'w-tv-030', 29, FALSE) ON CONFLICT (pack_id, word_id) DO UPDATE SET sort_order=EXCLUDED.sort_order, is_free_sample=EXCLUDED.is_free_sample;
INSERT INTO words (word_id, korean, romanization, content_version) VALUES ('w-tv-031', '관광', 'gwan-gwang', 1) ON CONFLICT (word_id) DO UPDATE SET korean=EXCLUDED.korean, romanization=EXCLUDED.romanization;
INSERT INTO word_translations (word_id, locale, gloss, gloss_short, example_ko, example_en, content_version) VALUES ('w-tv-031', 'en-US', 'sightseeing', 'sightseeing', '관광 왔어요.', 'I''m here for sightseeing.', 1) ON CONFLICT (word_id, locale) DO UPDATE SET gloss=EXCLUDED.gloss, gloss_short=EXCLUDED.gloss_short, example_ko=EXCLUDED.example_ko, example_en=EXCLUDED.example_en;
INSERT INTO word_pack_members (pack_id, word_id, sort_order, is_free_sample) VALUES ('core-travel-001', 'w-tv-031', 30, FALSE) ON CONFLICT (pack_id, word_id) DO UPDATE SET sort_order=EXCLUDED.sort_order, is_free_sample=EXCLUDED.is_free_sample;
INSERT INTO words (word_id, korean, romanization, content_version) VALUES ('w-tv-032', '지도', 'ji-do', 1) ON CONFLICT (word_id) DO UPDATE SET korean=EXCLUDED.korean, romanization=EXCLUDED.romanization;
INSERT INTO word_translations (word_id, locale, gloss, gloss_short, example_ko, example_en, content_version) VALUES ('w-tv-032', 'en-US', 'map', 'map', '지도 좀 보여 주세요.', 'Could you show me the map?', 1) ON CONFLICT (word_id, locale) DO UPDATE SET gloss=EXCLUDED.gloss, gloss_short=EXCLUDED.gloss_short, example_ko=EXCLUDED.example_ko, example_en=EXCLUDED.example_en;
INSERT INTO word_pack_members (pack_id, word_id, sort_order, is_free_sample) VALUES ('core-travel-001', 'w-tv-032', 31, FALSE) ON CONFLICT (pack_id, word_id) DO UPDATE SET sort_order=EXCLUDED.sort_order, is_free_sample=EXCLUDED.is_free_sample;
INSERT INTO words (word_id, korean, romanization, content_version) VALUES ('w-tv-033', '명소', 'myeong-so', 1) ON CONFLICT (word_id) DO UPDATE SET korean=EXCLUDED.korean, romanization=EXCLUDED.romanization;
INSERT INTO word_translations (word_id, locale, gloss, gloss_short, example_ko, example_en, content_version) VALUES ('w-tv-033', 'en-US', 'famous place', 'famous place', '여기가 명소예요.', 'This is a famous spot.', 1) ON CONFLICT (word_id, locale) DO UPDATE SET gloss=EXCLUDED.gloss, gloss_short=EXCLUDED.gloss_short, example_ko=EXCLUDED.example_ko, example_en=EXCLUDED.example_en;
INSERT INTO word_pack_members (pack_id, word_id, sort_order, is_free_sample) VALUES ('core-travel-001', 'w-tv-033', 32, FALSE) ON CONFLICT (pack_id, word_id) DO UPDATE SET sort_order=EXCLUDED.sort_order, is_free_sample=EXCLUDED.is_free_sample;
INSERT INTO words (word_id, korean, romanization, content_version) VALUES ('w-tv-034', '박물관', 'bang-mul-gwan', 1) ON CONFLICT (word_id) DO UPDATE SET korean=EXCLUDED.korean, romanization=EXCLUDED.romanization;
INSERT INTO word_translations (word_id, locale, gloss, gloss_short, example_ko, example_en, content_version) VALUES ('w-tv-034', 'en-US', 'museum', 'museum', '박물관에 가요.', 'I''m going to the museum.', 1) ON CONFLICT (word_id, locale) DO UPDATE SET gloss=EXCLUDED.gloss, gloss_short=EXCLUDED.gloss_short, example_ko=EXCLUDED.example_ko, example_en=EXCLUDED.example_en;
INSERT INTO word_pack_members (pack_id, word_id, sort_order, is_free_sample) VALUES ('core-travel-001', 'w-tv-034', 33, FALSE) ON CONFLICT (pack_id, word_id) DO UPDATE SET sort_order=EXCLUDED.sort_order, is_free_sample=EXCLUDED.is_free_sample;
INSERT INTO words (word_id, korean, romanization, content_version) VALUES ('w-tv-035', '궁전', 'gung-jeon', 1) ON CONFLICT (word_id) DO UPDATE SET korean=EXCLUDED.korean, romanization=EXCLUDED.romanization;
INSERT INTO word_translations (word_id, locale, gloss, gloss_short, example_ko, example_en, content_version) VALUES ('w-tv-035', 'en-US', 'palace', 'palace', '경복궁 궁전이에요.', 'It''s Gyeongbokgung Palace.', 1) ON CONFLICT (word_id, locale) DO UPDATE SET gloss=EXCLUDED.gloss, gloss_short=EXCLUDED.gloss_short, example_ko=EXCLUDED.example_ko, example_en=EXCLUDED.example_en;
INSERT INTO word_pack_members (pack_id, word_id, sort_order, is_free_sample) VALUES ('core-travel-001', 'w-tv-035', 34, FALSE) ON CONFLICT (pack_id, word_id) DO UPDATE SET sort_order=EXCLUDED.sort_order, is_free_sample=EXCLUDED.is_free_sample;
INSERT INTO words (word_id, korean, romanization, content_version) VALUES ('w-tv-036', '시장', 'si-jang', 1) ON CONFLICT (word_id) DO UPDATE SET korean=EXCLUDED.korean, romanization=EXCLUDED.romanization;
INSERT INTO word_translations (word_id, locale, gloss, gloss_short, example_ko, example_en, content_version) VALUES ('w-tv-036', 'en-US', 'market', 'market', '남대문 시장 가요.', 'Going to Namdaemun Market.', 1) ON CONFLICT (word_id, locale) DO UPDATE SET gloss=EXCLUDED.gloss, gloss_short=EXCLUDED.gloss_short, example_ko=EXCLUDED.example_ko, example_en=EXCLUDED.example_en;
INSERT INTO word_pack_members (pack_id, word_id, sort_order, is_free_sample) VALUES ('core-travel-001', 'w-tv-036', 35, FALSE) ON CONFLICT (pack_id, word_id) DO UPDATE SET sort_order=EXCLUDED.sort_order, is_free_sample=EXCLUDED.is_free_sample;
INSERT INTO words (word_id, korean, romanization, content_version) VALUES ('w-tv-037', '입장료', 'ip-jang-ryo', 1) ON CONFLICT (word_id) DO UPDATE SET korean=EXCLUDED.korean, romanization=EXCLUDED.romanization;
INSERT INTO word_translations (word_id, locale, gloss, gloss_short, example_ko, example_en, content_version) VALUES ('w-tv-037', 'en-US', 'admission fee', 'admission fee', '입장료 얼마예요?', 'How much is admission?', 1) ON CONFLICT (word_id, locale) DO UPDATE SET gloss=EXCLUDED.gloss, gloss_short=EXCLUDED.gloss_short, example_ko=EXCLUDED.example_ko, example_en=EXCLUDED.example_en;
INSERT INTO word_pack_members (pack_id, word_id, sort_order, is_free_sample) VALUES ('core-travel-001', 'w-tv-037', 36, FALSE) ON CONFLICT (pack_id, word_id) DO UPDATE SET sort_order=EXCLUDED.sort_order, is_free_sample=EXCLUDED.is_free_sample;
INSERT INTO words (word_id, korean, romanization, content_version) VALUES ('w-tv-038', '가이드', 'ga-i-deu', 1) ON CONFLICT (word_id) DO UPDATE SET korean=EXCLUDED.korean, romanization=EXCLUDED.romanization;
INSERT INTO word_translations (word_id, locale, gloss, gloss_short, example_ko, example_en, content_version) VALUES ('w-tv-038', 'en-US', 'guide', 'guide', '가이드 있어요?', 'Do you have a guide?', 1) ON CONFLICT (word_id, locale) DO UPDATE SET gloss=EXCLUDED.gloss, gloss_short=EXCLUDED.gloss_short, example_ko=EXCLUDED.example_ko, example_en=EXCLUDED.example_en;
INSERT INTO word_pack_members (pack_id, word_id, sort_order, is_free_sample) VALUES ('core-travel-001', 'w-tv-038', 37, FALSE) ON CONFLICT (pack_id, word_id) DO UPDATE SET sort_order=EXCLUDED.sort_order, is_free_sample=EXCLUDED.is_free_sample;
INSERT INTO words (word_id, korean, romanization, content_version) VALUES ('w-tv-039', '사진 촬영', 'sa-jin-chwa-ryeong', 1) ON CONFLICT (word_id) DO UPDATE SET korean=EXCLUDED.korean, romanization=EXCLUDED.romanization;
INSERT INTO word_translations (word_id, locale, gloss, gloss_short, example_ko, example_en, content_version) VALUES ('w-tv-039', 'en-US', 'taking photos', 'taking photos', '사진 촬영 가능해요?', 'Can I take photos?', 1) ON CONFLICT (word_id, locale) DO UPDATE SET gloss=EXCLUDED.gloss, gloss_short=EXCLUDED.gloss_short, example_ko=EXCLUDED.example_ko, example_en=EXCLUDED.example_en;
INSERT INTO word_pack_members (pack_id, word_id, sort_order, is_free_sample) VALUES ('core-travel-001', 'w-tv-039', 38, FALSE) ON CONFLICT (pack_id, word_id) DO UPDATE SET sort_order=EXCLUDED.sort_order, is_free_sample=EXCLUDED.is_free_sample;
INSERT INTO words (word_id, korean, romanization, content_version) VALUES ('w-tv-040', '줄', 'jul', 1) ON CONFLICT (word_id) DO UPDATE SET korean=EXCLUDED.korean, romanization=EXCLUDED.romanization;
INSERT INTO word_translations (word_id, locale, gloss, gloss_short, example_ko, example_en, content_version) VALUES ('w-tv-040', 'en-US', 'line / queue', 'line / queue', '줄 길어요.', 'The line is long.', 1) ON CONFLICT (word_id, locale) DO UPDATE SET gloss=EXCLUDED.gloss, gloss_short=EXCLUDED.gloss_short, example_ko=EXCLUDED.example_ko, example_en=EXCLUDED.example_en;
INSERT INTO word_pack_members (pack_id, word_id, sort_order, is_free_sample) VALUES ('core-travel-001', 'w-tv-040', 39, FALSE) ON CONFLICT (pack_id, word_id) DO UPDATE SET sort_order=EXCLUDED.sort_order, is_free_sample=EXCLUDED.is_free_sample;
INSERT INTO words (word_id, korean, romanization, content_version) VALUES ('w-tv-041', '가격', 'ga-gyeok', 1) ON CONFLICT (word_id) DO UPDATE SET korean=EXCLUDED.korean, romanization=EXCLUDED.romanization;
INSERT INTO word_translations (word_id, locale, gloss, gloss_short, example_ko, example_en, content_version) VALUES ('w-tv-041', 'en-US', 'price', 'price', '가격이 얼마예요?', 'What''s the price?', 1) ON CONFLICT (word_id, locale) DO UPDATE SET gloss=EXCLUDED.gloss, gloss_short=EXCLUDED.gloss_short, example_ko=EXCLUDED.example_ko, example_en=EXCLUDED.example_en;
INSERT INTO word_pack_members (pack_id, word_id, sort_order, is_free_sample) VALUES ('core-travel-001', 'w-tv-041', 40, FALSE) ON CONFLICT (pack_id, word_id) DO UPDATE SET sort_order=EXCLUDED.sort_order, is_free_sample=EXCLUDED.is_free_sample;
INSERT INTO words (word_id, korean, romanization, content_version) VALUES ('w-tv-042', '비싸요', 'bi-ssa-yo', 1) ON CONFLICT (word_id) DO UPDATE SET korean=EXCLUDED.korean, romanization=EXCLUDED.romanization;
INSERT INTO word_translations (word_id, locale, gloss, gloss_short, example_ko, example_en, content_version) VALUES ('w-tv-042', 'en-US', 'expensive', 'expensive', '너무 비싸요.', 'It''s too expensive.', 1) ON CONFLICT (word_id, locale) DO UPDATE SET gloss=EXCLUDED.gloss, gloss_short=EXCLUDED.gloss_short, example_ko=EXCLUDED.example_ko, example_en=EXCLUDED.example_en;
INSERT INTO word_pack_members (pack_id, word_id, sort_order, is_free_sample) VALUES ('core-travel-001', 'w-tv-042', 41, FALSE) ON CONFLICT (pack_id, word_id) DO UPDATE SET sort_order=EXCLUDED.sort_order, is_free_sample=EXCLUDED.is_free_sample;
INSERT INTO words (word_id, korean, romanization, content_version) VALUES ('w-tv-043', '싸요', 'ssa-yo', 1) ON CONFLICT (word_id) DO UPDATE SET korean=EXCLUDED.korean, romanization=EXCLUDED.romanization;
INSERT INTO word_translations (word_id, locale, gloss, gloss_short, example_ko, example_en, content_version) VALUES ('w-tv-043', 'en-US', 'cheap / inexpensive', 'cheap / inexpensive', '이거 싸요!', 'This is cheap!', 1) ON CONFLICT (word_id, locale) DO UPDATE SET gloss=EXCLUDED.gloss, gloss_short=EXCLUDED.gloss_short, example_ko=EXCLUDED.example_ko, example_en=EXCLUDED.example_en;
INSERT INTO word_pack_members (pack_id, word_id, sort_order, is_free_sample) VALUES ('core-travel-001', 'w-tv-043', 42, FALSE) ON CONFLICT (pack_id, word_id) DO UPDATE SET sort_order=EXCLUDED.sort_order, is_free_sample=EXCLUDED.is_free_sample;
INSERT INTO words (word_id, korean, romanization, content_version) VALUES ('w-tv-044', '깎아 주세요', 'kkak-a-ju-se-yo', 1) ON CONFLICT (word_id) DO UPDATE SET korean=EXCLUDED.korean, romanization=EXCLUDED.romanization;
INSERT INTO word_translations (word_id, locale, gloss, gloss_short, example_ko, example_en, content_version) VALUES ('w-tv-044', 'en-US', 'please discount', 'please discount', '조금만 깎아 주세요.', 'A little discount, please.', 1) ON CONFLICT (word_id, locale) DO UPDATE SET gloss=EXCLUDED.gloss, gloss_short=EXCLUDED.gloss_short, example_ko=EXCLUDED.example_ko, example_en=EXCLUDED.example_en;
INSERT INTO word_pack_members (pack_id, word_id, sort_order, is_free_sample) VALUES ('core-travel-001', 'w-tv-044', 43, FALSE) ON CONFLICT (pack_id, word_id) DO UPDATE SET sort_order=EXCLUDED.sort_order, is_free_sample=EXCLUDED.is_free_sample;
INSERT INTO words (word_id, korean, romanization, content_version) VALUES ('w-tv-045', '현금', 'hyeon-geum', 1) ON CONFLICT (word_id) DO UPDATE SET korean=EXCLUDED.korean, romanization=EXCLUDED.romanization;
INSERT INTO word_translations (word_id, locale, gloss, gloss_short, example_ko, example_en, content_version) VALUES ('w-tv-045', 'en-US', 'cash', 'cash', '현금으로 할게요.', 'I''ll pay cash.', 1) ON CONFLICT (word_id, locale) DO UPDATE SET gloss=EXCLUDED.gloss, gloss_short=EXCLUDED.gloss_short, example_ko=EXCLUDED.example_ko, example_en=EXCLUDED.example_en;
INSERT INTO word_pack_members (pack_id, word_id, sort_order, is_free_sample) VALUES ('core-travel-001', 'w-tv-045', 44, FALSE) ON CONFLICT (pack_id, word_id) DO UPDATE SET sort_order=EXCLUDED.sort_order, is_free_sample=EXCLUDED.is_free_sample;
INSERT INTO words (word_id, korean, romanization, content_version) VALUES ('w-tv-046', '카드', 'ka-deu', 1) ON CONFLICT (word_id) DO UPDATE SET korean=EXCLUDED.korean, romanization=EXCLUDED.romanization;
INSERT INTO word_translations (word_id, locale, gloss, gloss_short, example_ko, example_en, content_version) VALUES ('w-tv-046', 'en-US', 'card', 'card', '카드로 계산할게요.', 'I''ll pay by card.', 1) ON CONFLICT (word_id, locale) DO UPDATE SET gloss=EXCLUDED.gloss, gloss_short=EXCLUDED.gloss_short, example_ko=EXCLUDED.example_ko, example_en=EXCLUDED.example_en;
INSERT INTO word_pack_members (pack_id, word_id, sort_order, is_free_sample) VALUES ('core-travel-001', 'w-tv-046', 45, FALSE) ON CONFLICT (pack_id, word_id) DO UPDATE SET sort_order=EXCLUDED.sort_order, is_free_sample=EXCLUDED.is_free_sample;
INSERT INTO words (word_id, korean, romanization, content_version) VALUES ('w-tv-047', '결제', 'gyeol-je', 1) ON CONFLICT (word_id) DO UPDATE SET korean=EXCLUDED.korean, romanization=EXCLUDED.romanization;
INSERT INTO word_translations (word_id, locale, gloss, gloss_short, example_ko, example_en, content_version) VALUES ('w-tv-047', 'en-US', 'payment', 'payment', '결제 부탁드려요.', 'Payment, please.', 1) ON CONFLICT (word_id, locale) DO UPDATE SET gloss=EXCLUDED.gloss, gloss_short=EXCLUDED.gloss_short, example_ko=EXCLUDED.example_ko, example_en=EXCLUDED.example_en;
INSERT INTO word_pack_members (pack_id, word_id, sort_order, is_free_sample) VALUES ('core-travel-001', 'w-tv-047', 46, FALSE) ON CONFLICT (pack_id, word_id) DO UPDATE SET sort_order=EXCLUDED.sort_order, is_free_sample=EXCLUDED.is_free_sample;
INSERT INTO words (word_id, korean, romanization, content_version) VALUES ('w-tv-048', '환불', 'hwan-bul', 1) ON CONFLICT (word_id) DO UPDATE SET korean=EXCLUDED.korean, romanization=EXCLUDED.romanization;
INSERT INTO word_translations (word_id, locale, gloss, gloss_short, example_ko, example_en, content_version) VALUES ('w-tv-048', 'en-US', 'refund', 'refund', '환불해 주세요.', 'Refund, please.', 1) ON CONFLICT (word_id, locale) DO UPDATE SET gloss=EXCLUDED.gloss, gloss_short=EXCLUDED.gloss_short, example_ko=EXCLUDED.example_ko, example_en=EXCLUDED.example_en;
INSERT INTO word_pack_members (pack_id, word_id, sort_order, is_free_sample) VALUES ('core-travel-001', 'w-tv-048', 47, FALSE) ON CONFLICT (pack_id, word_id) DO UPDATE SET sort_order=EXCLUDED.sort_order, is_free_sample=EXCLUDED.is_free_sample;
INSERT INTO words (word_id, korean, romanization, content_version) VALUES ('w-tv-049', '봉투', 'bong-tu', 1) ON CONFLICT (word_id) DO UPDATE SET korean=EXCLUDED.korean, romanization=EXCLUDED.romanization;
INSERT INTO word_translations (word_id, locale, gloss, gloss_short, example_ko, example_en, content_version) VALUES ('w-tv-049', 'en-US', 'bag (shopping)', 'bag', '봉투 주세요.', 'A bag, please.', 1) ON CONFLICT (word_id, locale) DO UPDATE SET gloss=EXCLUDED.gloss, gloss_short=EXCLUDED.gloss_short, example_ko=EXCLUDED.example_ko, example_en=EXCLUDED.example_en;
INSERT INTO word_pack_members (pack_id, word_id, sort_order, is_free_sample) VALUES ('core-travel-001', 'w-tv-049', 48, FALSE) ON CONFLICT (pack_id, word_id) DO UPDATE SET sort_order=EXCLUDED.sort_order, is_free_sample=EXCLUDED.is_free_sample;
INSERT INTO words (word_id, korean, romanization, content_version) VALUES ('w-tv-050', '사이즈', 'sa-i-jeu', 1) ON CONFLICT (word_id) DO UPDATE SET korean=EXCLUDED.korean, romanization=EXCLUDED.romanization;
INSERT INTO word_translations (word_id, locale, gloss, gloss_short, example_ko, example_en, content_version) VALUES ('w-tv-050', 'en-US', 'size', 'size', '사이즈 있어요?', 'Do you have my size?', 1) ON CONFLICT (word_id, locale) DO UPDATE SET gloss=EXCLUDED.gloss, gloss_short=EXCLUDED.gloss_short, example_ko=EXCLUDED.example_ko, example_en=EXCLUDED.example_en;
INSERT INTO word_pack_members (pack_id, word_id, sort_order, is_free_sample) VALUES ('core-travel-001', 'w-tv-050', 49, FALSE) ON CONFLICT (pack_id, word_id) DO UPDATE SET sort_order=EXCLUDED.sort_order, is_free_sample=EXCLUDED.is_free_sample;
INSERT INTO words (word_id, korean, romanization, content_version) VALUES ('w-tv-051', '도와주세요', 'do-wa-ju-se-yo', 1) ON CONFLICT (word_id) DO UPDATE SET korean=EXCLUDED.korean, romanization=EXCLUDED.romanization;
INSERT INTO word_translations (word_id, locale, gloss, gloss_short, example_ko, example_en, content_version) VALUES ('w-tv-051', 'en-US', 'help me, please', 'help me, please', '도와주세요!', 'Help me, please!', 1) ON CONFLICT (word_id, locale) DO UPDATE SET gloss=EXCLUDED.gloss, gloss_short=EXCLUDED.gloss_short, example_ko=EXCLUDED.example_ko, example_en=EXCLUDED.example_en;
INSERT INTO word_pack_members (pack_id, word_id, sort_order, is_free_sample) VALUES ('core-travel-001', 'w-tv-051', 50, FALSE) ON CONFLICT (pack_id, word_id) DO UPDATE SET sort_order=EXCLUDED.sort_order, is_free_sample=EXCLUDED.is_free_sample;
INSERT INTO words (word_id, korean, romanization, content_version) VALUES ('w-tv-052', '길을 잃었어요', 'gi-reul-i-reo-sseo-yo', 1) ON CONFLICT (word_id) DO UPDATE SET korean=EXCLUDED.korean, romanization=EXCLUDED.romanization;
INSERT INTO word_translations (word_id, locale, gloss, gloss_short, example_ko, example_en, content_version) VALUES ('w-tv-052', 'en-US', 'I''m lost', 'I''m lost', '길을 잃었어요.', 'I''m lost.', 1) ON CONFLICT (word_id, locale) DO UPDATE SET gloss=EXCLUDED.gloss, gloss_short=EXCLUDED.gloss_short, example_ko=EXCLUDED.example_ko, example_en=EXCLUDED.example_en;
INSERT INTO word_pack_members (pack_id, word_id, sort_order, is_free_sample) VALUES ('core-travel-001', 'w-tv-052', 51, FALSE) ON CONFLICT (pack_id, word_id) DO UPDATE SET sort_order=EXCLUDED.sort_order, is_free_sample=EXCLUDED.is_free_sample;
INSERT INTO words (word_id, korean, romanization, content_version) VALUES ('w-tv-053', '경찰', 'gyeong-chal', 1) ON CONFLICT (word_id) DO UPDATE SET korean=EXCLUDED.korean, romanization=EXCLUDED.romanization;
INSERT INTO word_translations (word_id, locale, gloss, gloss_short, example_ko, example_en, content_version) VALUES ('w-tv-053', 'en-US', 'police', 'police', '경찰 불러 주세요.', 'Call the police, please.', 1) ON CONFLICT (word_id, locale) DO UPDATE SET gloss=EXCLUDED.gloss, gloss_short=EXCLUDED.gloss_short, example_ko=EXCLUDED.example_ko, example_en=EXCLUDED.example_en;
INSERT INTO word_pack_members (pack_id, word_id, sort_order, is_free_sample) VALUES ('core-travel-001', 'w-tv-053', 52, FALSE) ON CONFLICT (pack_id, word_id) DO UPDATE SET sort_order=EXCLUDED.sort_order, is_free_sample=EXCLUDED.is_free_sample;
INSERT INTO words (word_id, korean, romanization, content_version) VALUES ('w-tv-054', '응급실', 'eung-geup-sil', 1) ON CONFLICT (word_id) DO UPDATE SET korean=EXCLUDED.korean, romanization=EXCLUDED.romanization;
INSERT INTO word_translations (word_id, locale, gloss, gloss_short, example_ko, example_en, content_version) VALUES ('w-tv-054', 'en-US', 'emergency room', 'emergency room', '응급실 어디예요?', 'Where is the ER?', 1) ON CONFLICT (word_id, locale) DO UPDATE SET gloss=EXCLUDED.gloss, gloss_short=EXCLUDED.gloss_short, example_ko=EXCLUDED.example_ko, example_en=EXCLUDED.example_en;
INSERT INTO word_pack_members (pack_id, word_id, sort_order, is_free_sample) VALUES ('core-travel-001', 'w-tv-054', 53, FALSE) ON CONFLICT (pack_id, word_id) DO UPDATE SET sort_order=EXCLUDED.sort_order, is_free_sample=EXCLUDED.is_free_sample;
INSERT INTO words (word_id, korean, romanization, content_version) VALUES ('w-tv-055', '약', 'yak', 1) ON CONFLICT (word_id) DO UPDATE SET korean=EXCLUDED.korean, romanization=EXCLUDED.romanization;
INSERT INTO word_translations (word_id, locale, gloss, gloss_short, example_ko, example_en, content_version) VALUES ('w-tv-055', 'en-US', 'medicine', 'medicine', '약 어디서 사요?', 'Where do I buy medicine?', 1) ON CONFLICT (word_id, locale) DO UPDATE SET gloss=EXCLUDED.gloss, gloss_short=EXCLUDED.gloss_short, example_ko=EXCLUDED.example_ko, example_en=EXCLUDED.example_en;
INSERT INTO word_pack_members (pack_id, word_id, sort_order, is_free_sample) VALUES ('core-travel-001', 'w-tv-055', 54, FALSE) ON CONFLICT (pack_id, word_id) DO UPDATE SET sort_order=EXCLUDED.sort_order, is_free_sample=EXCLUDED.is_free_sample;
INSERT INTO words (word_id, korean, romanization, content_version) VALUES ('w-tv-056', '영어 할 수 있어요', 'yeong-eo-hal-su-i-sseo-yo', 1) ON CONFLICT (word_id) DO UPDATE SET korean=EXCLUDED.korean, romanization=EXCLUDED.romanization;
INSERT INTO word_translations (word_id, locale, gloss, gloss_short, example_ko, example_en, content_version) VALUES ('w-tv-056', 'en-US', 'I can speak English', 'I can speak English', '영어 할 수 있어요?', 'Can you speak English?', 1) ON CONFLICT (word_id, locale) DO UPDATE SET gloss=EXCLUDED.gloss, gloss_short=EXCLUDED.gloss_short, example_ko=EXCLUDED.example_ko, example_en=EXCLUDED.example_en;
INSERT INTO word_pack_members (pack_id, word_id, sort_order, is_free_sample) VALUES ('core-travel-001', 'w-tv-056', 55, FALSE) ON CONFLICT (pack_id, word_id) DO UPDATE SET sort_order=EXCLUDED.sort_order, is_free_sample=EXCLUDED.is_free_sample;
INSERT INTO words (word_id, korean, romanization, content_version) VALUES ('w-tv-057', '천천히', 'cheon-cheon-hi', 1) ON CONFLICT (word_id) DO UPDATE SET korean=EXCLUDED.korean, romanization=EXCLUDED.romanization;
INSERT INTO word_translations (word_id, locale, gloss, gloss_short, example_ko, example_en, content_version) VALUES ('w-tv-057', 'en-US', 'slowly', 'slowly', '천천히 말해 주세요.', 'Speak slowly, please.', 1) ON CONFLICT (word_id, locale) DO UPDATE SET gloss=EXCLUDED.gloss, gloss_short=EXCLUDED.gloss_short, example_ko=EXCLUDED.example_ko, example_en=EXCLUDED.example_en;
INSERT INTO word_pack_members (pack_id, word_id, sort_order, is_free_sample) VALUES ('core-travel-001', 'w-tv-057', 56, FALSE) ON CONFLICT (pack_id, word_id) DO UPDATE SET sort_order=EXCLUDED.sort_order, is_free_sample=EXCLUDED.is_free_sample;
INSERT INTO words (word_id, korean, romanization, content_version) VALUES ('w-tv-058', '모르겠어요', 'mo-reu-ge-sseo-yo', 1) ON CONFLICT (word_id) DO UPDATE SET korean=EXCLUDED.korean, romanization=EXCLUDED.romanization;
INSERT INTO word_translations (word_id, locale, gloss, gloss_short, example_ko, example_en, content_version) VALUES ('w-tv-058', 'en-US', 'I don''t know', 'I don''t know', '잘 모르겠어요.', 'I don''t know.', 1) ON CONFLICT (word_id, locale) DO UPDATE SET gloss=EXCLUDED.gloss, gloss_short=EXCLUDED.gloss_short, example_ko=EXCLUDED.example_ko, example_en=EXCLUDED.example_en;
INSERT INTO word_pack_members (pack_id, word_id, sort_order, is_free_sample) VALUES ('core-travel-001', 'w-tv-058', 57, FALSE) ON CONFLICT (pack_id, word_id) DO UPDATE SET sort_order=EXCLUDED.sort_order, is_free_sample=EXCLUDED.is_free_sample;
INSERT INTO words (word_id, korean, romanization, content_version) VALUES ('w-tv-059', '다시 한 번', 'da-si-han-beon', 1) ON CONFLICT (word_id) DO UPDATE SET korean=EXCLUDED.korean, romanization=EXCLUDED.romanization;
INSERT INTO word_translations (word_id, locale, gloss, gloss_short, example_ko, example_en, content_version) VALUES ('w-tv-059', 'en-US', 'one more time', 'one more time', '다시 한 번 말해 주세요.', 'Once more, please.', 1) ON CONFLICT (word_id, locale) DO UPDATE SET gloss=EXCLUDED.gloss, gloss_short=EXCLUDED.gloss_short, example_ko=EXCLUDED.example_ko, example_en=EXCLUDED.example_en;
INSERT INTO word_pack_members (pack_id, word_id, sort_order, is_free_sample) VALUES ('core-travel-001', 'w-tv-059', 58, FALSE) ON CONFLICT (pack_id, word_id) DO UPDATE SET sort_order=EXCLUDED.sort_order, is_free_sample=EXCLUDED.is_free_sample;
INSERT INTO words (word_id, korean, romanization, content_version) VALUES ('w-tv-060', '신세 졌어요', 'sin-se-jyeo-sseo-yo', 1) ON CONFLICT (word_id) DO UPDATE SET korean=EXCLUDED.korean, romanization=EXCLUDED.romanization;
INSERT INTO word_translations (word_id, locale, gloss, gloss_short, example_ko, example_en, content_version) VALUES ('w-tv-060', 'en-US', 'I''m indebted', 'I''m indebted', '신세 많이 졌어요.', 'I''m really indebted to you.', 1) ON CONFLICT (word_id, locale) DO UPDATE SET gloss=EXCLUDED.gloss, gloss_short=EXCLUDED.gloss_short, example_ko=EXCLUDED.example_ko, example_en=EXCLUDED.example_en;
INSERT INTO word_pack_members (pack_id, word_id, sort_order, is_free_sample) VALUES ('core-travel-001', 'w-tv-060', 59, FALSE) ON CONFLICT (pack_id, word_id) DO UPDATE SET sort_order=EXCLUDED.sort_order, is_free_sample=EXCLUDED.is_free_sample;
INSERT INTO words (word_id, korean, romanization, content_version) VALUES ('w-mo-001', '벚꽃', 'beot-kkot', 1) ON CONFLICT (word_id) DO UPDATE SET korean=EXCLUDED.korean, romanization=EXCLUDED.romanization;
INSERT INTO word_translations (word_id, locale, gloss, gloss_short, example_ko, example_en, content_version) VALUES ('w-mo-001', 'en-US', 'cherry blossom', 'cherry blossom', '벚꽃 예뻐요.', 'The cherry blossoms are pretty.', 1) ON CONFLICT (word_id, locale) DO UPDATE SET gloss=EXCLUDED.gloss, gloss_short=EXCLUDED.gloss_short, example_ko=EXCLUDED.example_ko, example_en=EXCLUDED.example_en;
INSERT INTO word_pack_members (pack_id, word_id, sort_order, is_free_sample) VALUES ('monthly-2026-06', 'w-mo-001', 0, TRUE) ON CONFLICT (pack_id, word_id) DO UPDATE SET sort_order=EXCLUDED.sort_order, is_free_sample=EXCLUDED.is_free_sample;
INSERT INTO words (word_id, korean, romanization, content_version) VALUES ('w-mo-002', '봄나들이', 'bom-na-deu-ri', 1) ON CONFLICT (word_id) DO UPDATE SET korean=EXCLUDED.korean, romanization=EXCLUDED.romanization;
INSERT INTO word_translations (word_id, locale, gloss, gloss_short, example_ko, example_en, content_version) VALUES ('w-mo-002', 'en-US', 'spring outing', 'spring outing', '봄나들이 가요.', 'Let''s go on a spring outing.', 1) ON CONFLICT (word_id, locale) DO UPDATE SET gloss=EXCLUDED.gloss, gloss_short=EXCLUDED.gloss_short, example_ko=EXCLUDED.example_ko, example_en=EXCLUDED.example_en;
INSERT INTO word_pack_members (pack_id, word_id, sort_order, is_free_sample) VALUES ('monthly-2026-06', 'w-mo-002', 1, TRUE) ON CONFLICT (pack_id, word_id) DO UPDATE SET sort_order=EXCLUDED.sort_order, is_free_sample=EXCLUDED.is_free_sample;
INSERT INTO words (word_id, korean, romanization, content_version) VALUES ('w-mo-003', '따스해요', 'tta-seu-hae-yo', 1) ON CONFLICT (word_id) DO UPDATE SET korean=EXCLUDED.korean, romanization=EXCLUDED.romanization;
INSERT INTO word_translations (word_id, locale, gloss, gloss_short, example_ko, example_en, content_version) VALUES ('w-mo-003', 'en-US', 'it''s warm (gentle)', 'it''s warm', '햇살이 따스해요.', 'The sunlight is warm.', 1) ON CONFLICT (word_id, locale) DO UPDATE SET gloss=EXCLUDED.gloss, gloss_short=EXCLUDED.gloss_short, example_ko=EXCLUDED.example_ko, example_en=EXCLUDED.example_en;
INSERT INTO word_pack_members (pack_id, word_id, sort_order, is_free_sample) VALUES ('monthly-2026-06', 'w-mo-003', 2, TRUE) ON CONFLICT (pack_id, word_id) DO UPDATE SET sort_order=EXCLUDED.sort_order, is_free_sample=EXCLUDED.is_free_sample;
INSERT INTO words (word_id, korean, romanization, content_version) VALUES ('w-mo-004', '더워지다', 'deo-wo-ji-da', 1) ON CONFLICT (word_id) DO UPDATE SET korean=EXCLUDED.korean, romanization=EXCLUDED.romanization;
INSERT INTO word_translations (word_id, locale, gloss, gloss_short, example_ko, example_en, content_version) VALUES ('w-mo-004', 'en-US', 'to get hot', 'to get hot', '곧 더워질 거예요.', 'It''ll get hot soon.', 1) ON CONFLICT (word_id, locale) DO UPDATE SET gloss=EXCLUDED.gloss, gloss_short=EXCLUDED.gloss_short, example_ko=EXCLUDED.example_ko, example_en=EXCLUDED.example_en;
INSERT INTO word_pack_members (pack_id, word_id, sort_order, is_free_sample) VALUES ('monthly-2026-06', 'w-mo-004', 3, TRUE) ON CONFLICT (pack_id, word_id) DO UPDATE SET sort_order=EXCLUDED.sort_order, is_free_sample=EXCLUDED.is_free_sample;
INSERT INTO words (word_id, korean, romanization, content_version) VALUES ('w-mo-005', '장마', 'jang-ma', 1) ON CONFLICT (word_id) DO UPDATE SET korean=EXCLUDED.korean, romanization=EXCLUDED.romanization;
INSERT INTO word_translations (word_id, locale, gloss, gloss_short, example_ko, example_en, content_version) VALUES ('w-mo-005', 'en-US', 'rainy season', 'rainy season', '장마가 시작됐어요.', 'The rainy season has started.', 1) ON CONFLICT (word_id, locale) DO UPDATE SET gloss=EXCLUDED.gloss, gloss_short=EXCLUDED.gloss_short, example_ko=EXCLUDED.example_ko, example_en=EXCLUDED.example_en;
INSERT INTO word_pack_members (pack_id, word_id, sort_order, is_free_sample) VALUES ('monthly-2026-06', 'w-mo-005', 4, TRUE) ON CONFLICT (pack_id, word_id) DO UPDATE SET sort_order=EXCLUDED.sort_order, is_free_sample=EXCLUDED.is_free_sample;
INSERT INTO words (word_id, korean, romanization, content_version) VALUES ('w-mo-006', '시원해지다', 'si-won-hae-ji-da', 1) ON CONFLICT (word_id) DO UPDATE SET korean=EXCLUDED.korean, romanization=EXCLUDED.romanization;
INSERT INTO word_translations (word_id, locale, gloss, gloss_short, example_ko, example_en, content_version) VALUES ('w-mo-006', 'en-US', 'to get cool', 'to get cool', '저녁에 시원해져요.', 'It cools down in the evening.', 1) ON CONFLICT (word_id, locale) DO UPDATE SET gloss=EXCLUDED.gloss, gloss_short=EXCLUDED.gloss_short, example_ko=EXCLUDED.example_ko, example_en=EXCLUDED.example_en;
INSERT INTO word_pack_members (pack_id, word_id, sort_order, is_free_sample) VALUES ('monthly-2026-06', 'w-mo-006', 5, TRUE) ON CONFLICT (pack_id, word_id) DO UPDATE SET sort_order=EXCLUDED.sort_order, is_free_sample=EXCLUDED.is_free_sample;
INSERT INTO words (word_id, korean, romanization, content_version) VALUES ('w-mo-007', '모기', 'mo-gi', 1) ON CONFLICT (word_id) DO UPDATE SET korean=EXCLUDED.korean, romanization=EXCLUDED.romanization;
INSERT INTO word_translations (word_id, locale, gloss, gloss_short, example_ko, example_en, content_version) VALUES ('w-mo-007', 'en-US', 'mosquito', 'mosquito', '모기 많아요.', 'There are a lot of mosquitoes.', 1) ON CONFLICT (word_id, locale) DO UPDATE SET gloss=EXCLUDED.gloss, gloss_short=EXCLUDED.gloss_short, example_ko=EXCLUDED.example_ko, example_en=EXCLUDED.example_en;
INSERT INTO word_pack_members (pack_id, word_id, sort_order, is_free_sample) VALUES ('monthly-2026-06', 'w-mo-007', 6, TRUE) ON CONFLICT (pack_id, word_id) DO UPDATE SET sort_order=EXCLUDED.sort_order, is_free_sample=EXCLUDED.is_free_sample;
INSERT INTO words (word_id, korean, romanization, content_version) VALUES ('w-mo-008', '선풍기', 'seon-pung-gi', 1) ON CONFLICT (word_id) DO UPDATE SET korean=EXCLUDED.korean, romanization=EXCLUDED.romanization;
INSERT INTO word_translations (word_id, locale, gloss, gloss_short, example_ko, example_en, content_version) VALUES ('w-mo-008', 'en-US', 'electric fan', 'electric fan', '선풍기 켜요.', 'I''m turning on the fan.', 1) ON CONFLICT (word_id, locale) DO UPDATE SET gloss=EXCLUDED.gloss, gloss_short=EXCLUDED.gloss_short, example_ko=EXCLUDED.example_ko, example_en=EXCLUDED.example_en;
INSERT INTO word_pack_members (pack_id, word_id, sort_order, is_free_sample) VALUES ('monthly-2026-06', 'w-mo-008', 7, TRUE) ON CONFLICT (pack_id, word_id) DO UPDATE SET sort_order=EXCLUDED.sort_order, is_free_sample=EXCLUDED.is_free_sample;
INSERT INTO words (word_id, korean, romanization, content_version) VALUES ('w-mo-009', '에어컨', 'e-eo-keon', 1) ON CONFLICT (word_id) DO UPDATE SET korean=EXCLUDED.korean, romanization=EXCLUDED.romanization;
INSERT INTO word_translations (word_id, locale, gloss, gloss_short, example_ko, example_en, content_version) VALUES ('w-mo-009', 'en-US', 'air conditioner', 'air conditioner', '에어컨 시원해요.', 'The AC is cool.', 1) ON CONFLICT (word_id, locale) DO UPDATE SET gloss=EXCLUDED.gloss, gloss_short=EXCLUDED.gloss_short, example_ko=EXCLUDED.example_ko, example_en=EXCLUDED.example_en;
INSERT INTO word_pack_members (pack_id, word_id, sort_order, is_free_sample) VALUES ('monthly-2026-06', 'w-mo-009', 8, TRUE) ON CONFLICT (pack_id, word_id) DO UPDATE SET sort_order=EXCLUDED.sort_order, is_free_sample=EXCLUDED.is_free_sample;
INSERT INTO words (word_id, korean, romanization, content_version) VALUES ('w-mo-010', '반팔', 'ban-pal', 1) ON CONFLICT (word_id) DO UPDATE SET korean=EXCLUDED.korean, romanization=EXCLUDED.romanization;
INSERT INTO word_translations (word_id, locale, gloss, gloss_short, example_ko, example_en, content_version) VALUES ('w-mo-010', 'en-US', 'short sleeves', 'short sleeves', '반팔 입어요.', 'I''m wearing short sleeves.', 1) ON CONFLICT (word_id, locale) DO UPDATE SET gloss=EXCLUDED.gloss, gloss_short=EXCLUDED.gloss_short, example_ko=EXCLUDED.example_ko, example_en=EXCLUDED.example_en;
INSERT INTO word_pack_members (pack_id, word_id, sort_order, is_free_sample) VALUES ('monthly-2026-06', 'w-mo-010', 9, TRUE) ON CONFLICT (pack_id, word_id) DO UPDATE SET sort_order=EXCLUDED.sort_order, is_free_sample=EXCLUDED.is_free_sample;
INSERT INTO words (word_id, korean, romanization, content_version) VALUES ('w-mo-011', '어린이날', 'eo-ri-ni-nal', 1) ON CONFLICT (word_id) DO UPDATE SET korean=EXCLUDED.korean, romanization=EXCLUDED.romanization;
INSERT INTO word_translations (word_id, locale, gloss, gloss_short, example_ko, example_en, content_version) VALUES ('w-mo-011', 'en-US', 'Children''s Day', 'Children''s Day', '어린이날이에요.', 'It''s Children''s Day.', 1) ON CONFLICT (word_id, locale) DO UPDATE SET gloss=EXCLUDED.gloss, gloss_short=EXCLUDED.gloss_short, example_ko=EXCLUDED.example_ko, example_en=EXCLUDED.example_en;
INSERT INTO word_pack_members (pack_id, word_id, sort_order, is_free_sample) VALUES ('monthly-2026-06', 'w-mo-011', 10, FALSE) ON CONFLICT (pack_id, word_id) DO UPDATE SET sort_order=EXCLUDED.sort_order, is_free_sample=EXCLUDED.is_free_sample;
INSERT INTO words (word_id, korean, romanization, content_version) VALUES ('w-mo-012', '어버이날', 'eo-beo-i-nal', 1) ON CONFLICT (word_id) DO UPDATE SET korean=EXCLUDED.korean, romanization=EXCLUDED.romanization;
INSERT INTO word_translations (word_id, locale, gloss, gloss_short, example_ko, example_en, content_version) VALUES ('w-mo-012', 'en-US', 'Parents'' Day', 'Parents'' Day', '어버이날 선물 사요.', 'I''m buying a Parents'' Day gift.', 1) ON CONFLICT (word_id, locale) DO UPDATE SET gloss=EXCLUDED.gloss, gloss_short=EXCLUDED.gloss_short, example_ko=EXCLUDED.example_ko, example_en=EXCLUDED.example_en;
INSERT INTO word_pack_members (pack_id, word_id, sort_order, is_free_sample) VALUES ('monthly-2026-06', 'w-mo-012', 11, FALSE) ON CONFLICT (pack_id, word_id) DO UPDATE SET sort_order=EXCLUDED.sort_order, is_free_sample=EXCLUDED.is_free_sample;
INSERT INTO words (word_id, korean, romanization, content_version) VALUES ('w-mo-013', '스승의 날', 'seu-seung-ui-nal', 1) ON CONFLICT (word_id) DO UPDATE SET korean=EXCLUDED.korean, romanization=EXCLUDED.romanization;
INSERT INTO word_translations (word_id, locale, gloss, gloss_short, example_ko, example_en, content_version) VALUES ('w-mo-013', 'en-US', 'Teachers'' Day', 'Teachers'' Day', '스승의 날 인사드려요.', 'I''m greeting my teacher.', 1) ON CONFLICT (word_id, locale) DO UPDATE SET gloss=EXCLUDED.gloss, gloss_short=EXCLUDED.gloss_short, example_ko=EXCLUDED.example_ko, example_en=EXCLUDED.example_en;
INSERT INTO word_pack_members (pack_id, word_id, sort_order, is_free_sample) VALUES ('monthly-2026-06', 'w-mo-013', 12, FALSE) ON CONFLICT (pack_id, word_id) DO UPDATE SET sort_order=EXCLUDED.sort_order, is_free_sample=EXCLUDED.is_free_sample;
INSERT INTO words (word_id, korean, romanization, content_version) VALUES ('w-mo-014', '선물', 'seon-mul', 1) ON CONFLICT (word_id) DO UPDATE SET korean=EXCLUDED.korean, romanization=EXCLUDED.romanization;
INSERT INTO word_translations (word_id, locale, gloss, gloss_short, example_ko, example_en, content_version) VALUES ('w-mo-014', 'en-US', 'gift', 'gift', '선물 준비했어요.', 'I prepared a gift.', 1) ON CONFLICT (word_id, locale) DO UPDATE SET gloss=EXCLUDED.gloss, gloss_short=EXCLUDED.gloss_short, example_ko=EXCLUDED.example_ko, example_en=EXCLUDED.example_en;
INSERT INTO word_pack_members (pack_id, word_id, sort_order, is_free_sample) VALUES ('monthly-2026-06', 'w-mo-014', 13, FALSE) ON CONFLICT (pack_id, word_id) DO UPDATE SET sort_order=EXCLUDED.sort_order, is_free_sample=EXCLUDED.is_free_sample;
INSERT INTO words (word_id, korean, romanization, content_version) VALUES ('w-mo-015', '카네이션', 'ka-ne-i-syeon', 1) ON CONFLICT (word_id) DO UPDATE SET korean=EXCLUDED.korean, romanization=EXCLUDED.romanization;
INSERT INTO word_translations (word_id, locale, gloss, gloss_short, example_ko, example_en, content_version) VALUES ('w-mo-015', 'en-US', 'carnation', 'carnation', '카네이션 드려요.', 'I''m giving carnations.', 1) ON CONFLICT (word_id, locale) DO UPDATE SET gloss=EXCLUDED.gloss, gloss_short=EXCLUDED.gloss_short, example_ko=EXCLUDED.example_ko, example_en=EXCLUDED.example_en;
INSERT INTO word_pack_members (pack_id, word_id, sort_order, is_free_sample) VALUES ('monthly-2026-06', 'w-mo-015', 14, FALSE) ON CONFLICT (pack_id, word_id) DO UPDATE SET sort_order=EXCLUDED.sort_order, is_free_sample=EXCLUDED.is_free_sample;
INSERT INTO words (word_id, korean, romanization, content_version) VALUES ('w-mo-016', '효도', 'hyo-do', 1) ON CONFLICT (word_id) DO UPDATE SET korean=EXCLUDED.korean, romanization=EXCLUDED.romanization;
INSERT INTO word_translations (word_id, locale, gloss, gloss_short, example_ko, example_en, content_version) VALUES ('w-mo-016', 'en-US', 'filial piety', 'filial piety', '효도 많이 해요.', 'Be filial to your parents.', 1) ON CONFLICT (word_id, locale) DO UPDATE SET gloss=EXCLUDED.gloss, gloss_short=EXCLUDED.gloss_short, example_ko=EXCLUDED.example_ko, example_en=EXCLUDED.example_en;
INSERT INTO word_pack_members (pack_id, word_id, sort_order, is_free_sample) VALUES ('monthly-2026-06', 'w-mo-016', 15, FALSE) ON CONFLICT (pack_id, word_id) DO UPDATE SET sort_order=EXCLUDED.sort_order, is_free_sample=EXCLUDED.is_free_sample;
INSERT INTO words (word_id, korean, romanization, content_version) VALUES ('w-mo-017', '가족 모임', 'ga-jok-mo-im', 1) ON CONFLICT (word_id) DO UPDATE SET korean=EXCLUDED.korean, romanization=EXCLUDED.romanization;
INSERT INTO word_translations (word_id, locale, gloss, gloss_short, example_ko, example_en, content_version) VALUES ('w-mo-017', 'en-US', 'family gathering', 'family gathering', '오늘 가족 모임 있어요.', 'We have a family gathering today.', 1) ON CONFLICT (word_id, locale) DO UPDATE SET gloss=EXCLUDED.gloss, gloss_short=EXCLUDED.gloss_short, example_ko=EXCLUDED.example_ko, example_en=EXCLUDED.example_en;
INSERT INTO word_pack_members (pack_id, word_id, sort_order, is_free_sample) VALUES ('monthly-2026-06', 'w-mo-017', 16, FALSE) ON CONFLICT (pack_id, word_id) DO UPDATE SET sort_order=EXCLUDED.sort_order, is_free_sample=EXCLUDED.is_free_sample;
INSERT INTO words (word_id, korean, romanization, content_version) VALUES ('w-mo-018', '용돈', 'yong-don', 1) ON CONFLICT (word_id) DO UPDATE SET korean=EXCLUDED.korean, romanization=EXCLUDED.romanization;
INSERT INTO word_translations (word_id, locale, gloss, gloss_short, example_ko, example_en, content_version) VALUES ('w-mo-018', 'en-US', 'allowance', 'allowance', '용돈 받았어요.', 'I got my allowance.', 1) ON CONFLICT (word_id, locale) DO UPDATE SET gloss=EXCLUDED.gloss, gloss_short=EXCLUDED.gloss_short, example_ko=EXCLUDED.example_ko, example_en=EXCLUDED.example_en;
INSERT INTO word_pack_members (pack_id, word_id, sort_order, is_free_sample) VALUES ('monthly-2026-06', 'w-mo-018', 17, FALSE) ON CONFLICT (pack_id, word_id) DO UPDATE SET sort_order=EXCLUDED.sort_order, is_free_sample=EXCLUDED.is_free_sample;
INSERT INTO words (word_id, korean, romanization, content_version) VALUES ('w-mo-019', '설날', 'seol-lal', 1) ON CONFLICT (word_id) DO UPDATE SET korean=EXCLUDED.korean, romanization=EXCLUDED.romanization;
INSERT INTO word_translations (word_id, locale, gloss, gloss_short, example_ko, example_en, content_version) VALUES ('w-mo-019', 'en-US', 'Korean New Year', 'Korean New Year', '설날 잘 보내세요.', 'Have a good Korean New Year.', 1) ON CONFLICT (word_id, locale) DO UPDATE SET gloss=EXCLUDED.gloss, gloss_short=EXCLUDED.gloss_short, example_ko=EXCLUDED.example_ko, example_en=EXCLUDED.example_en;
INSERT INTO word_pack_members (pack_id, word_id, sort_order, is_free_sample) VALUES ('monthly-2026-06', 'w-mo-019', 18, FALSE) ON CONFLICT (pack_id, word_id) DO UPDATE SET sort_order=EXCLUDED.sort_order, is_free_sample=EXCLUDED.is_free_sample;
INSERT INTO words (word_id, korean, romanization, content_version) VALUES ('w-mo-020', '추석', 'chu-seok', 1) ON CONFLICT (word_id) DO UPDATE SET korean=EXCLUDED.korean, romanization=EXCLUDED.romanization;
INSERT INTO word_translations (word_id, locale, gloss, gloss_short, example_ko, example_en, content_version) VALUES ('w-mo-020', 'en-US', 'Chuseok (harvest)', 'Chuseok', '추석에 가족 만나요.', 'I meet family for Chuseok.', 1) ON CONFLICT (word_id, locale) DO UPDATE SET gloss=EXCLUDED.gloss, gloss_short=EXCLUDED.gloss_short, example_ko=EXCLUDED.example_ko, example_en=EXCLUDED.example_en;
INSERT INTO word_pack_members (pack_id, word_id, sort_order, is_free_sample) VALUES ('monthly-2026-06', 'w-mo-020', 19, FALSE) ON CONFLICT (pack_id, word_id) DO UPDATE SET sort_order=EXCLUDED.sort_order, is_free_sample=EXCLUDED.is_free_sample;
INSERT INTO words (word_id, korean, romanization, content_version) VALUES ('w-mo-021', '떡국', 'tteok-guk', 1) ON CONFLICT (word_id) DO UPDATE SET korean=EXCLUDED.korean, romanization=EXCLUDED.romanization;
INSERT INTO word_translations (word_id, locale, gloss, gloss_short, example_ko, example_en, content_version) VALUES ('w-mo-021', 'en-US', 'rice cake soup', 'rice cake soup', '설날에 떡국 먹어요.', 'We eat tteokguk on New Year''s.', 1) ON CONFLICT (word_id, locale) DO UPDATE SET gloss=EXCLUDED.gloss, gloss_short=EXCLUDED.gloss_short, example_ko=EXCLUDED.example_ko, example_en=EXCLUDED.example_en;
INSERT INTO word_pack_members (pack_id, word_id, sort_order, is_free_sample) VALUES ('monthly-2026-06', 'w-mo-021', 20, FALSE) ON CONFLICT (pack_id, word_id) DO UPDATE SET sort_order=EXCLUDED.sort_order, is_free_sample=EXCLUDED.is_free_sample;
INSERT INTO words (word_id, korean, romanization, content_version) VALUES ('w-mo-022', '송편', 'song-pyeon', 1) ON CONFLICT (word_id) DO UPDATE SET korean=EXCLUDED.korean, romanization=EXCLUDED.romanization;
INSERT INTO word_translations (word_id, locale, gloss, gloss_short, example_ko, example_en, content_version) VALUES ('w-mo-022', 'en-US', 'songpyeon (rice cake)', 'songpyeon', '송편 만들어요.', 'We''re making songpyeon.', 1) ON CONFLICT (word_id, locale) DO UPDATE SET gloss=EXCLUDED.gloss, gloss_short=EXCLUDED.gloss_short, example_ko=EXCLUDED.example_ko, example_en=EXCLUDED.example_en;
INSERT INTO word_pack_members (pack_id, word_id, sort_order, is_free_sample) VALUES ('monthly-2026-06', 'w-mo-022', 21, FALSE) ON CONFLICT (pack_id, word_id) DO UPDATE SET sort_order=EXCLUDED.sort_order, is_free_sample=EXCLUDED.is_free_sample;
INSERT INTO words (word_id, korean, romanization, content_version) VALUES ('w-mo-023', '한복', 'han-bok', 1) ON CONFLICT (word_id) DO UPDATE SET korean=EXCLUDED.korean, romanization=EXCLUDED.romanization;
INSERT INTO word_translations (word_id, locale, gloss, gloss_short, example_ko, example_en, content_version) VALUES ('w-mo-023', 'en-US', 'hanbok (traditional)', 'hanbok', '한복이 예뻐요.', 'The hanbok is beautiful.', 1) ON CONFLICT (word_id, locale) DO UPDATE SET gloss=EXCLUDED.gloss, gloss_short=EXCLUDED.gloss_short, example_ko=EXCLUDED.example_ko, example_en=EXCLUDED.example_en;
INSERT INTO word_pack_members (pack_id, word_id, sort_order, is_free_sample) VALUES ('monthly-2026-06', 'w-mo-023', 22, FALSE) ON CONFLICT (pack_id, word_id) DO UPDATE SET sort_order=EXCLUDED.sort_order, is_free_sample=EXCLUDED.is_free_sample;
INSERT INTO words (word_id, korean, romanization, content_version) VALUES ('w-mo-024', '세배', 'se-bae', 1) ON CONFLICT (word_id) DO UPDATE SET korean=EXCLUDED.korean, romanization=EXCLUDED.romanization;
INSERT INTO word_translations (word_id, locale, gloss, gloss_short, example_ko, example_en, content_version) VALUES ('w-mo-024', 'en-US', 'New Year bow', 'New Year bow', '할머니께 세배해요.', 'I bow to my grandmother.', 1) ON CONFLICT (word_id, locale) DO UPDATE SET gloss=EXCLUDED.gloss, gloss_short=EXCLUDED.gloss_short, example_ko=EXCLUDED.example_ko, example_en=EXCLUDED.example_en;
INSERT INTO word_pack_members (pack_id, word_id, sort_order, is_free_sample) VALUES ('monthly-2026-06', 'w-mo-024', 23, FALSE) ON CONFLICT (pack_id, word_id) DO UPDATE SET sort_order=EXCLUDED.sort_order, is_free_sample=EXCLUDED.is_free_sample;
INSERT INTO words (word_id, korean, romanization, content_version) VALUES ('w-mo-025', '차례', 'cha-rye', 1) ON CONFLICT (word_id) DO UPDATE SET korean=EXCLUDED.korean, romanization=EXCLUDED.romanization;
INSERT INTO word_translations (word_id, locale, gloss, gloss_short, example_ko, example_en, content_version) VALUES ('w-mo-025', 'en-US', 'ancestor ritual', 'ancestor ritual', '차례 지내요.', 'We''re performing the ritual.', 1) ON CONFLICT (word_id, locale) DO UPDATE SET gloss=EXCLUDED.gloss, gloss_short=EXCLUDED.gloss_short, example_ko=EXCLUDED.example_ko, example_en=EXCLUDED.example_en;
INSERT INTO word_pack_members (pack_id, word_id, sort_order, is_free_sample) VALUES ('monthly-2026-06', 'w-mo-025', 24, FALSE) ON CONFLICT (pack_id, word_id) DO UPDATE SET sort_order=EXCLUDED.sort_order, is_free_sample=EXCLUDED.is_free_sample;
INSERT INTO words (word_id, korean, romanization, content_version) VALUES ('w-mo-026', '명절 인사', 'myeong-jeol-in-sa', 1) ON CONFLICT (word_id) DO UPDATE SET korean=EXCLUDED.korean, romanization=EXCLUDED.romanization;
INSERT INTO word_translations (word_id, locale, gloss, gloss_short, example_ko, example_en, content_version) VALUES ('w-mo-026', 'en-US', 'holiday greeting', 'holiday greeting', '명절 인사 드려요.', 'I''m sending a holiday greeting.', 1) ON CONFLICT (word_id, locale) DO UPDATE SET gloss=EXCLUDED.gloss, gloss_short=EXCLUDED.gloss_short, example_ko=EXCLUDED.example_ko, example_en=EXCLUDED.example_en;
INSERT INTO word_pack_members (pack_id, word_id, sort_order, is_free_sample) VALUES ('monthly-2026-06', 'w-mo-026', 25, FALSE) ON CONFLICT (pack_id, word_id) DO UPDATE SET sort_order=EXCLUDED.sort_order, is_free_sample=EXCLUDED.is_free_sample;
INSERT INTO words (word_id, korean, romanization, content_version) VALUES ('w-mo-027', '인스타', 'in-seu-ta', 1) ON CONFLICT (word_id) DO UPDATE SET korean=EXCLUDED.korean, romanization=EXCLUDED.romanization;
INSERT INTO word_translations (word_id, locale, gloss, gloss_short, example_ko, example_en, content_version) VALUES ('w-mo-027', 'en-US', 'Instagram', 'Instagram', '인스타 팔로우해요.', 'I follow you on Instagram.', 1) ON CONFLICT (word_id, locale) DO UPDATE SET gloss=EXCLUDED.gloss, gloss_short=EXCLUDED.gloss_short, example_ko=EXCLUDED.example_ko, example_en=EXCLUDED.example_en;
INSERT INTO word_pack_members (pack_id, word_id, sort_order, is_free_sample) VALUES ('monthly-2026-06', 'w-mo-027', 26, FALSE) ON CONFLICT (pack_id, word_id) DO UPDATE SET sort_order=EXCLUDED.sort_order, is_free_sample=EXCLUDED.is_free_sample;
INSERT INTO words (word_id, korean, romanization, content_version) VALUES ('w-mo-028', '유튜브', 'yu-tyu-beu', 1) ON CONFLICT (word_id) DO UPDATE SET korean=EXCLUDED.korean, romanization=EXCLUDED.romanization;
INSERT INTO word_translations (word_id, locale, gloss, gloss_short, example_ko, example_en, content_version) VALUES ('w-mo-028', 'en-US', 'YouTube', 'YouTube', '유튜브 자주 봐요.', 'I often watch YouTube.', 1) ON CONFLICT (word_id, locale) DO UPDATE SET gloss=EXCLUDED.gloss, gloss_short=EXCLUDED.gloss_short, example_ko=EXCLUDED.example_ko, example_en=EXCLUDED.example_en;
INSERT INTO word_pack_members (pack_id, word_id, sort_order, is_free_sample) VALUES ('monthly-2026-06', 'w-mo-028', 27, FALSE) ON CONFLICT (pack_id, word_id) DO UPDATE SET sort_order=EXCLUDED.sort_order, is_free_sample=EXCLUDED.is_free_sample;
INSERT INTO words (word_id, korean, romanization, content_version) VALUES ('w-mo-029', '틱톡', 'tik-tok', 1) ON CONFLICT (word_id) DO UPDATE SET korean=EXCLUDED.korean, romanization=EXCLUDED.romanization;
INSERT INTO word_translations (word_id, locale, gloss, gloss_short, example_ko, example_en, content_version) VALUES ('w-mo-029', 'en-US', 'TikTok', 'TikTok', '틱톡 재밌어요.', 'TikTok is fun.', 1) ON CONFLICT (word_id, locale) DO UPDATE SET gloss=EXCLUDED.gloss, gloss_short=EXCLUDED.gloss_short, example_ko=EXCLUDED.example_ko, example_en=EXCLUDED.example_en;
INSERT INTO word_pack_members (pack_id, word_id, sort_order, is_free_sample) VALUES ('monthly-2026-06', 'w-mo-029', 28, FALSE) ON CONFLICT (pack_id, word_id) DO UPDATE SET sort_order=EXCLUDED.sort_order, is_free_sample=EXCLUDED.is_free_sample;
INSERT INTO words (word_id, korean, romanization, content_version) VALUES ('w-mo-030', '카톡', 'ka-tok', 1) ON CONFLICT (word_id) DO UPDATE SET korean=EXCLUDED.korean, romanization=EXCLUDED.romanization;
INSERT INTO word_translations (word_id, locale, gloss, gloss_short, example_ko, example_en, content_version) VALUES ('w-mo-030', 'en-US', 'KakaoTalk (chat)', 'KakaoTalk', '카톡 보냈어요.', 'I sent a KakaoTalk message.', 1) ON CONFLICT (word_id, locale) DO UPDATE SET gloss=EXCLUDED.gloss, gloss_short=EXCLUDED.gloss_short, example_ko=EXCLUDED.example_ko, example_en=EXCLUDED.example_en;
INSERT INTO word_pack_members (pack_id, word_id, sort_order, is_free_sample) VALUES ('monthly-2026-06', 'w-mo-030', 29, FALSE) ON CONFLICT (pack_id, word_id) DO UPDATE SET sort_order=EXCLUDED.sort_order, is_free_sample=EXCLUDED.is_free_sample;
INSERT INTO words (word_id, korean, romanization, content_version) VALUES ('w-mo-031', '이모티콘', 'i-mo-ti-kon', 1) ON CONFLICT (word_id) DO UPDATE SET korean=EXCLUDED.korean, romanization=EXCLUDED.romanization;
INSERT INTO word_translations (word_id, locale, gloss, gloss_short, example_ko, example_en, content_version) VALUES ('w-mo-031', 'en-US', 'emoji / sticker', 'emoji / sticker', '이모티콘 귀여워요.', 'The sticker is cute.', 1) ON CONFLICT (word_id, locale) DO UPDATE SET gloss=EXCLUDED.gloss, gloss_short=EXCLUDED.gloss_short, example_ko=EXCLUDED.example_ko, example_en=EXCLUDED.example_en;
INSERT INTO word_pack_members (pack_id, word_id, sort_order, is_free_sample) VALUES ('monthly-2026-06', 'w-mo-031', 30, FALSE) ON CONFLICT (pack_id, word_id) DO UPDATE SET sort_order=EXCLUDED.sort_order, is_free_sample=EXCLUDED.is_free_sample;
INSERT INTO words (word_id, korean, romanization, content_version) VALUES ('w-mo-032', '공유', 'gong-yu', 1) ON CONFLICT (word_id) DO UPDATE SET korean=EXCLUDED.korean, romanization=EXCLUDED.romanization;
INSERT INTO word_translations (word_id, locale, gloss, gloss_short, example_ko, example_en, content_version) VALUES ('w-mo-032', 'en-US', 'share (action)', 'share', '이 영상 공유해요.', 'I''m sharing this video.', 1) ON CONFLICT (word_id, locale) DO UPDATE SET gloss=EXCLUDED.gloss, gloss_short=EXCLUDED.gloss_short, example_ko=EXCLUDED.example_ko, example_en=EXCLUDED.example_en;
INSERT INTO word_pack_members (pack_id, word_id, sort_order, is_free_sample) VALUES ('monthly-2026-06', 'w-mo-032', 31, FALSE) ON CONFLICT (pack_id, word_id) DO UPDATE SET sort_order=EXCLUDED.sort_order, is_free_sample=EXCLUDED.is_free_sample;
INSERT INTO words (word_id, korean, romanization, content_version) VALUES ('w-mo-033', '저장', 'jeo-jang', 1) ON CONFLICT (word_id) DO UPDATE SET korean=EXCLUDED.korean, romanization=EXCLUDED.romanization;
INSERT INTO word_translations (word_id, locale, gloss, gloss_short, example_ko, example_en, content_version) VALUES ('w-mo-033', 'en-US', 'save', 'save', '사진 저장했어요.', 'I saved the photo.', 1) ON CONFLICT (word_id, locale) DO UPDATE SET gloss=EXCLUDED.gloss, gloss_short=EXCLUDED.gloss_short, example_ko=EXCLUDED.example_ko, example_en=EXCLUDED.example_en;
INSERT INTO word_pack_members (pack_id, word_id, sort_order, is_free_sample) VALUES ('monthly-2026-06', 'w-mo-033', 32, FALSE) ON CONFLICT (pack_id, word_id) DO UPDATE SET sort_order=EXCLUDED.sort_order, is_free_sample=EXCLUDED.is_free_sample;
INSERT INTO words (word_id, korean, romanization, content_version) VALUES ('w-mo-034', '팔로워', 'pal-lo-wo', 1) ON CONFLICT (word_id) DO UPDATE SET korean=EXCLUDED.korean, romanization=EXCLUDED.romanization;
INSERT INTO word_translations (word_id, locale, gloss, gloss_short, example_ko, example_en, content_version) VALUES ('w-mo-034', 'en-US', 'follower', 'follower', '팔로워가 많아요.', 'They have many followers.', 1) ON CONFLICT (word_id, locale) DO UPDATE SET gloss=EXCLUDED.gloss, gloss_short=EXCLUDED.gloss_short, example_ko=EXCLUDED.example_ko, example_en=EXCLUDED.example_en;
INSERT INTO word_pack_members (pack_id, word_id, sort_order, is_free_sample) VALUES ('monthly-2026-06', 'w-mo-034', 33, FALSE) ON CONFLICT (pack_id, word_id) DO UPDATE SET sort_order=EXCLUDED.sort_order, is_free_sample=EXCLUDED.is_free_sample;
INSERT INTO words (word_id, korean, romanization, content_version) VALUES ('w-mo-035', '인플루언서', 'in-peul-lu-eon-seo', 1) ON CONFLICT (word_id) DO UPDATE SET korean=EXCLUDED.korean, romanization=EXCLUDED.romanization;
INSERT INTO word_translations (word_id, locale, gloss, gloss_short, example_ko, example_en, content_version) VALUES ('w-mo-035', 'en-US', 'influencer', 'influencer', '유명 인플루언서예요.', 'She''s a famous influencer.', 1) ON CONFLICT (word_id, locale) DO UPDATE SET gloss=EXCLUDED.gloss, gloss_short=EXCLUDED.gloss_short, example_ko=EXCLUDED.example_ko, example_en=EXCLUDED.example_en;
INSERT INTO word_pack_members (pack_id, word_id, sort_order, is_free_sample) VALUES ('monthly-2026-06', 'w-mo-035', 34, FALSE) ON CONFLICT (pack_id, word_id) DO UPDATE SET sort_order=EXCLUDED.sort_order, is_free_sample=EXCLUDED.is_free_sample;
INSERT INTO words (word_id, korean, romanization, content_version) VALUES ('w-mo-036', '챌린지', 'chael-rin-ji', 1) ON CONFLICT (word_id) DO UPDATE SET korean=EXCLUDED.korean, romanization=EXCLUDED.romanization;
INSERT INTO word_translations (word_id, locale, gloss, gloss_short, example_ko, example_en, content_version) VALUES ('w-mo-036', 'en-US', 'challenge (online)', 'challenge', '챌린지 같이 해요!', 'Let''s do the challenge together!', 1) ON CONFLICT (word_id, locale) DO UPDATE SET gloss=EXCLUDED.gloss, gloss_short=EXCLUDED.gloss_short, example_ko=EXCLUDED.example_ko, example_en=EXCLUDED.example_en;
INSERT INTO word_pack_members (pack_id, word_id, sort_order, is_free_sample) VALUES ('monthly-2026-06', 'w-mo-036', 35, FALSE) ON CONFLICT (pack_id, word_id) DO UPDATE SET sort_order=EXCLUDED.sort_order, is_free_sample=EXCLUDED.is_free_sample;
INSERT INTO words (word_id, korean, romanization, content_version) VALUES ('w-mo-037', '감기', 'gam-gi', 1) ON CONFLICT (word_id) DO UPDATE SET korean=EXCLUDED.korean, romanization=EXCLUDED.romanization;
INSERT INTO word_translations (word_id, locale, gloss, gloss_short, example_ko, example_en, content_version) VALUES ('w-mo-037', 'en-US', 'cold (sickness)', 'cold', '감기 걸렸어요.', 'I caught a cold.', 1) ON CONFLICT (word_id, locale) DO UPDATE SET gloss=EXCLUDED.gloss, gloss_short=EXCLUDED.gloss_short, example_ko=EXCLUDED.example_ko, example_en=EXCLUDED.example_en;
INSERT INTO word_pack_members (pack_id, word_id, sort_order, is_free_sample) VALUES ('monthly-2026-06', 'w-mo-037', 36, FALSE) ON CONFLICT (pack_id, word_id) DO UPDATE SET sort_order=EXCLUDED.sort_order, is_free_sample=EXCLUDED.is_free_sample;
INSERT INTO words (word_id, korean, romanization, content_version) VALUES ('w-mo-038', '약속 깨다', 'yak-sok-kkae-da', 1) ON CONFLICT (word_id) DO UPDATE SET korean=EXCLUDED.korean, romanization=EXCLUDED.romanization;
INSERT INTO word_translations (word_id, locale, gloss, gloss_short, example_ko, example_en, content_version) VALUES ('w-mo-038', 'en-US', 'to break a promise', 'to break a promise', '약속 깨지 마세요.', 'Don''t break your promise.', 1) ON CONFLICT (word_id, locale) DO UPDATE SET gloss=EXCLUDED.gloss, gloss_short=EXCLUDED.gloss_short, example_ko=EXCLUDED.example_ko, example_en=EXCLUDED.example_en;
INSERT INTO word_pack_members (pack_id, word_id, sort_order, is_free_sample) VALUES ('monthly-2026-06', 'w-mo-038', 37, FALSE) ON CONFLICT (pack_id, word_id) DO UPDATE SET sort_order=EXCLUDED.sort_order, is_free_sample=EXCLUDED.is_free_sample;
INSERT INTO words (word_id, korean, romanization, content_version) VALUES ('w-mo-039', '늦잠', 'neut-jam', 1) ON CONFLICT (word_id) DO UPDATE SET korean=EXCLUDED.korean, romanization=EXCLUDED.romanization;
INSERT INTO word_translations (word_id, locale, gloss, gloss_short, example_ko, example_en, content_version) VALUES ('w-mo-039', 'en-US', 'oversleeping', 'oversleeping', '늦잠 잤어요.', 'I overslept.', 1) ON CONFLICT (word_id, locale) DO UPDATE SET gloss=EXCLUDED.gloss, gloss_short=EXCLUDED.gloss_short, example_ko=EXCLUDED.example_ko, example_en=EXCLUDED.example_en;
INSERT INTO word_pack_members (pack_id, word_id, sort_order, is_free_sample) VALUES ('monthly-2026-06', 'w-mo-039', 38, FALSE) ON CONFLICT (pack_id, word_id) DO UPDATE SET sort_order=EXCLUDED.sort_order, is_free_sample=EXCLUDED.is_free_sample;
INSERT INTO words (word_id, korean, romanization, content_version) VALUES ('w-mo-040', '줄 서다', 'jul-seo-da', 1) ON CONFLICT (word_id) DO UPDATE SET korean=EXCLUDED.korean, romanization=EXCLUDED.romanization;
INSERT INTO word_translations (word_id, locale, gloss, gloss_short, example_ko, example_en, content_version) VALUES ('w-mo-040', 'en-US', 'to line up', 'to line up', '줄 서서 기다려요.', 'I''m waiting in line.', 1) ON CONFLICT (word_id, locale) DO UPDATE SET gloss=EXCLUDED.gloss, gloss_short=EXCLUDED.gloss_short, example_ko=EXCLUDED.example_ko, example_en=EXCLUDED.example_en;
INSERT INTO word_pack_members (pack_id, word_id, sort_order, is_free_sample) VALUES ('monthly-2026-06', 'w-mo-040', 39, FALSE) ON CONFLICT (pack_id, word_id) DO UPDATE SET sort_order=EXCLUDED.sort_order, is_free_sample=EXCLUDED.is_free_sample;
INSERT INTO words (word_id, korean, romanization, content_version) VALUES ('w-mo-041', '단골', 'dan-gol', 1) ON CONFLICT (word_id) DO UPDATE SET korean=EXCLUDED.korean, romanization=EXCLUDED.romanization;
INSERT INTO word_translations (word_id, locale, gloss, gloss_short, example_ko, example_en, content_version) VALUES ('w-mo-041', 'en-US', 'regular customer', 'regular customer', '여기 단골이에요.', 'I''m a regular here.', 1) ON CONFLICT (word_id, locale) DO UPDATE SET gloss=EXCLUDED.gloss, gloss_short=EXCLUDED.gloss_short, example_ko=EXCLUDED.example_ko, example_en=EXCLUDED.example_en;
INSERT INTO word_pack_members (pack_id, word_id, sort_order, is_free_sample) VALUES ('monthly-2026-06', 'w-mo-041', 40, FALSE) ON CONFLICT (pack_id, word_id) DO UPDATE SET sort_order=EXCLUDED.sort_order, is_free_sample=EXCLUDED.is_free_sample;
INSERT INTO words (word_id, korean, romanization, content_version) VALUES ('w-mo-042', '손님', 'son-nim', 1) ON CONFLICT (word_id) DO UPDATE SET korean=EXCLUDED.korean, romanization=EXCLUDED.romanization;
INSERT INTO word_translations (word_id, locale, gloss, gloss_short, example_ko, example_en, content_version) VALUES ('w-mo-042', 'en-US', 'guest / customer', 'guest / customer', '손님 오셨어요.', 'A guest has arrived.', 1) ON CONFLICT (word_id, locale) DO UPDATE SET gloss=EXCLUDED.gloss, gloss_short=EXCLUDED.gloss_short, example_ko=EXCLUDED.example_ko, example_en=EXCLUDED.example_en;
INSERT INTO word_pack_members (pack_id, word_id, sort_order, is_free_sample) VALUES ('monthly-2026-06', 'w-mo-042', 41, FALSE) ON CONFLICT (pack_id, word_id) DO UPDATE SET sort_order=EXCLUDED.sort_order, is_free_sample=EXCLUDED.is_free_sample;
INSERT INTO words (word_id, korean, romanization, content_version) VALUES ('w-mo-043', '가성비', 'ga-seong-bi', 1) ON CONFLICT (word_id) DO UPDATE SET korean=EXCLUDED.korean, romanization=EXCLUDED.romanization;
INSERT INTO word_translations (word_id, locale, gloss, gloss_short, example_ko, example_en, content_version) VALUES ('w-mo-043', 'en-US', 'value for money', 'value for money', '가성비 좋아요.', 'Good value for the price.', 1) ON CONFLICT (word_id, locale) DO UPDATE SET gloss=EXCLUDED.gloss, gloss_short=EXCLUDED.gloss_short, example_ko=EXCLUDED.example_ko, example_en=EXCLUDED.example_en;
INSERT INTO word_pack_members (pack_id, word_id, sort_order, is_free_sample) VALUES ('monthly-2026-06', 'w-mo-043', 42, FALSE) ON CONFLICT (pack_id, word_id) DO UPDATE SET sort_order=EXCLUDED.sort_order, is_free_sample=EXCLUDED.is_free_sample;
INSERT INTO words (word_id, korean, romanization, content_version) VALUES ('w-mo-044', '핫플', 'hat-peul', 1) ON CONFLICT (word_id) DO UPDATE SET korean=EXCLUDED.korean, romanization=EXCLUDED.romanization;
INSERT INTO word_translations (word_id, locale, gloss, gloss_short, example_ko, example_en, content_version) VALUES ('w-mo-044', 'en-US', 'hot spot (trendy)', 'hot spot', '여기 요즘 핫플이에요.', 'This is the hot spot lately.', 1) ON CONFLICT (word_id, locale) DO UPDATE SET gloss=EXCLUDED.gloss, gloss_short=EXCLUDED.gloss_short, example_ko=EXCLUDED.example_ko, example_en=EXCLUDED.example_en;
INSERT INTO word_pack_members (pack_id, word_id, sort_order, is_free_sample) VALUES ('monthly-2026-06', 'w-mo-044', 43, FALSE) ON CONFLICT (pack_id, word_id) DO UPDATE SET sort_order=EXCLUDED.sort_order, is_free_sample=EXCLUDED.is_free_sample;
INSERT INTO words (word_id, korean, romanization, content_version) VALUES ('w-mo-045', '분위기', 'bu-nwi-gi', 1) ON CONFLICT (word_id) DO UPDATE SET korean=EXCLUDED.korean, romanization=EXCLUDED.romanization;
INSERT INTO word_translations (word_id, locale, gloss, gloss_short, example_ko, example_en, content_version) VALUES ('w-mo-045', 'en-US', 'atmosphere / vibe', 'atmosphere / vibe', '분위기 좋아요.', 'The atmosphere is nice.', 1) ON CONFLICT (word_id, locale) DO UPDATE SET gloss=EXCLUDED.gloss, gloss_short=EXCLUDED.gloss_short, example_ko=EXCLUDED.example_ko, example_en=EXCLUDED.example_en;
INSERT INTO word_pack_members (pack_id, word_id, sort_order, is_free_sample) VALUES ('monthly-2026-06', 'w-mo-045', 44, FALSE) ON CONFLICT (pack_id, word_id) DO UPDATE SET sort_order=EXCLUDED.sort_order, is_free_sample=EXCLUDED.is_free_sample;
INSERT INTO words (word_id, korean, romanization, content_version) VALUES ('w-mo-046', '진심', 'jin-sim', 1) ON CONFLICT (word_id) DO UPDATE SET korean=EXCLUDED.korean, romanization=EXCLUDED.romanization;
INSERT INTO word_translations (word_id, locale, gloss, gloss_short, example_ko, example_en, content_version) VALUES ('w-mo-046', 'en-US', 'sincerely / truly', 'sincerely / truly', '진심 고마워요.', 'Truly, thank you.', 1) ON CONFLICT (word_id, locale) DO UPDATE SET gloss=EXCLUDED.gloss, gloss_short=EXCLUDED.gloss_short, example_ko=EXCLUDED.example_ko, example_en=EXCLUDED.example_en;
INSERT INTO word_pack_members (pack_id, word_id, sort_order, is_free_sample) VALUES ('monthly-2026-06', 'w-mo-046', 45, FALSE) ON CONFLICT (pack_id, word_id) DO UPDATE SET sort_order=EXCLUDED.sort_order, is_free_sample=EXCLUDED.is_free_sample;
INSERT INTO words (word_id, korean, romanization, content_version) VALUES ('w-mo-047', '부럽다', 'bu-reop-da', 1) ON CONFLICT (word_id) DO UPDATE SET korean=EXCLUDED.korean, romanization=EXCLUDED.romanization;
INSERT INTO word_translations (word_id, locale, gloss, gloss_short, example_ko, example_en, content_version) VALUES ('w-mo-047', 'en-US', 'I''m envious', 'I''m envious', '정말 부러워요.', 'I''m really envious.', 1) ON CONFLICT (word_id, locale) DO UPDATE SET gloss=EXCLUDED.gloss, gloss_short=EXCLUDED.gloss_short, example_ko=EXCLUDED.example_ko, example_en=EXCLUDED.example_en;
INSERT INTO word_pack_members (pack_id, word_id, sort_order, is_free_sample) VALUES ('monthly-2026-06', 'w-mo-047', 46, FALSE) ON CONFLICT (pack_id, word_id) DO UPDATE SET sort_order=EXCLUDED.sort_order, is_free_sample=EXCLUDED.is_free_sample;
INSERT INTO words (word_id, korean, romanization, content_version) VALUES ('w-mo-048', '멋지다', 'meot-ji-da', 1) ON CONFLICT (word_id) DO UPDATE SET korean=EXCLUDED.korean, romanization=EXCLUDED.romanization;
INSERT INTO word_translations (word_id, locale, gloss, gloss_short, example_ko, example_en, content_version) VALUES ('w-mo-048', 'en-US', 'it''s awesome', 'it''s awesome', '정말 멋져요!', 'Awesome!', 1) ON CONFLICT (word_id, locale) DO UPDATE SET gloss=EXCLUDED.gloss, gloss_short=EXCLUDED.gloss_short, example_ko=EXCLUDED.example_ko, example_en=EXCLUDED.example_en;
INSERT INTO word_pack_members (pack_id, word_id, sort_order, is_free_sample) VALUES ('monthly-2026-06', 'w-mo-048', 47, FALSE) ON CONFLICT (pack_id, word_id) DO UPDATE SET sort_order=EXCLUDED.sort_order, is_free_sample=EXCLUDED.is_free_sample;
INSERT INTO words (word_id, korean, romanization, content_version) VALUES ('w-mo-049', '부지런해요', 'bu-ji-reon-hae-yo', 1) ON CONFLICT (word_id) DO UPDATE SET korean=EXCLUDED.korean, romanization=EXCLUDED.romanization;
INSERT INTO word_translations (word_id, locale, gloss, gloss_short, example_ko, example_en, content_version) VALUES ('w-mo-049', 'en-US', 'diligent / hardworking', 'diligent / hardworking', '정말 부지런해요.', 'You''re really hardworking.', 1) ON CONFLICT (word_id, locale) DO UPDATE SET gloss=EXCLUDED.gloss, gloss_short=EXCLUDED.gloss_short, example_ko=EXCLUDED.example_ko, example_en=EXCLUDED.example_en;
INSERT INTO word_pack_members (pack_id, word_id, sort_order, is_free_sample) VALUES ('monthly-2026-06', 'w-mo-049', 48, FALSE) ON CONFLICT (pack_id, word_id) DO UPDATE SET sort_order=EXCLUDED.sort_order, is_free_sample=EXCLUDED.is_free_sample;
INSERT INTO words (word_id, korean, romanization, content_version) VALUES ('w-mo-050', '게으르다', 'ge-eu-reu-da', 1) ON CONFLICT (word_id) DO UPDATE SET korean=EXCLUDED.korean, romanization=EXCLUDED.romanization;
INSERT INTO word_translations (word_id, locale, gloss, gloss_short, example_ko, example_en, content_version) VALUES ('w-mo-050', 'en-US', 'to be lazy', 'to be lazy', '너무 게을러요.', 'I''m so lazy.', 1) ON CONFLICT (word_id, locale) DO UPDATE SET gloss=EXCLUDED.gloss, gloss_short=EXCLUDED.gloss_short, example_ko=EXCLUDED.example_ko, example_en=EXCLUDED.example_en;
INSERT INTO word_pack_members (pack_id, word_id, sort_order, is_free_sample) VALUES ('monthly-2026-06', 'w-mo-050', 49, FALSE) ON CONFLICT (pack_id, word_id) DO UPDATE SET sort_order=EXCLUDED.sort_order, is_free_sample=EXCLUDED.is_free_sample;
INSERT INTO words (word_id, korean, romanization, content_version) VALUES ('w-pr-001', '월요일', 'wo-ryo-il', 1) ON CONFLICT (word_id) DO UPDATE SET korean=EXCLUDED.korean, romanization=EXCLUDED.romanization;
INSERT INTO word_translations (word_id, locale, gloss, gloss_short, example_ko, example_en, content_version) VALUES ('w-pr-001', 'en-US', 'Monday', 'Monday', '월요일이에요.', 'It''s Monday.', 1) ON CONFLICT (word_id, locale) DO UPDATE SET gloss=EXCLUDED.gloss, gloss_short=EXCLUDED.gloss_short, example_ko=EXCLUDED.example_ko, example_en=EXCLUDED.example_en;
INSERT INTO word_pack_members (pack_id, word_id, sort_order, is_free_sample) VALUES ('premium-pack-001', 'w-pr-001', 0, TRUE) ON CONFLICT (pack_id, word_id) DO UPDATE SET sort_order=EXCLUDED.sort_order, is_free_sample=EXCLUDED.is_free_sample;
INSERT INTO words (word_id, korean, romanization, content_version) VALUES ('w-pr-002', '화요일', 'hwa-yo-il', 1) ON CONFLICT (word_id) DO UPDATE SET korean=EXCLUDED.korean, romanization=EXCLUDED.romanization;
INSERT INTO word_translations (word_id, locale, gloss, gloss_short, example_ko, example_en, content_version) VALUES ('w-pr-002', 'en-US', 'Tuesday', 'Tuesday', '화요일 만나요.', 'Let''s meet Tuesday.', 1) ON CONFLICT (word_id, locale) DO UPDATE SET gloss=EXCLUDED.gloss, gloss_short=EXCLUDED.gloss_short, example_ko=EXCLUDED.example_ko, example_en=EXCLUDED.example_en;
INSERT INTO word_pack_members (pack_id, word_id, sort_order, is_free_sample) VALUES ('premium-pack-001', 'w-pr-002', 1, TRUE) ON CONFLICT (pack_id, word_id) DO UPDATE SET sort_order=EXCLUDED.sort_order, is_free_sample=EXCLUDED.is_free_sample;
INSERT INTO words (word_id, korean, romanization, content_version) VALUES ('w-pr-003', '수요일', 'su-yo-il', 1) ON CONFLICT (word_id) DO UPDATE SET korean=EXCLUDED.korean, romanization=EXCLUDED.romanization;
INSERT INTO word_translations (word_id, locale, gloss, gloss_short, example_ko, example_en, content_version) VALUES ('w-pr-003', 'en-US', 'Wednesday', 'Wednesday', '수요일 약속 있어요.', 'I have plans Wednesday.', 1) ON CONFLICT (word_id, locale) DO UPDATE SET gloss=EXCLUDED.gloss, gloss_short=EXCLUDED.gloss_short, example_ko=EXCLUDED.example_ko, example_en=EXCLUDED.example_en;
INSERT INTO word_pack_members (pack_id, word_id, sort_order, is_free_sample) VALUES ('premium-pack-001', 'w-pr-003', 2, TRUE) ON CONFLICT (pack_id, word_id) DO UPDATE SET sort_order=EXCLUDED.sort_order, is_free_sample=EXCLUDED.is_free_sample;
INSERT INTO words (word_id, korean, romanization, content_version) VALUES ('w-pr-004', '목요일', 'mo-gyo-il', 1) ON CONFLICT (word_id) DO UPDATE SET korean=EXCLUDED.korean, romanization=EXCLUDED.romanization;
INSERT INTO word_translations (word_id, locale, gloss, gloss_short, example_ko, example_en, content_version) VALUES ('w-pr-004', 'en-US', 'Thursday', 'Thursday', '목요일 회의예요.', 'Meeting on Thursday.', 1) ON CONFLICT (word_id, locale) DO UPDATE SET gloss=EXCLUDED.gloss, gloss_short=EXCLUDED.gloss_short, example_ko=EXCLUDED.example_ko, example_en=EXCLUDED.example_en;
INSERT INTO word_pack_members (pack_id, word_id, sort_order, is_free_sample) VALUES ('premium-pack-001', 'w-pr-004', 3, TRUE) ON CONFLICT (pack_id, word_id) DO UPDATE SET sort_order=EXCLUDED.sort_order, is_free_sample=EXCLUDED.is_free_sample;
INSERT INTO words (word_id, korean, romanization, content_version) VALUES ('w-pr-005', '금요일', 'geu-myo-il', 1) ON CONFLICT (word_id) DO UPDATE SET korean=EXCLUDED.korean, romanization=EXCLUDED.romanization;
INSERT INTO word_translations (word_id, locale, gloss, gloss_short, example_ko, example_en, content_version) VALUES ('w-pr-005', 'en-US', 'Friday', 'Friday', '금요일 좋아해요!', 'I love Fridays!', 1) ON CONFLICT (word_id, locale) DO UPDATE SET gloss=EXCLUDED.gloss, gloss_short=EXCLUDED.gloss_short, example_ko=EXCLUDED.example_ko, example_en=EXCLUDED.example_en;
INSERT INTO word_pack_members (pack_id, word_id, sort_order, is_free_sample) VALUES ('premium-pack-001', 'w-pr-005', 4, TRUE) ON CONFLICT (pack_id, word_id) DO UPDATE SET sort_order=EXCLUDED.sort_order, is_free_sample=EXCLUDED.is_free_sample;
INSERT INTO words (word_id, korean, romanization, content_version) VALUES ('w-pr-006', '토요일', 'to-yo-il', 1) ON CONFLICT (word_id) DO UPDATE SET korean=EXCLUDED.korean, romanization=EXCLUDED.romanization;
INSERT INTO word_translations (word_id, locale, gloss, gloss_short, example_ko, example_en, content_version) VALUES ('w-pr-006', 'en-US', 'Saturday', 'Saturday', '토요일에 봐요.', 'See you Saturday.', 1) ON CONFLICT (word_id, locale) DO UPDATE SET gloss=EXCLUDED.gloss, gloss_short=EXCLUDED.gloss_short, example_ko=EXCLUDED.example_ko, example_en=EXCLUDED.example_en;
INSERT INTO word_pack_members (pack_id, word_id, sort_order, is_free_sample) VALUES ('premium-pack-001', 'w-pr-006', 5, TRUE) ON CONFLICT (pack_id, word_id) DO UPDATE SET sort_order=EXCLUDED.sort_order, is_free_sample=EXCLUDED.is_free_sample;
INSERT INTO words (word_id, korean, romanization, content_version) VALUES ('w-pr-007', '일요일', 'i-ryo-il', 1) ON CONFLICT (word_id) DO UPDATE SET korean=EXCLUDED.korean, romanization=EXCLUDED.romanization;
INSERT INTO word_translations (word_id, locale, gloss, gloss_short, example_ko, example_en, content_version) VALUES ('w-pr-007', 'en-US', 'Sunday', 'Sunday', '일요일에 쉬어요.', 'I rest on Sunday.', 1) ON CONFLICT (word_id, locale) DO UPDATE SET gloss=EXCLUDED.gloss, gloss_short=EXCLUDED.gloss_short, example_ko=EXCLUDED.example_ko, example_en=EXCLUDED.example_en;
INSERT INTO word_pack_members (pack_id, word_id, sort_order, is_free_sample) VALUES ('premium-pack-001', 'w-pr-007', 6, TRUE) ON CONFLICT (pack_id, word_id) DO UPDATE SET sort_order=EXCLUDED.sort_order, is_free_sample=EXCLUDED.is_free_sample;
INSERT INTO words (word_id, korean, romanization, content_version) VALUES ('w-pr-008', '아침', 'a-chim', 1) ON CONFLICT (word_id) DO UPDATE SET korean=EXCLUDED.korean, romanization=EXCLUDED.romanization;
INSERT INTO word_translations (word_id, locale, gloss, gloss_short, example_ko, example_en, content_version) VALUES ('w-pr-008', 'en-US', 'morning', 'morning', '아침 먹었어요?', 'Did you have breakfast?', 1) ON CONFLICT (word_id, locale) DO UPDATE SET gloss=EXCLUDED.gloss, gloss_short=EXCLUDED.gloss_short, example_ko=EXCLUDED.example_ko, example_en=EXCLUDED.example_en;
INSERT INTO word_pack_members (pack_id, word_id, sort_order, is_free_sample) VALUES ('premium-pack-001', 'w-pr-008', 7, TRUE) ON CONFLICT (pack_id, word_id) DO UPDATE SET sort_order=EXCLUDED.sort_order, is_free_sample=EXCLUDED.is_free_sample;
INSERT INTO words (word_id, korean, romanization, content_version) VALUES ('w-pr-009', '점심', 'jeom-sim', 1) ON CONFLICT (word_id) DO UPDATE SET korean=EXCLUDED.korean, romanization=EXCLUDED.romanization;
INSERT INTO word_translations (word_id, locale, gloss, gloss_short, example_ko, example_en, content_version) VALUES ('w-pr-009', 'en-US', 'lunch / noon', 'lunch / noon', '점심 같이 먹어요.', 'Let''s have lunch together.', 1) ON CONFLICT (word_id, locale) DO UPDATE SET gloss=EXCLUDED.gloss, gloss_short=EXCLUDED.gloss_short, example_ko=EXCLUDED.example_ko, example_en=EXCLUDED.example_en;
INSERT INTO word_pack_members (pack_id, word_id, sort_order, is_free_sample) VALUES ('premium-pack-001', 'w-pr-009', 8, TRUE) ON CONFLICT (pack_id, word_id) DO UPDATE SET sort_order=EXCLUDED.sort_order, is_free_sample=EXCLUDED.is_free_sample;
INSERT INTO words (word_id, korean, romanization, content_version) VALUES ('w-pr-010', '저녁', 'jeo-nyeok', 1) ON CONFLICT (word_id) DO UPDATE SET korean=EXCLUDED.korean, romanization=EXCLUDED.romanization;
INSERT INTO word_translations (word_id, locale, gloss, gloss_short, example_ko, example_en, content_version) VALUES ('w-pr-010', 'en-US', 'evening / dinner', 'evening / dinner', '저녁 약속 있어요.', 'I have a dinner plan.', 1) ON CONFLICT (word_id, locale) DO UPDATE SET gloss=EXCLUDED.gloss, gloss_short=EXCLUDED.gloss_short, example_ko=EXCLUDED.example_ko, example_en=EXCLUDED.example_en;
INSERT INTO word_pack_members (pack_id, word_id, sort_order, is_free_sample) VALUES ('premium-pack-001', 'w-pr-010', 9, TRUE) ON CONFLICT (pack_id, word_id) DO UPDATE SET sort_order=EXCLUDED.sort_order, is_free_sample=EXCLUDED.is_free_sample;
INSERT INTO words (word_id, korean, romanization, content_version) VALUES ('w-pr-011', '새벽', 'sae-byeok', 1) ON CONFLICT (word_id) DO UPDATE SET korean=EXCLUDED.korean, romanization=EXCLUDED.romanization;
INSERT INTO word_translations (word_id, locale, gloss, gloss_short, example_ko, example_en, content_version) VALUES ('w-pr-011', 'en-US', 'dawn / early morning', 'dawn / early morning', '새벽에 일어났어요.', 'I woke up at dawn.', 1) ON CONFLICT (word_id, locale) DO UPDATE SET gloss=EXCLUDED.gloss, gloss_short=EXCLUDED.gloss_short, example_ko=EXCLUDED.example_ko, example_en=EXCLUDED.example_en;
INSERT INTO word_pack_members (pack_id, word_id, sort_order, is_free_sample) VALUES ('premium-pack-001', 'w-pr-011', 10, FALSE) ON CONFLICT (pack_id, word_id) DO UPDATE SET sort_order=EXCLUDED.sort_order, is_free_sample=EXCLUDED.is_free_sample;
INSERT INTO words (word_id, korean, romanization, content_version) VALUES ('w-pr-012', '주말', 'ju-mal', 1) ON CONFLICT (word_id) DO UPDATE SET korean=EXCLUDED.korean, romanization=EXCLUDED.romanization;
INSERT INTO word_translations (word_id, locale, gloss, gloss_short, example_ko, example_en, content_version) VALUES ('w-pr-012', 'en-US', 'weekend', 'weekend', '주말 잘 보내세요.', 'Have a good weekend.', 1) ON CONFLICT (word_id, locale) DO UPDATE SET gloss=EXCLUDED.gloss, gloss_short=EXCLUDED.gloss_short, example_ko=EXCLUDED.example_ko, example_en=EXCLUDED.example_en;
INSERT INTO word_pack_members (pack_id, word_id, sort_order, is_free_sample) VALUES ('premium-pack-001', 'w-pr-012', 11, FALSE) ON CONFLICT (pack_id, word_id) DO UPDATE SET sort_order=EXCLUDED.sort_order, is_free_sample=EXCLUDED.is_free_sample;
INSERT INTO words (word_id, korean, romanization, content_version) VALUES ('w-pr-013', '평일', 'pyeong-il', 1) ON CONFLICT (word_id) DO UPDATE SET korean=EXCLUDED.korean, romanization=EXCLUDED.romanization;
INSERT INTO word_translations (word_id, locale, gloss, gloss_short, example_ko, example_en, content_version) VALUES ('w-pr-013', 'en-US', 'weekday', 'weekday', '평일에 일해요.', 'I work on weekdays.', 1) ON CONFLICT (word_id, locale) DO UPDATE SET gloss=EXCLUDED.gloss, gloss_short=EXCLUDED.gloss_short, example_ko=EXCLUDED.example_ko, example_en=EXCLUDED.example_en;
INSERT INTO word_pack_members (pack_id, word_id, sort_order, is_free_sample) VALUES ('premium-pack-001', 'w-pr-013', 12, FALSE) ON CONFLICT (pack_id, word_id) DO UPDATE SET sort_order=EXCLUDED.sort_order, is_free_sample=EXCLUDED.is_free_sample;
INSERT INTO words (word_id, korean, romanization, content_version) VALUES ('w-pr-014', '시간', 'si-gan', 1) ON CONFLICT (word_id) DO UPDATE SET korean=EXCLUDED.korean, romanization=EXCLUDED.romanization;
INSERT INTO word_translations (word_id, locale, gloss, gloss_short, example_ko, example_en, content_version) VALUES ('w-pr-014', 'en-US', 'time / hour', 'time / hour', '시간 있어요?', 'Do you have time?', 1) ON CONFLICT (word_id, locale) DO UPDATE SET gloss=EXCLUDED.gloss, gloss_short=EXCLUDED.gloss_short, example_ko=EXCLUDED.example_ko, example_en=EXCLUDED.example_en;
INSERT INTO word_pack_members (pack_id, word_id, sort_order, is_free_sample) VALUES ('premium-pack-001', 'w-pr-014', 13, FALSE) ON CONFLICT (pack_id, word_id) DO UPDATE SET sort_order=EXCLUDED.sort_order, is_free_sample=EXCLUDED.is_free_sample;
INSERT INTO words (word_id, korean, romanization, content_version) VALUES ('w-pr-015', '분', 'bun', 1) ON CONFLICT (word_id) DO UPDATE SET korean=EXCLUDED.korean, romanization=EXCLUDED.romanization;
INSERT INTO word_translations (word_id, locale, gloss, gloss_short, example_ko, example_en, content_version) VALUES ('w-pr-015', 'en-US', 'minute', 'minute', '오 분 후예요.', 'In 5 minutes.', 1) ON CONFLICT (word_id, locale) DO UPDATE SET gloss=EXCLUDED.gloss, gloss_short=EXCLUDED.gloss_short, example_ko=EXCLUDED.example_ko, example_en=EXCLUDED.example_en;
INSERT INTO word_pack_members (pack_id, word_id, sort_order, is_free_sample) VALUES ('premium-pack-001', 'w-pr-015', 14, FALSE) ON CONFLICT (pack_id, word_id) DO UPDATE SET sort_order=EXCLUDED.sort_order, is_free_sample=EXCLUDED.is_free_sample;
INSERT INTO words (word_id, korean, romanization, content_version) VALUES ('w-pr-016', '봄', 'bom', 1) ON CONFLICT (word_id) DO UPDATE SET korean=EXCLUDED.korean, romanization=EXCLUDED.romanization;
INSERT INTO word_translations (word_id, locale, gloss, gloss_short, example_ko, example_en, content_version) VALUES ('w-pr-016', 'en-US', 'spring', 'spring', '봄이 좋아요.', 'I like spring.', 1) ON CONFLICT (word_id, locale) DO UPDATE SET gloss=EXCLUDED.gloss, gloss_short=EXCLUDED.gloss_short, example_ko=EXCLUDED.example_ko, example_en=EXCLUDED.example_en;
INSERT INTO word_pack_members (pack_id, word_id, sort_order, is_free_sample) VALUES ('premium-pack-001', 'w-pr-016', 15, FALSE) ON CONFLICT (pack_id, word_id) DO UPDATE SET sort_order=EXCLUDED.sort_order, is_free_sample=EXCLUDED.is_free_sample;
INSERT INTO words (word_id, korean, romanization, content_version) VALUES ('w-pr-017', '여름', 'yeo-reum', 1) ON CONFLICT (word_id) DO UPDATE SET korean=EXCLUDED.korean, romanization=EXCLUDED.romanization;
INSERT INTO word_translations (word_id, locale, gloss, gloss_short, example_ko, example_en, content_version) VALUES ('w-pr-017', 'en-US', 'summer', 'summer', '여름 더워요.', 'Summer is hot.', 1) ON CONFLICT (word_id, locale) DO UPDATE SET gloss=EXCLUDED.gloss, gloss_short=EXCLUDED.gloss_short, example_ko=EXCLUDED.example_ko, example_en=EXCLUDED.example_en;
INSERT INTO word_pack_members (pack_id, word_id, sort_order, is_free_sample) VALUES ('premium-pack-001', 'w-pr-017', 16, FALSE) ON CONFLICT (pack_id, word_id) DO UPDATE SET sort_order=EXCLUDED.sort_order, is_free_sample=EXCLUDED.is_free_sample;
INSERT INTO words (word_id, korean, romanization, content_version) VALUES ('w-pr-018', '가을', 'ga-eul', 1) ON CONFLICT (word_id) DO UPDATE SET korean=EXCLUDED.korean, romanization=EXCLUDED.romanization;
INSERT INTO word_translations (word_id, locale, gloss, gloss_short, example_ko, example_en, content_version) VALUES ('w-pr-018', 'en-US', 'fall / autumn', 'fall / autumn', '가을 단풍 예뻐요.', 'Fall foliage is pretty.', 1) ON CONFLICT (word_id, locale) DO UPDATE SET gloss=EXCLUDED.gloss, gloss_short=EXCLUDED.gloss_short, example_ko=EXCLUDED.example_ko, example_en=EXCLUDED.example_en;
INSERT INTO word_pack_members (pack_id, word_id, sort_order, is_free_sample) VALUES ('premium-pack-001', 'w-pr-018', 17, FALSE) ON CONFLICT (pack_id, word_id) DO UPDATE SET sort_order=EXCLUDED.sort_order, is_free_sample=EXCLUDED.is_free_sample;
INSERT INTO words (word_id, korean, romanization, content_version) VALUES ('w-pr-019', '겨울', 'gyeo-ul', 1) ON CONFLICT (word_id) DO UPDATE SET korean=EXCLUDED.korean, romanization=EXCLUDED.romanization;
INSERT INTO word_translations (word_id, locale, gloss, gloss_short, example_ko, example_en, content_version) VALUES ('w-pr-019', 'en-US', 'winter', 'winter', '겨울 추워요.', 'Winter is cold.', 1) ON CONFLICT (word_id, locale) DO UPDATE SET gloss=EXCLUDED.gloss, gloss_short=EXCLUDED.gloss_short, example_ko=EXCLUDED.example_ko, example_en=EXCLUDED.example_en;
INSERT INTO word_pack_members (pack_id, word_id, sort_order, is_free_sample) VALUES ('premium-pack-001', 'w-pr-019', 18, FALSE) ON CONFLICT (pack_id, word_id) DO UPDATE SET sort_order=EXCLUDED.sort_order, is_free_sample=EXCLUDED.is_free_sample;
INSERT INTO words (word_id, korean, romanization, content_version) VALUES ('w-pr-020', '더워요', 'deo-wo-yo', 1) ON CONFLICT (word_id) DO UPDATE SET korean=EXCLUDED.korean, romanization=EXCLUDED.romanization;
INSERT INTO word_translations (word_id, locale, gloss, gloss_short, example_ko, example_en, content_version) VALUES ('w-pr-020', 'en-US', 'it''s hot', 'it''s hot', '오늘 너무 더워요.', 'It''s so hot today.', 1) ON CONFLICT (word_id, locale) DO UPDATE SET gloss=EXCLUDED.gloss, gloss_short=EXCLUDED.gloss_short, example_ko=EXCLUDED.example_ko, example_en=EXCLUDED.example_en;
INSERT INTO word_pack_members (pack_id, word_id, sort_order, is_free_sample) VALUES ('premium-pack-001', 'w-pr-020', 19, FALSE) ON CONFLICT (pack_id, word_id) DO UPDATE SET sort_order=EXCLUDED.sort_order, is_free_sample=EXCLUDED.is_free_sample;
INSERT INTO words (word_id, korean, romanization, content_version) VALUES ('w-pr-021', '추워요', 'chu-wo-yo', 1) ON CONFLICT (word_id) DO UPDATE SET korean=EXCLUDED.korean, romanization=EXCLUDED.romanization;
INSERT INTO word_translations (word_id, locale, gloss, gloss_short, example_ko, example_en, content_version) VALUES ('w-pr-021', 'en-US', 'it''s cold', 'it''s cold', '방이 추워요.', 'The room is cold.', 1) ON CONFLICT (word_id, locale) DO UPDATE SET gloss=EXCLUDED.gloss, gloss_short=EXCLUDED.gloss_short, example_ko=EXCLUDED.example_ko, example_en=EXCLUDED.example_en;
INSERT INTO word_pack_members (pack_id, word_id, sort_order, is_free_sample) VALUES ('premium-pack-001', 'w-pr-021', 20, FALSE) ON CONFLICT (pack_id, word_id) DO UPDATE SET sort_order=EXCLUDED.sort_order, is_free_sample=EXCLUDED.is_free_sample;
INSERT INTO words (word_id, korean, romanization, content_version) VALUES ('w-pr-022', '따뜻해요', 'tta-tteu-tae-yo', 1) ON CONFLICT (word_id) DO UPDATE SET korean=EXCLUDED.korean, romanization=EXCLUDED.romanization;
INSERT INTO word_translations (word_id, locale, gloss, gloss_short, example_ko, example_en, content_version) VALUES ('w-pr-022', 'en-US', 'it''s warm', 'it''s warm', '오늘 따뜻해요.', 'It''s warm today.', 1) ON CONFLICT (word_id, locale) DO UPDATE SET gloss=EXCLUDED.gloss, gloss_short=EXCLUDED.gloss_short, example_ko=EXCLUDED.example_ko, example_en=EXCLUDED.example_en;
INSERT INTO word_pack_members (pack_id, word_id, sort_order, is_free_sample) VALUES ('premium-pack-001', 'w-pr-022', 21, FALSE) ON CONFLICT (pack_id, word_id) DO UPDATE SET sort_order=EXCLUDED.sort_order, is_free_sample=EXCLUDED.is_free_sample;
INSERT INTO words (word_id, korean, romanization, content_version) VALUES ('w-pr-023', '시원해요', 'si-won-hae-yo', 1) ON CONFLICT (word_id) DO UPDATE SET korean=EXCLUDED.korean, romanization=EXCLUDED.romanization;
INSERT INTO word_translations (word_id, locale, gloss, gloss_short, example_ko, example_en, content_version) VALUES ('w-pr-023', 'en-US', 'it''s cool / refreshing', 'it''s cool / refreshing', '바람이 시원해요.', 'The wind is refreshing.', 1) ON CONFLICT (word_id, locale) DO UPDATE SET gloss=EXCLUDED.gloss, gloss_short=EXCLUDED.gloss_short, example_ko=EXCLUDED.example_ko, example_en=EXCLUDED.example_en;
INSERT INTO word_pack_members (pack_id, word_id, sort_order, is_free_sample) VALUES ('premium-pack-001', 'w-pr-023', 22, FALSE) ON CONFLICT (pack_id, word_id) DO UPDATE SET sort_order=EXCLUDED.sort_order, is_free_sample=EXCLUDED.is_free_sample;
INSERT INTO words (word_id, korean, romanization, content_version) VALUES ('w-pr-024', '비', 'bi', 1) ON CONFLICT (word_id) DO UPDATE SET korean=EXCLUDED.korean, romanization=EXCLUDED.romanization;
INSERT INTO word_translations (word_id, locale, gloss, gloss_short, example_ko, example_en, content_version) VALUES ('w-pr-024', 'en-US', 'rain', 'rain', '비 와요.', 'It''s raining.', 1) ON CONFLICT (word_id, locale) DO UPDATE SET gloss=EXCLUDED.gloss, gloss_short=EXCLUDED.gloss_short, example_ko=EXCLUDED.example_ko, example_en=EXCLUDED.example_en;
INSERT INTO word_pack_members (pack_id, word_id, sort_order, is_free_sample) VALUES ('premium-pack-001', 'w-pr-024', 23, FALSE) ON CONFLICT (pack_id, word_id) DO UPDATE SET sort_order=EXCLUDED.sort_order, is_free_sample=EXCLUDED.is_free_sample;
INSERT INTO words (word_id, korean, romanization, content_version) VALUES ('w-pr-025', '눈송이', 'nun-song-i', 1) ON CONFLICT (word_id) DO UPDATE SET korean=EXCLUDED.korean, romanization=EXCLUDED.romanization;
INSERT INTO word_translations (word_id, locale, gloss, gloss_short, example_ko, example_en, content_version) VALUES ('w-pr-025', 'en-US', 'snowflake', 'snowflake', '눈송이가 예뻐요.', 'The snowflake is pretty.', 1) ON CONFLICT (word_id, locale) DO UPDATE SET gloss=EXCLUDED.gloss, gloss_short=EXCLUDED.gloss_short, example_ko=EXCLUDED.example_ko, example_en=EXCLUDED.example_en;
INSERT INTO word_pack_members (pack_id, word_id, sort_order, is_free_sample) VALUES ('premium-pack-001', 'w-pr-025', 24, FALSE) ON CONFLICT (pack_id, word_id) DO UPDATE SET sort_order=EXCLUDED.sort_order, is_free_sample=EXCLUDED.is_free_sample;
INSERT INTO words (word_id, korean, romanization, content_version) VALUES ('w-pr-026', '바람', 'ba-ram', 1) ON CONFLICT (word_id) DO UPDATE SET korean=EXCLUDED.korean, romanization=EXCLUDED.romanization;
INSERT INTO word_translations (word_id, locale, gloss, gloss_short, example_ko, example_en, content_version) VALUES ('w-pr-026', 'en-US', 'wind', 'wind', '바람 불어요.', 'The wind is blowing.', 1) ON CONFLICT (word_id, locale) DO UPDATE SET gloss=EXCLUDED.gloss, gloss_short=EXCLUDED.gloss_short, example_ko=EXCLUDED.example_ko, example_en=EXCLUDED.example_en;
INSERT INTO word_pack_members (pack_id, word_id, sort_order, is_free_sample) VALUES ('premium-pack-001', 'w-pr-026', 25, FALSE) ON CONFLICT (pack_id, word_id) DO UPDATE SET sort_order=EXCLUDED.sort_order, is_free_sample=EXCLUDED.is_free_sample;
INSERT INTO words (word_id, korean, romanization, content_version) VALUES ('w-pr-027', '맑아요', 'mal-ga-yo', 1) ON CONFLICT (word_id) DO UPDATE SET korean=EXCLUDED.korean, romanization=EXCLUDED.romanization;
INSERT INTO word_translations (word_id, locale, gloss, gloss_short, example_ko, example_en, content_version) VALUES ('w-pr-027', 'en-US', 'it''s clear / sunny', 'it''s clear / sunny', '하늘이 맑아요.', 'The sky is clear.', 1) ON CONFLICT (word_id, locale) DO UPDATE SET gloss=EXCLUDED.gloss, gloss_short=EXCLUDED.gloss_short, example_ko=EXCLUDED.example_ko, example_en=EXCLUDED.example_en;
INSERT INTO word_pack_members (pack_id, word_id, sort_order, is_free_sample) VALUES ('premium-pack-001', 'w-pr-027', 26, FALSE) ON CONFLICT (pack_id, word_id) DO UPDATE SET sort_order=EXCLUDED.sort_order, is_free_sample=EXCLUDED.is_free_sample;
INSERT INTO words (word_id, korean, romanization, content_version) VALUES ('w-pr-028', '기뻐요', 'gi-ppeo-yo', 1) ON CONFLICT (word_id) DO UPDATE SET korean=EXCLUDED.korean, romanization=EXCLUDED.romanization;
INSERT INTO word_translations (word_id, locale, gloss, gloss_short, example_ko, example_en, content_version) VALUES ('w-pr-028', 'en-US', 'I''m glad', 'I''m glad', '정말 기뻐요!', 'I''m really glad!', 1) ON CONFLICT (word_id, locale) DO UPDATE SET gloss=EXCLUDED.gloss, gloss_short=EXCLUDED.gloss_short, example_ko=EXCLUDED.example_ko, example_en=EXCLUDED.example_en;
INSERT INTO word_pack_members (pack_id, word_id, sort_order, is_free_sample) VALUES ('premium-pack-001', 'w-pr-028', 27, FALSE) ON CONFLICT (pack_id, word_id) DO UPDATE SET sort_order=EXCLUDED.sort_order, is_free_sample=EXCLUDED.is_free_sample;
INSERT INTO words (word_id, korean, romanization, content_version) VALUES ('w-pr-029', '외로워요', 'oe-ro-wo-yo', 1) ON CONFLICT (word_id) DO UPDATE SET korean=EXCLUDED.korean, romanization=EXCLUDED.romanization;
INSERT INTO word_translations (word_id, locale, gloss, gloss_short, example_ko, example_en, content_version) VALUES ('w-pr-029', 'en-US', 'I''m lonely', 'I''m lonely', '조금 외로워요.', 'I''m a bit lonely.', 1) ON CONFLICT (word_id, locale) DO UPDATE SET gloss=EXCLUDED.gloss, gloss_short=EXCLUDED.gloss_short, example_ko=EXCLUDED.example_ko, example_en=EXCLUDED.example_en;
INSERT INTO word_pack_members (pack_id, word_id, sort_order, is_free_sample) VALUES ('premium-pack-001', 'w-pr-029', 28, FALSE) ON CONFLICT (pack_id, word_id) DO UPDATE SET sort_order=EXCLUDED.sort_order, is_free_sample=EXCLUDED.is_free_sample;
INSERT INTO words (word_id, korean, romanization, content_version) VALUES ('w-pr-030', '우울해요', 'u-ul-hae-yo', 1) ON CONFLICT (word_id) DO UPDATE SET korean=EXCLUDED.korean, romanization=EXCLUDED.romanization;
INSERT INTO word_translations (word_id, locale, gloss, gloss_short, example_ko, example_en, content_version) VALUES ('w-pr-030', 'en-US', 'I''m depressed / down', 'I''m depressed / down', '오늘 좀 우울해요.', 'I''m feeling down today.', 1) ON CONFLICT (word_id, locale) DO UPDATE SET gloss=EXCLUDED.gloss, gloss_short=EXCLUDED.gloss_short, example_ko=EXCLUDED.example_ko, example_en=EXCLUDED.example_en;
INSERT INTO word_pack_members (pack_id, word_id, sort_order, is_free_sample) VALUES ('premium-pack-001', 'w-pr-030', 29, FALSE) ON CONFLICT (pack_id, word_id) DO UPDATE SET sort_order=EXCLUDED.sort_order, is_free_sample=EXCLUDED.is_free_sample;
INSERT INTO words (word_id, korean, romanization, content_version) VALUES ('w-pr-031', '걱정돼요', 'geok-jeong-dwae-yo', 1) ON CONFLICT (word_id) DO UPDATE SET korean=EXCLUDED.korean, romanization=EXCLUDED.romanization;
INSERT INTO word_translations (word_id, locale, gloss, gloss_short, example_ko, example_en, content_version) VALUES ('w-pr-031', 'en-US', 'I''m worried', 'I''m worried', '시험이 걱정돼요.', 'I''m worried about the exam.', 1) ON CONFLICT (word_id, locale) DO UPDATE SET gloss=EXCLUDED.gloss, gloss_short=EXCLUDED.gloss_short, example_ko=EXCLUDED.example_ko, example_en=EXCLUDED.example_en;
INSERT INTO word_pack_members (pack_id, word_id, sort_order, is_free_sample) VALUES ('premium-pack-001', 'w-pr-031', 30, FALSE) ON CONFLICT (pack_id, word_id) DO UPDATE SET sort_order=EXCLUDED.sort_order, is_free_sample=EXCLUDED.is_free_sample;
INSERT INTO words (word_id, korean, romanization, content_version) VALUES ('w-pr-032', '신나요', 'sin-na-yo', 1) ON CONFLICT (word_id) DO UPDATE SET korean=EXCLUDED.korean, romanization=EXCLUDED.romanization;
INSERT INTO word_translations (word_id, locale, gloss, gloss_short, example_ko, example_en, content_version) VALUES ('w-pr-032', 'en-US', 'I''m excited / thrilled', 'I''m excited / thrilled', '여행 가서 신나요!', 'I''m excited to travel!', 1) ON CONFLICT (word_id, locale) DO UPDATE SET gloss=EXCLUDED.gloss, gloss_short=EXCLUDED.gloss_short, example_ko=EXCLUDED.example_ko, example_en=EXCLUDED.example_en;
INSERT INTO word_pack_members (pack_id, word_id, sort_order, is_free_sample) VALUES ('premium-pack-001', 'w-pr-032', 31, FALSE) ON CONFLICT (pack_id, word_id) DO UPDATE SET sort_order=EXCLUDED.sort_order, is_free_sample=EXCLUDED.is_free_sample;
INSERT INTO words (word_id, korean, romanization, content_version) VALUES ('w-pr-033', '부끄러워요', 'bu-kkeu-reo-wo-yo', 1) ON CONFLICT (word_id) DO UPDATE SET korean=EXCLUDED.korean, romanization=EXCLUDED.romanization;
INSERT INTO word_translations (word_id, locale, gloss, gloss_short, example_ko, example_en, content_version) VALUES ('w-pr-033', 'en-US', 'I''m embarrassed', 'I''m embarrassed', '너무 부끄러워요.', 'I''m so embarrassed.', 1) ON CONFLICT (word_id, locale) DO UPDATE SET gloss=EXCLUDED.gloss, gloss_short=EXCLUDED.gloss_short, example_ko=EXCLUDED.example_ko, example_en=EXCLUDED.example_en;
INSERT INTO word_pack_members (pack_id, word_id, sort_order, is_free_sample) VALUES ('premium-pack-001', 'w-pr-033', 32, FALSE) ON CONFLICT (pack_id, word_id) DO UPDATE SET sort_order=EXCLUDED.sort_order, is_free_sample=EXCLUDED.is_free_sample;
INSERT INTO words (word_id, korean, romanization, content_version) VALUES ('w-pr-034', '자랑스러워요', 'ja-rang-seu-reo-wo-yo', 1) ON CONFLICT (word_id) DO UPDATE SET korean=EXCLUDED.korean, romanization=EXCLUDED.romanization;
INSERT INTO word_translations (word_id, locale, gloss, gloss_short, example_ko, example_en, content_version) VALUES ('w-pr-034', 'en-US', 'I''m proud', 'I''m proud', '동생이 자랑스러워요.', 'I''m proud of my sibling.', 1) ON CONFLICT (word_id, locale) DO UPDATE SET gloss=EXCLUDED.gloss, gloss_short=EXCLUDED.gloss_short, example_ko=EXCLUDED.example_ko, example_en=EXCLUDED.example_en;
INSERT INTO word_pack_members (pack_id, word_id, sort_order, is_free_sample) VALUES ('premium-pack-001', 'w-pr-034', 33, FALSE) ON CONFLICT (pack_id, word_id) DO UPDATE SET sort_order=EXCLUDED.sort_order, is_free_sample=EXCLUDED.is_free_sample;
INSERT INTO words (word_id, korean, romanization, content_version) VALUES ('w-pr-035', '안타까워요', 'an-ta-kka-wo-yo', 1) ON CONFLICT (word_id) DO UPDATE SET korean=EXCLUDED.korean, romanization=EXCLUDED.romanization;
INSERT INTO word_translations (word_id, locale, gloss, gloss_short, example_ko, example_en, content_version) VALUES ('w-pr-035', 'en-US', 'it''s a pity', 'it''s a pity', '정말 안타까워요.', 'It''s really a pity.', 1) ON CONFLICT (word_id, locale) DO UPDATE SET gloss=EXCLUDED.gloss, gloss_short=EXCLUDED.gloss_short, example_ko=EXCLUDED.example_ko, example_en=EXCLUDED.example_en;
INSERT INTO word_pack_members (pack_id, word_id, sort_order, is_free_sample) VALUES ('premium-pack-001', 'w-pr-035', 34, FALSE) ON CONFLICT (pack_id, word_id) DO UPDATE SET sort_order=EXCLUDED.sort_order, is_free_sample=EXCLUDED.is_free_sample;
INSERT INTO words (word_id, korean, romanization, content_version) VALUES ('w-pr-036', '짜증나요', 'jja-jeung-na-yo', 1) ON CONFLICT (word_id) DO UPDATE SET korean=EXCLUDED.korean, romanization=EXCLUDED.romanization;
INSERT INTO word_translations (word_id, locale, gloss, gloss_short, example_ko, example_en, content_version) VALUES ('w-pr-036', 'en-US', 'I''m annoyed', 'I''m annoyed', '조금 짜증나요.', 'I''m a bit annoyed.', 1) ON CONFLICT (word_id, locale) DO UPDATE SET gloss=EXCLUDED.gloss, gloss_short=EXCLUDED.gloss_short, example_ko=EXCLUDED.example_ko, example_en=EXCLUDED.example_en;
INSERT INTO word_pack_members (pack_id, word_id, sort_order, is_free_sample) VALUES ('premium-pack-001', 'w-pr-036', 35, FALSE) ON CONFLICT (pack_id, word_id) DO UPDATE SET sort_order=EXCLUDED.sort_order, is_free_sample=EXCLUDED.is_free_sample;
INSERT INTO words (word_id, korean, romanization, content_version) VALUES ('w-pr-037', '답답해요', 'dap-da-pae-yo', 1) ON CONFLICT (word_id) DO UPDATE SET korean=EXCLUDED.korean, romanization=EXCLUDED.romanization;
INSERT INTO word_translations (word_id, locale, gloss, gloss_short, example_ko, example_en, content_version) VALUES ('w-pr-037', 'en-US', 'I feel frustrated / stifled', 'I feel frustrated / stifled', '답답해요.', 'I feel stifled.', 1) ON CONFLICT (word_id, locale) DO UPDATE SET gloss=EXCLUDED.gloss, gloss_short=EXCLUDED.gloss_short, example_ko=EXCLUDED.example_ko, example_en=EXCLUDED.example_en;
INSERT INTO word_pack_members (pack_id, word_id, sort_order, is_free_sample) VALUES ('premium-pack-001', 'w-pr-037', 36, FALSE) ON CONFLICT (pack_id, word_id) DO UPDATE SET sort_order=EXCLUDED.sort_order, is_free_sample=EXCLUDED.is_free_sample;
INSERT INTO words (word_id, korean, romanization, content_version) VALUES ('w-pr-038', '그리워요', 'geu-ri-wo-yo', 1) ON CONFLICT (word_id) DO UPDATE SET korean=EXCLUDED.korean, romanization=EXCLUDED.romanization;
INSERT INTO word_translations (word_id, locale, gloss, gloss_short, example_ko, example_en, content_version) VALUES ('w-pr-038', 'en-US', 'I miss (someone/something)', 'I miss', '친구가 그리워요.', 'I miss my friend.', 1) ON CONFLICT (word_id, locale) DO UPDATE SET gloss=EXCLUDED.gloss, gloss_short=EXCLUDED.gloss_short, example_ko=EXCLUDED.example_ko, example_en=EXCLUDED.example_en;
INSERT INTO word_pack_members (pack_id, word_id, sort_order, is_free_sample) VALUES ('premium-pack-001', 'w-pr-038', 37, FALSE) ON CONFLICT (pack_id, word_id) DO UPDATE SET sort_order=EXCLUDED.sort_order, is_free_sample=EXCLUDED.is_free_sample;
INSERT INTO words (word_id, korean, romanization, content_version) VALUES ('w-pr-039', '설레요', 'seol-le-yo', 1) ON CONFLICT (word_id) DO UPDATE SET korean=EXCLUDED.korean, romanization=EXCLUDED.romanization;
INSERT INTO word_translations (word_id, locale, gloss, gloss_short, example_ko, example_en, content_version) VALUES ('w-pr-039', 'en-US', 'I feel butterflies / excited', 'I feel butterflies / excited', '데이트 설레요.', 'I''m excited for the date.', 1) ON CONFLICT (word_id, locale) DO UPDATE SET gloss=EXCLUDED.gloss, gloss_short=EXCLUDED.gloss_short, example_ko=EXCLUDED.example_ko, example_en=EXCLUDED.example_en;
INSERT INTO word_pack_members (pack_id, word_id, sort_order, is_free_sample) VALUES ('premium-pack-001', 'w-pr-039', 38, FALSE) ON CONFLICT (pack_id, word_id) DO UPDATE SET sort_order=EXCLUDED.sort_order, is_free_sample=EXCLUDED.is_free_sample;
INSERT INTO words (word_id, korean, romanization, content_version) VALUES ('w-pr-040', '운동', 'un-dong', 1) ON CONFLICT (word_id) DO UPDATE SET korean=EXCLUDED.korean, romanization=EXCLUDED.romanization;
INSERT INTO word_translations (word_id, locale, gloss, gloss_short, example_ko, example_en, content_version) VALUES ('w-pr-040', 'en-US', 'exercise', 'exercise', '운동해요.', 'I''m exercising.', 1) ON CONFLICT (word_id, locale) DO UPDATE SET gloss=EXCLUDED.gloss, gloss_short=EXCLUDED.gloss_short, example_ko=EXCLUDED.example_ko, example_en=EXCLUDED.example_en;
INSERT INTO word_pack_members (pack_id, word_id, sort_order, is_free_sample) VALUES ('premium-pack-001', 'w-pr-040', 39, FALSE) ON CONFLICT (pack_id, word_id) DO UPDATE SET sort_order=EXCLUDED.sort_order, is_free_sample=EXCLUDED.is_free_sample;
INSERT INTO words (word_id, korean, romanization, content_version) VALUES ('w-pr-041', '산책', 'san-chaek', 1) ON CONFLICT (word_id) DO UPDATE SET korean=EXCLUDED.korean, romanization=EXCLUDED.romanization;
INSERT INTO word_translations (word_id, locale, gloss, gloss_short, example_ko, example_en, content_version) VALUES ('w-pr-041', 'en-US', 'walk / stroll', 'walk / stroll', '산책 가요.', 'Let''s go for a walk.', 1) ON CONFLICT (word_id, locale) DO UPDATE SET gloss=EXCLUDED.gloss, gloss_short=EXCLUDED.gloss_short, example_ko=EXCLUDED.example_ko, example_en=EXCLUDED.example_en;
INSERT INTO word_pack_members (pack_id, word_id, sort_order, is_free_sample) VALUES ('premium-pack-001', 'w-pr-041', 40, FALSE) ON CONFLICT (pack_id, word_id) DO UPDATE SET sort_order=EXCLUDED.sort_order, is_free_sample=EXCLUDED.is_free_sample;
INSERT INTO words (word_id, korean, romanization, content_version) VALUES ('w-pr-042', '등산', 'deung-san', 1) ON CONFLICT (word_id) DO UPDATE SET korean=EXCLUDED.korean, romanization=EXCLUDED.romanization;
INSERT INTO word_translations (word_id, locale, gloss, gloss_short, example_ko, example_en, content_version) VALUES ('w-pr-042', 'en-US', 'hiking', 'hiking', '등산 좋아해요.', 'I like hiking.', 1) ON CONFLICT (word_id, locale) DO UPDATE SET gloss=EXCLUDED.gloss, gloss_short=EXCLUDED.gloss_short, example_ko=EXCLUDED.example_ko, example_en=EXCLUDED.example_en;
INSERT INTO word_pack_members (pack_id, word_id, sort_order, is_free_sample) VALUES ('premium-pack-001', 'w-pr-042', 41, FALSE) ON CONFLICT (pack_id, word_id) DO UPDATE SET sort_order=EXCLUDED.sort_order, is_free_sample=EXCLUDED.is_free_sample;
INSERT INTO words (word_id, korean, romanization, content_version) VALUES ('w-pr-043', '영화', 'yeong-hwa', 1) ON CONFLICT (word_id) DO UPDATE SET korean=EXCLUDED.korean, romanization=EXCLUDED.romanization;
INSERT INTO word_translations (word_id, locale, gloss, gloss_short, example_ko, example_en, content_version) VALUES ('w-pr-043', 'en-US', 'movie', 'movie', '영화 봐요.', 'I''m watching a movie.', 1) ON CONFLICT (word_id, locale) DO UPDATE SET gloss=EXCLUDED.gloss, gloss_short=EXCLUDED.gloss_short, example_ko=EXCLUDED.example_ko, example_en=EXCLUDED.example_en;
INSERT INTO word_pack_members (pack_id, word_id, sort_order, is_free_sample) VALUES ('premium-pack-001', 'w-pr-043', 42, FALSE) ON CONFLICT (pack_id, word_id) DO UPDATE SET sort_order=EXCLUDED.sort_order, is_free_sample=EXCLUDED.is_free_sample;
INSERT INTO words (word_id, korean, romanization, content_version) VALUES ('w-pr-044', '책', 'chaek', 1) ON CONFLICT (word_id) DO UPDATE SET korean=EXCLUDED.korean, romanization=EXCLUDED.romanization;
INSERT INTO word_translations (word_id, locale, gloss, gloss_short, example_ko, example_en, content_version) VALUES ('w-pr-044', 'en-US', 'book', 'book', '책 읽어요.', 'I''m reading a book.', 1) ON CONFLICT (word_id, locale) DO UPDATE SET gloss=EXCLUDED.gloss, gloss_short=EXCLUDED.gloss_short, example_ko=EXCLUDED.example_ko, example_en=EXCLUDED.example_en;
INSERT INTO word_pack_members (pack_id, word_id, sort_order, is_free_sample) VALUES ('premium-pack-001', 'w-pr-044', 43, FALSE) ON CONFLICT (pack_id, word_id) DO UPDATE SET sort_order=EXCLUDED.sort_order, is_free_sample=EXCLUDED.is_free_sample;
INSERT INTO words (word_id, korean, romanization, content_version) VALUES ('w-pr-045', '요리', 'yo-ri', 1) ON CONFLICT (word_id) DO UPDATE SET korean=EXCLUDED.korean, romanization=EXCLUDED.romanization;
INSERT INTO word_translations (word_id, locale, gloss, gloss_short, example_ko, example_en, content_version) VALUES ('w-pr-045', 'en-US', 'cooking', 'cooking', '요리해요.', 'I''m cooking.', 1) ON CONFLICT (word_id, locale) DO UPDATE SET gloss=EXCLUDED.gloss, gloss_short=EXCLUDED.gloss_short, example_ko=EXCLUDED.example_ko, example_en=EXCLUDED.example_en;
INSERT INTO word_pack_members (pack_id, word_id, sort_order, is_free_sample) VALUES ('premium-pack-001', 'w-pr-045', 44, FALSE) ON CONFLICT (pack_id, word_id) DO UPDATE SET sort_order=EXCLUDED.sort_order, is_free_sample=EXCLUDED.is_free_sample;
INSERT INTO words (word_id, korean, romanization, content_version) VALUES ('w-pr-046', '게임', 'ge-im', 1) ON CONFLICT (word_id) DO UPDATE SET korean=EXCLUDED.korean, romanization=EXCLUDED.romanization;
INSERT INTO word_translations (word_id, locale, gloss, gloss_short, example_ko, example_en, content_version) VALUES ('w-pr-046', 'en-US', 'game', 'game', '게임 해요.', 'I''m playing a game.', 1) ON CONFLICT (word_id, locale) DO UPDATE SET gloss=EXCLUDED.gloss, gloss_short=EXCLUDED.gloss_short, example_ko=EXCLUDED.example_ko, example_en=EXCLUDED.example_en;
INSERT INTO word_pack_members (pack_id, word_id, sort_order, is_free_sample) VALUES ('premium-pack-001', 'w-pr-046', 45, FALSE) ON CONFLICT (pack_id, word_id) DO UPDATE SET sort_order=EXCLUDED.sort_order, is_free_sample=EXCLUDED.is_free_sample;
INSERT INTO words (word_id, korean, romanization, content_version) VALUES ('w-pr-047', '셀카', 'sel-ka', 1) ON CONFLICT (word_id) DO UPDATE SET korean=EXCLUDED.korean, romanization=EXCLUDED.romanization;
INSERT INTO word_translations (word_id, locale, gloss, gloss_short, example_ko, example_en, content_version) VALUES ('w-pr-047', 'en-US', 'selfie', 'selfie', '셀카 찍어요.', 'I''m taking a selfie.', 1) ON CONFLICT (word_id, locale) DO UPDATE SET gloss=EXCLUDED.gloss, gloss_short=EXCLUDED.gloss_short, example_ko=EXCLUDED.example_ko, example_en=EXCLUDED.example_en;
INSERT INTO word_pack_members (pack_id, word_id, sort_order, is_free_sample) VALUES ('premium-pack-001', 'w-pr-047', 46, FALSE) ON CONFLICT (pack_id, word_id) DO UPDATE SET sort_order=EXCLUDED.sort_order, is_free_sample=EXCLUDED.is_free_sample;
INSERT INTO words (word_id, korean, romanization, content_version) VALUES ('w-pr-048', '음악 듣기', 'eu-mak-deut-gi', 1) ON CONFLICT (word_id) DO UPDATE SET korean=EXCLUDED.korean, romanization=EXCLUDED.romanization;
INSERT INTO word_translations (word_id, locale, gloss, gloss_short, example_ko, example_en, content_version) VALUES ('w-pr-048', 'en-US', 'listening to music', 'listening to music', '음악 듣기 좋아해요.', 'I like listening to music.', 1) ON CONFLICT (word_id, locale) DO UPDATE SET gloss=EXCLUDED.gloss, gloss_short=EXCLUDED.gloss_short, example_ko=EXCLUDED.example_ko, example_en=EXCLUDED.example_en;
INSERT INTO word_pack_members (pack_id, word_id, sort_order, is_free_sample) VALUES ('premium-pack-001', 'w-pr-048', 47, FALSE) ON CONFLICT (pack_id, word_id) DO UPDATE SET sort_order=EXCLUDED.sort_order, is_free_sample=EXCLUDED.is_free_sample;
INSERT INTO words (word_id, korean, romanization, content_version) VALUES ('w-pr-049', '여행', 'yeo-haeng', 1) ON CONFLICT (word_id) DO UPDATE SET korean=EXCLUDED.korean, romanization=EXCLUDED.romanization;
INSERT INTO word_translations (word_id, locale, gloss, gloss_short, example_ko, example_en, content_version) VALUES ('w-pr-049', 'en-US', 'travel', 'travel', '여행 가고 싶어요.', 'I want to travel.', 1) ON CONFLICT (word_id, locale) DO UPDATE SET gloss=EXCLUDED.gloss, gloss_short=EXCLUDED.gloss_short, example_ko=EXCLUDED.example_ko, example_en=EXCLUDED.example_en;
INSERT INTO word_pack_members (pack_id, word_id, sort_order, is_free_sample) VALUES ('premium-pack-001', 'w-pr-049', 48, FALSE) ON CONFLICT (pack_id, word_id) DO UPDATE SET sort_order=EXCLUDED.sort_order, is_free_sample=EXCLUDED.is_free_sample;
INSERT INTO words (word_id, korean, romanization, content_version) VALUES ('w-pr-050', '쇼핑', 'syo-ping', 1) ON CONFLICT (word_id) DO UPDATE SET korean=EXCLUDED.korean, romanization=EXCLUDED.romanization;
INSERT INTO word_translations (word_id, locale, gloss, gloss_short, example_ko, example_en, content_version) VALUES ('w-pr-050', 'en-US', 'shopping', 'shopping', '쇼핑할 거예요.', 'I''m going shopping.', 1) ON CONFLICT (word_id, locale) DO UPDATE SET gloss=EXCLUDED.gloss, gloss_short=EXCLUDED.gloss_short, example_ko=EXCLUDED.example_ko, example_en=EXCLUDED.example_en;
INSERT INTO word_pack_members (pack_id, word_id, sort_order, is_free_sample) VALUES ('premium-pack-001', 'w-pr-050', 49, FALSE) ON CONFLICT (pack_id, word_id) DO UPDATE SET sort_order=EXCLUDED.sort_order, is_free_sample=EXCLUDED.is_free_sample;
INSERT INTO words (word_id, korean, romanization, content_version) VALUES ('w-pr-051', '모임', 'mo-im', 1) ON CONFLICT (word_id) DO UPDATE SET korean=EXCLUDED.korean, romanization=EXCLUDED.romanization;
INSERT INTO word_translations (word_id, locale, gloss, gloss_short, example_ko, example_en, content_version) VALUES ('w-pr-051', 'en-US', 'gathering / meetup', 'gathering / meetup', '오늘 모임 있어요.', 'I have a meetup today.', 1) ON CONFLICT (word_id, locale) DO UPDATE SET gloss=EXCLUDED.gloss, gloss_short=EXCLUDED.gloss_short, example_ko=EXCLUDED.example_ko, example_en=EXCLUDED.example_en;
INSERT INTO word_pack_members (pack_id, word_id, sort_order, is_free_sample) VALUES ('premium-pack-001', 'w-pr-051', 50, FALSE) ON CONFLICT (pack_id, word_id) DO UPDATE SET sort_order=EXCLUDED.sort_order, is_free_sample=EXCLUDED.is_free_sample;
INSERT INTO words (word_id, korean, romanization, content_version) VALUES ('w-pr-052', '수업', 'su-eop', 1) ON CONFLICT (word_id) DO UPDATE SET korean=EXCLUDED.korean, romanization=EXCLUDED.romanization;
INSERT INTO word_translations (word_id, locale, gloss, gloss_short, example_ko, example_en, content_version) VALUES ('w-pr-052', 'en-US', 'class', 'class', '수업 시작해요.', 'Class is starting.', 1) ON CONFLICT (word_id, locale) DO UPDATE SET gloss=EXCLUDED.gloss, gloss_short=EXCLUDED.gloss_short, example_ko=EXCLUDED.example_ko, example_en=EXCLUDED.example_en;
INSERT INTO word_pack_members (pack_id, word_id, sort_order, is_free_sample) VALUES ('premium-pack-001', 'w-pr-052', 51, FALSE) ON CONFLICT (pack_id, word_id) DO UPDATE SET sort_order=EXCLUDED.sort_order, is_free_sample=EXCLUDED.is_free_sample;
INSERT INTO words (word_id, korean, romanization, content_version) VALUES ('w-pr-053', '시험', 'si-heom', 1) ON CONFLICT (word_id) DO UPDATE SET korean=EXCLUDED.korean, romanization=EXCLUDED.romanization;
INSERT INTO word_translations (word_id, locale, gloss, gloss_short, example_ko, example_en, content_version) VALUES ('w-pr-053', 'en-US', 'exam', 'exam', '시험 봐요.', 'I''m taking an exam.', 1) ON CONFLICT (word_id, locale) DO UPDATE SET gloss=EXCLUDED.gloss, gloss_short=EXCLUDED.gloss_short, example_ko=EXCLUDED.example_ko, example_en=EXCLUDED.example_en;
INSERT INTO word_pack_members (pack_id, word_id, sort_order, is_free_sample) VALUES ('premium-pack-001', 'w-pr-053', 52, FALSE) ON CONFLICT (pack_id, word_id) DO UPDATE SET sort_order=EXCLUDED.sort_order, is_free_sample=EXCLUDED.is_free_sample;
INSERT INTO words (word_id, korean, romanization, content_version) VALUES ('w-pr-054', '숙제', 'suk-je', 1) ON CONFLICT (word_id) DO UPDATE SET korean=EXCLUDED.korean, romanization=EXCLUDED.romanization;
INSERT INTO word_translations (word_id, locale, gloss, gloss_short, example_ko, example_en, content_version) VALUES ('w-pr-054', 'en-US', 'homework', 'homework', '숙제 많아요.', 'I have a lot of homework.', 1) ON CONFLICT (word_id, locale) DO UPDATE SET gloss=EXCLUDED.gloss, gloss_short=EXCLUDED.gloss_short, example_ko=EXCLUDED.example_ko, example_en=EXCLUDED.example_en;
INSERT INTO word_pack_members (pack_id, word_id, sort_order, is_free_sample) VALUES ('premium-pack-001', 'w-pr-054', 53, FALSE) ON CONFLICT (pack_id, word_id) DO UPDATE SET sort_order=EXCLUDED.sort_order, is_free_sample=EXCLUDED.is_free_sample;
INSERT INTO words (word_id, korean, romanization, content_version) VALUES ('w-pr-055', '공부', 'gong-bu', 1) ON CONFLICT (word_id) DO UPDATE SET korean=EXCLUDED.korean, romanization=EXCLUDED.romanization;
INSERT INTO word_translations (word_id, locale, gloss, gloss_short, example_ko, example_en, content_version) VALUES ('w-pr-055', 'en-US', 'study', 'study', '한국어 공부해요.', 'I study Korean.', 1) ON CONFLICT (word_id, locale) DO UPDATE SET gloss=EXCLUDED.gloss, gloss_short=EXCLUDED.gloss_short, example_ko=EXCLUDED.example_ko, example_en=EXCLUDED.example_en;
INSERT INTO word_pack_members (pack_id, word_id, sort_order, is_free_sample) VALUES ('premium-pack-001', 'w-pr-055', 54, FALSE) ON CONFLICT (pack_id, word_id) DO UPDATE SET sort_order=EXCLUDED.sort_order, is_free_sample=EXCLUDED.is_free_sample;
INSERT INTO words (word_id, korean, romanization, content_version) VALUES ('w-pr-056', '교과서', 'gyo-gwa-seo', 1) ON CONFLICT (word_id) DO UPDATE SET korean=EXCLUDED.korean, romanization=EXCLUDED.romanization;
INSERT INTO word_translations (word_id, locale, gloss, gloss_short, example_ko, example_en, content_version) VALUES ('w-pr-056', 'en-US', 'textbook', 'textbook', '교과서 가져왔어요.', 'I brought the textbook.', 1) ON CONFLICT (word_id, locale) DO UPDATE SET gloss=EXCLUDED.gloss, gloss_short=EXCLUDED.gloss_short, example_ko=EXCLUDED.example_ko, example_en=EXCLUDED.example_en;
INSERT INTO word_pack_members (pack_id, word_id, sort_order, is_free_sample) VALUES ('premium-pack-001', 'w-pr-056', 55, FALSE) ON CONFLICT (pack_id, word_id) DO UPDATE SET sort_order=EXCLUDED.sort_order, is_free_sample=EXCLUDED.is_free_sample;
INSERT INTO words (word_id, korean, romanization, content_version) VALUES ('w-pr-057', '노트', 'no-teu', 1) ON CONFLICT (word_id) DO UPDATE SET korean=EXCLUDED.korean, romanization=EXCLUDED.romanization;
INSERT INTO word_translations (word_id, locale, gloss, gloss_short, example_ko, example_en, content_version) VALUES ('w-pr-057', 'en-US', 'notebook', 'notebook', '노트 정리해요.', 'I''m organizing my notes.', 1) ON CONFLICT (word_id, locale) DO UPDATE SET gloss=EXCLUDED.gloss, gloss_short=EXCLUDED.gloss_short, example_ko=EXCLUDED.example_ko, example_en=EXCLUDED.example_en;
INSERT INTO word_pack_members (pack_id, word_id, sort_order, is_free_sample) VALUES ('premium-pack-001', 'w-pr-057', 56, FALSE) ON CONFLICT (pack_id, word_id) DO UPDATE SET sort_order=EXCLUDED.sort_order, is_free_sample=EXCLUDED.is_free_sample;
INSERT INTO words (word_id, korean, romanization, content_version) VALUES ('w-pr-058', '학기', 'hak-gi', 1) ON CONFLICT (word_id) DO UPDATE SET korean=EXCLUDED.korean, romanization=EXCLUDED.romanization;
INSERT INTO word_translations (word_id, locale, gloss, gloss_short, example_ko, example_en, content_version) VALUES ('w-pr-058', 'en-US', 'semester', 'semester', '이번 학기 끝났어요.', 'This semester is over.', 1) ON CONFLICT (word_id, locale) DO UPDATE SET gloss=EXCLUDED.gloss, gloss_short=EXCLUDED.gloss_short, example_ko=EXCLUDED.example_ko, example_en=EXCLUDED.example_en;
INSERT INTO word_pack_members (pack_id, word_id, sort_order, is_free_sample) VALUES ('premium-pack-001', 'w-pr-058', 57, FALSE) ON CONFLICT (pack_id, word_id) DO UPDATE SET sort_order=EXCLUDED.sort_order, is_free_sample=EXCLUDED.is_free_sample;
INSERT INTO words (word_id, korean, romanization, content_version) VALUES ('w-pr-059', '졸업', 'jo-reop', 1) ON CONFLICT (word_id) DO UPDATE SET korean=EXCLUDED.korean, romanization=EXCLUDED.romanization;
INSERT INTO word_translations (word_id, locale, gloss, gloss_short, example_ko, example_en, content_version) VALUES ('w-pr-059', 'en-US', 'graduation', 'graduation', '졸업 축하해요.', 'Congratulations on graduation.', 1) ON CONFLICT (word_id, locale) DO UPDATE SET gloss=EXCLUDED.gloss, gloss_short=EXCLUDED.gloss_short, example_ko=EXCLUDED.example_ko, example_en=EXCLUDED.example_en;
INSERT INTO word_pack_members (pack_id, word_id, sort_order, is_free_sample) VALUES ('premium-pack-001', 'w-pr-059', 58, FALSE) ON CONFLICT (pack_id, word_id) DO UPDATE SET sort_order=EXCLUDED.sort_order, is_free_sample=EXCLUDED.is_free_sample;
INSERT INTO words (word_id, korean, romanization, content_version) VALUES ('w-pr-060', '입학', 'i-pak', 1) ON CONFLICT (word_id) DO UPDATE SET korean=EXCLUDED.korean, romanization=EXCLUDED.romanization;
INSERT INTO word_translations (word_id, locale, gloss, gloss_short, example_ko, example_en, content_version) VALUES ('w-pr-060', 'en-US', 'admission / enrollment', 'admission / enrollment', '대학 입학했어요.', 'I enrolled in college.', 1) ON CONFLICT (word_id, locale) DO UPDATE SET gloss=EXCLUDED.gloss, gloss_short=EXCLUDED.gloss_short, example_ko=EXCLUDED.example_ko, example_en=EXCLUDED.example_en;
INSERT INTO word_pack_members (pack_id, word_id, sort_order, is_free_sample) VALUES ('premium-pack-001', 'w-pr-060', 59, FALSE) ON CONFLICT (pack_id, word_id) DO UPDATE SET sort_order=EXCLUDED.sort_order, is_free_sample=EXCLUDED.is_free_sample;
INSERT INTO words (word_id, korean, romanization, content_version) VALUES ('w-pr-061', '동아리', 'dong-a-ri', 1) ON CONFLICT (word_id) DO UPDATE SET korean=EXCLUDED.korean, romanization=EXCLUDED.romanization;
INSERT INTO word_translations (word_id, locale, gloss, gloss_short, example_ko, example_en, content_version) VALUES ('w-pr-061', 'en-US', 'club / circle (school)', 'club / circle', '동아리 활동해요.', 'I''m in a club.', 1) ON CONFLICT (word_id, locale) DO UPDATE SET gloss=EXCLUDED.gloss, gloss_short=EXCLUDED.gloss_short, example_ko=EXCLUDED.example_ko, example_en=EXCLUDED.example_en;
INSERT INTO word_pack_members (pack_id, word_id, sort_order, is_free_sample) VALUES ('premium-pack-001', 'w-pr-061', 60, FALSE) ON CONFLICT (pack_id, word_id) DO UPDATE SET sort_order=EXCLUDED.sort_order, is_free_sample=EXCLUDED.is_free_sample;
INSERT INTO words (word_id, korean, romanization, content_version) VALUES ('w-pr-062', '출근', 'chul-geun', 1) ON CONFLICT (word_id) DO UPDATE SET korean=EXCLUDED.korean, romanization=EXCLUDED.romanization;
INSERT INTO word_translations (word_id, locale, gloss, gloss_short, example_ko, example_en, content_version) VALUES ('w-pr-062', 'en-US', 'going to work', 'going to work', '출근 시간이에요.', 'It''s time to go to work.', 1) ON CONFLICT (word_id, locale) DO UPDATE SET gloss=EXCLUDED.gloss, gloss_short=EXCLUDED.gloss_short, example_ko=EXCLUDED.example_ko, example_en=EXCLUDED.example_en;
INSERT INTO word_pack_members (pack_id, word_id, sort_order, is_free_sample) VALUES ('premium-pack-001', 'w-pr-062', 61, FALSE) ON CONFLICT (pack_id, word_id) DO UPDATE SET sort_order=EXCLUDED.sort_order, is_free_sample=EXCLUDED.is_free_sample;
INSERT INTO words (word_id, korean, romanization, content_version) VALUES ('w-pr-063', '퇴근', 'toe-geun', 1) ON CONFLICT (word_id) DO UPDATE SET korean=EXCLUDED.korean, romanization=EXCLUDED.romanization;
INSERT INTO word_translations (word_id, locale, gloss, gloss_short, example_ko, example_en, content_version) VALUES ('w-pr-063', 'en-US', 'leaving work', 'leaving work', '퇴근했어요.', 'I''m done with work.', 1) ON CONFLICT (word_id, locale) DO UPDATE SET gloss=EXCLUDED.gloss, gloss_short=EXCLUDED.gloss_short, example_ko=EXCLUDED.example_ko, example_en=EXCLUDED.example_en;
INSERT INTO word_pack_members (pack_id, word_id, sort_order, is_free_sample) VALUES ('premium-pack-001', 'w-pr-063', 62, FALSE) ON CONFLICT (pack_id, word_id) DO UPDATE SET sort_order=EXCLUDED.sort_order, is_free_sample=EXCLUDED.is_free_sample;
INSERT INTO words (word_id, korean, romanization, content_version) VALUES ('w-pr-064', '회의', 'hoe-ui', 1) ON CONFLICT (word_id) DO UPDATE SET korean=EXCLUDED.korean, romanization=EXCLUDED.romanization;
INSERT INTO word_translations (word_id, locale, gloss, gloss_short, example_ko, example_en, content_version) VALUES ('w-pr-064', 'en-US', 'meeting', 'meeting', '회의 있어요.', 'I have a meeting.', 1) ON CONFLICT (word_id, locale) DO UPDATE SET gloss=EXCLUDED.gloss, gloss_short=EXCLUDED.gloss_short, example_ko=EXCLUDED.example_ko, example_en=EXCLUDED.example_en;
INSERT INTO word_pack_members (pack_id, word_id, sort_order, is_free_sample) VALUES ('premium-pack-001', 'w-pr-064', 63, FALSE) ON CONFLICT (pack_id, word_id) DO UPDATE SET sort_order=EXCLUDED.sort_order, is_free_sample=EXCLUDED.is_free_sample;
INSERT INTO words (word_id, korean, romanization, content_version) VALUES ('w-pr-065', '보고', 'bo-go', 1) ON CONFLICT (word_id) DO UPDATE SET korean=EXCLUDED.korean, romanization=EXCLUDED.romanization;
INSERT INTO word_translations (word_id, locale, gloss, gloss_short, example_ko, example_en, content_version) VALUES ('w-pr-065', 'en-US', 'report / briefing', 'report / briefing', '보고드릴게요.', 'I''ll report to you.', 1) ON CONFLICT (word_id, locale) DO UPDATE SET gloss=EXCLUDED.gloss, gloss_short=EXCLUDED.gloss_short, example_ko=EXCLUDED.example_ko, example_en=EXCLUDED.example_en;
INSERT INTO word_pack_members (pack_id, word_id, sort_order, is_free_sample) VALUES ('premium-pack-001', 'w-pr-065', 64, FALSE) ON CONFLICT (pack_id, word_id) DO UPDATE SET sort_order=EXCLUDED.sort_order, is_free_sample=EXCLUDED.is_free_sample;
INSERT INTO words (word_id, korean, romanization, content_version) VALUES ('w-pr-066', '휴가', 'hyu-ga', 1) ON CONFLICT (word_id) DO UPDATE SET korean=EXCLUDED.korean, romanization=EXCLUDED.romanization;
INSERT INTO word_translations (word_id, locale, gloss, gloss_short, example_ko, example_en, content_version) VALUES ('w-pr-066', 'en-US', 'vacation / leave', 'vacation / leave', '휴가 갔어요.', 'I''m on vacation.', 1) ON CONFLICT (word_id, locale) DO UPDATE SET gloss=EXCLUDED.gloss, gloss_short=EXCLUDED.gloss_short, example_ko=EXCLUDED.example_ko, example_en=EXCLUDED.example_en;
INSERT INTO word_pack_members (pack_id, word_id, sort_order, is_free_sample) VALUES ('premium-pack-001', 'w-pr-066', 65, FALSE) ON CONFLICT (pack_id, word_id) DO UPDATE SET sort_order=EXCLUDED.sort_order, is_free_sample=EXCLUDED.is_free_sample;
INSERT INTO words (word_id, korean, romanization, content_version) VALUES ('w-pr-067', '야근', 'ya-geun', 1) ON CONFLICT (word_id) DO UPDATE SET korean=EXCLUDED.korean, romanization=EXCLUDED.romanization;
INSERT INTO word_translations (word_id, locale, gloss, gloss_short, example_ko, example_en, content_version) VALUES ('w-pr-067', 'en-US', 'overtime (night)', 'overtime', '오늘 야근해요.', 'I''m working late tonight.', 1) ON CONFLICT (word_id, locale) DO UPDATE SET gloss=EXCLUDED.gloss, gloss_short=EXCLUDED.gloss_short, example_ko=EXCLUDED.example_ko, example_en=EXCLUDED.example_en;
INSERT INTO word_pack_members (pack_id, word_id, sort_order, is_free_sample) VALUES ('premium-pack-001', 'w-pr-067', 66, FALSE) ON CONFLICT (pack_id, word_id) DO UPDATE SET sort_order=EXCLUDED.sort_order, is_free_sample=EXCLUDED.is_free_sample;
INSERT INTO words (word_id, korean, romanization, content_version) VALUES ('w-pr-068', '동료', 'dong-ryo', 1) ON CONFLICT (word_id) DO UPDATE SET korean=EXCLUDED.korean, romanization=EXCLUDED.romanization;
INSERT INTO word_translations (word_id, locale, gloss, gloss_short, example_ko, example_en, content_version) VALUES ('w-pr-068', 'en-US', 'colleague', 'colleague', '동료들과 점심 먹어요.', 'I''m having lunch with my colleagues.', 1) ON CONFLICT (word_id, locale) DO UPDATE SET gloss=EXCLUDED.gloss, gloss_short=EXCLUDED.gloss_short, example_ko=EXCLUDED.example_ko, example_en=EXCLUDED.example_en;
INSERT INTO word_pack_members (pack_id, word_id, sort_order, is_free_sample) VALUES ('premium-pack-001', 'w-pr-068', 67, FALSE) ON CONFLICT (pack_id, word_id) DO UPDATE SET sort_order=EXCLUDED.sort_order, is_free_sample=EXCLUDED.is_free_sample;
INSERT INTO words (word_id, korean, romanization, content_version) VALUES ('w-pr-069', '부서', 'bu-seo', 1) ON CONFLICT (word_id) DO UPDATE SET korean=EXCLUDED.korean, romanization=EXCLUDED.romanization;
INSERT INTO word_translations (word_id, locale, gloss, gloss_short, example_ko, example_en, content_version) VALUES ('w-pr-069', 'en-US', 'department', 'department', '어느 부서예요?', 'Which department?', 1) ON CONFLICT (word_id, locale) DO UPDATE SET gloss=EXCLUDED.gloss, gloss_short=EXCLUDED.gloss_short, example_ko=EXCLUDED.example_ko, example_en=EXCLUDED.example_en;
INSERT INTO word_pack_members (pack_id, word_id, sort_order, is_free_sample) VALUES ('premium-pack-001', 'w-pr-069', 68, FALSE) ON CONFLICT (pack_id, word_id) DO UPDATE SET sort_order=EXCLUDED.sort_order, is_free_sample=EXCLUDED.is_free_sample;
INSERT INTO words (word_id, korean, romanization, content_version) VALUES ('w-pr-070', '프로젝트', 'peu-ro-jek-teu', 1) ON CONFLICT (word_id) DO UPDATE SET korean=EXCLUDED.korean, romanization=EXCLUDED.romanization;
INSERT INTO word_translations (word_id, locale, gloss, gloss_short, example_ko, example_en, content_version) VALUES ('w-pr-070', 'en-US', 'project', 'project', '프로젝트 시작해요.', 'We''re starting a project.', 1) ON CONFLICT (word_id, locale) DO UPDATE SET gloss=EXCLUDED.gloss, gloss_short=EXCLUDED.gloss_short, example_ko=EXCLUDED.example_ko, example_en=EXCLUDED.example_en;
INSERT INTO word_pack_members (pack_id, word_id, sort_order, is_free_sample) VALUES ('premium-pack-001', 'w-pr-070', 69, FALSE) ON CONFLICT (pack_id, word_id) DO UPDATE SET sort_order=EXCLUDED.sort_order, is_free_sample=EXCLUDED.is_free_sample;
INSERT INTO words (word_id, korean, romanization, content_version) VALUES ('w-pr-071', '마감', 'ma-gam', 1) ON CONFLICT (word_id) DO UPDATE SET korean=EXCLUDED.korean, romanization=EXCLUDED.romanization;
INSERT INTO word_translations (word_id, locale, gloss, gloss_short, example_ko, example_en, content_version) VALUES ('w-pr-071', 'en-US', 'deadline', 'deadline', '마감이 내일이에요.', 'The deadline is tomorrow.', 1) ON CONFLICT (word_id, locale) DO UPDATE SET gloss=EXCLUDED.gloss, gloss_short=EXCLUDED.gloss_short, example_ko=EXCLUDED.example_ko, example_en=EXCLUDED.example_en;
INSERT INTO word_pack_members (pack_id, word_id, sort_order, is_free_sample) VALUES ('premium-pack-001', 'w-pr-071', 70, FALSE) ON CONFLICT (pack_id, word_id) DO UPDATE SET sort_order=EXCLUDED.sort_order, is_free_sample=EXCLUDED.is_free_sample;
INSERT INTO words (word_id, korean, romanization, content_version) VALUES ('w-pr-072', '머리', 'meo-ri', 1) ON CONFLICT (word_id) DO UPDATE SET korean=EXCLUDED.korean, romanization=EXCLUDED.romanization;
INSERT INTO word_translations (word_id, locale, gloss, gloss_short, example_ko, example_en, content_version) VALUES ('w-pr-072', 'en-US', 'head / hair', 'head / hair', '머리 아파요.', 'I have a headache.', 1) ON CONFLICT (word_id, locale) DO UPDATE SET gloss=EXCLUDED.gloss, gloss_short=EXCLUDED.gloss_short, example_ko=EXCLUDED.example_ko, example_en=EXCLUDED.example_en;
INSERT INTO word_pack_members (pack_id, word_id, sort_order, is_free_sample) VALUES ('premium-pack-001', 'w-pr-072', 71, FALSE) ON CONFLICT (pack_id, word_id) DO UPDATE SET sort_order=EXCLUDED.sort_order, is_free_sample=EXCLUDED.is_free_sample;
INSERT INTO words (word_id, korean, romanization, content_version) VALUES ('w-pr-073', '얼굴', 'eol-gul', 1) ON CONFLICT (word_id) DO UPDATE SET korean=EXCLUDED.korean, romanization=EXCLUDED.romanization;
INSERT INTO word_translations (word_id, locale, gloss, gloss_short, example_ko, example_en, content_version) VALUES ('w-pr-073', 'en-US', 'face', 'face', '얼굴이 빨개요.', 'My face is red.', 1) ON CONFLICT (word_id, locale) DO UPDATE SET gloss=EXCLUDED.gloss, gloss_short=EXCLUDED.gloss_short, example_ko=EXCLUDED.example_ko, example_en=EXCLUDED.example_en;
INSERT INTO word_pack_members (pack_id, word_id, sort_order, is_free_sample) VALUES ('premium-pack-001', 'w-pr-073', 72, FALSE) ON CONFLICT (pack_id, word_id) DO UPDATE SET sort_order=EXCLUDED.sort_order, is_free_sample=EXCLUDED.is_free_sample;
INSERT INTO words (word_id, korean, romanization, content_version) VALUES ('w-pr-074', '눈', 'nun', 1) ON CONFLICT (word_id) DO UPDATE SET korean=EXCLUDED.korean, romanization=EXCLUDED.romanization;
INSERT INTO word_translations (word_id, locale, gloss, gloss_short, example_ko, example_en, content_version) VALUES ('w-pr-074', 'en-US', 'eye(s)', 'eye', '눈이 아파요.', 'My eyes hurt.', 1) ON CONFLICT (word_id, locale) DO UPDATE SET gloss=EXCLUDED.gloss, gloss_short=EXCLUDED.gloss_short, example_ko=EXCLUDED.example_ko, example_en=EXCLUDED.example_en;
INSERT INTO word_pack_members (pack_id, word_id, sort_order, is_free_sample) VALUES ('premium-pack-001', 'w-pr-074', 73, FALSE) ON CONFLICT (pack_id, word_id) DO UPDATE SET sort_order=EXCLUDED.sort_order, is_free_sample=EXCLUDED.is_free_sample;
INSERT INTO words (word_id, korean, romanization, content_version) VALUES ('w-pr-075', '손', 'son', 1) ON CONFLICT (word_id) DO UPDATE SET korean=EXCLUDED.korean, romanization=EXCLUDED.romanization;
INSERT INTO word_translations (word_id, locale, gloss, gloss_short, example_ko, example_en, content_version) VALUES ('w-pr-075', 'en-US', 'hand', 'hand', '손 씻으세요.', 'Please wash your hands.', 1) ON CONFLICT (word_id, locale) DO UPDATE SET gloss=EXCLUDED.gloss, gloss_short=EXCLUDED.gloss_short, example_ko=EXCLUDED.example_ko, example_en=EXCLUDED.example_en;
INSERT INTO word_pack_members (pack_id, word_id, sort_order, is_free_sample) VALUES ('premium-pack-001', 'w-pr-075', 74, FALSE) ON CONFLICT (pack_id, word_id) DO UPDATE SET sort_order=EXCLUDED.sort_order, is_free_sample=EXCLUDED.is_free_sample;
INSERT INTO words (word_id, korean, romanization, content_version) VALUES ('w-pr-076', '발', 'bal', 1) ON CONFLICT (word_id) DO UPDATE SET korean=EXCLUDED.korean, romanization=EXCLUDED.romanization;
INSERT INTO word_translations (word_id, locale, gloss, gloss_short, example_ko, example_en, content_version) VALUES ('w-pr-076', 'en-US', 'foot / feet', 'foot / feet', '발이 아파요.', 'My feet hurt.', 1) ON CONFLICT (word_id, locale) DO UPDATE SET gloss=EXCLUDED.gloss, gloss_short=EXCLUDED.gloss_short, example_ko=EXCLUDED.example_ko, example_en=EXCLUDED.example_en;
INSERT INTO word_pack_members (pack_id, word_id, sort_order, is_free_sample) VALUES ('premium-pack-001', 'w-pr-076', 75, FALSE) ON CONFLICT (pack_id, word_id) DO UPDATE SET sort_order=EXCLUDED.sort_order, is_free_sample=EXCLUDED.is_free_sample;
INSERT INTO words (word_id, korean, romanization, content_version) VALUES ('w-pr-077', '아파요', 'a-pa-yo', 1) ON CONFLICT (word_id) DO UPDATE SET korean=EXCLUDED.korean, romanization=EXCLUDED.romanization;
INSERT INTO word_translations (word_id, locale, gloss, gloss_short, example_ko, example_en, content_version) VALUES ('w-pr-077', 'en-US', 'it hurts / I''m sick', 'it hurts / I''m sick', '어디 아파요?', 'Where does it hurt?', 1) ON CONFLICT (word_id, locale) DO UPDATE SET gloss=EXCLUDED.gloss, gloss_short=EXCLUDED.gloss_short, example_ko=EXCLUDED.example_ko, example_en=EXCLUDED.example_en;
INSERT INTO word_pack_members (pack_id, word_id, sort_order, is_free_sample) VALUES ('premium-pack-001', 'w-pr-077', 76, FALSE) ON CONFLICT (pack_id, word_id) DO UPDATE SET sort_order=EXCLUDED.sort_order, is_free_sample=EXCLUDED.is_free_sample;
INSERT INTO words (word_id, korean, romanization, content_version) VALUES ('w-pr-078', '피곤해요', 'pi-gon-hae-yo', 1) ON CONFLICT (word_id) DO UPDATE SET korean=EXCLUDED.korean, romanization=EXCLUDED.romanization;
INSERT INTO word_translations (word_id, locale, gloss, gloss_short, example_ko, example_en, content_version) VALUES ('w-pr-078', 'en-US', 'I''m tired', 'I''m tired', '너무 피곤해요.', 'I''m so tired.', 1) ON CONFLICT (word_id, locale) DO UPDATE SET gloss=EXCLUDED.gloss, gloss_short=EXCLUDED.gloss_short, example_ko=EXCLUDED.example_ko, example_en=EXCLUDED.example_en;
INSERT INTO word_pack_members (pack_id, word_id, sort_order, is_free_sample) VALUES ('premium-pack-001', 'w-pr-078', 77, FALSE) ON CONFLICT (pack_id, word_id) DO UPDATE SET sort_order=EXCLUDED.sort_order, is_free_sample=EXCLUDED.is_free_sample;
INSERT INTO words (word_id, korean, romanization, content_version) VALUES ('w-pr-079', '잠', 'jam', 1) ON CONFLICT (word_id) DO UPDATE SET korean=EXCLUDED.korean, romanization=EXCLUDED.romanization;
INSERT INTO word_translations (word_id, locale, gloss, gloss_short, example_ko, example_en, content_version) VALUES ('w-pr-079', 'en-US', 'sleep', 'sleep', '잠 잘 자요.', 'Sleep well.', 1) ON CONFLICT (word_id, locale) DO UPDATE SET gloss=EXCLUDED.gloss, gloss_short=EXCLUDED.gloss_short, example_ko=EXCLUDED.example_ko, example_en=EXCLUDED.example_en;
INSERT INTO word_pack_members (pack_id, word_id, sort_order, is_free_sample) VALUES ('premium-pack-001', 'w-pr-079', 78, FALSE) ON CONFLICT (pack_id, word_id) DO UPDATE SET sort_order=EXCLUDED.sort_order, is_free_sample=EXCLUDED.is_free_sample;
INSERT INTO words (word_id, korean, romanization, content_version) VALUES ('w-pr-080', '건강', 'geon-gang', 1) ON CONFLICT (word_id) DO UPDATE SET korean=EXCLUDED.korean, romanization=EXCLUDED.romanization;
INSERT INTO word_translations (word_id, locale, gloss, gloss_short, example_ko, example_en, content_version) VALUES ('w-pr-080', 'en-US', 'health', 'health', '건강이 최고예요.', 'Health is the most important.', 1) ON CONFLICT (word_id, locale) DO UPDATE SET gloss=EXCLUDED.gloss, gloss_short=EXCLUDED.gloss_short, example_ko=EXCLUDED.example_ko, example_en=EXCLUDED.example_en;
INSERT INTO word_pack_members (pack_id, word_id, sort_order, is_free_sample) VALUES ('premium-pack-001', 'w-pr-080', 79, FALSE) ON CONFLICT (pack_id, word_id) DO UPDATE SET sort_order=EXCLUDED.sort_order, is_free_sample=EXCLUDED.is_free_sample;
INSERT INTO words (word_id, korean, romanization, content_version) VALUES ('w-pr-081', '체력', 'che-ryeok', 1) ON CONFLICT (word_id) DO UPDATE SET korean=EXCLUDED.korean, romanization=EXCLUDED.romanization;
INSERT INTO word_translations (word_id, locale, gloss, gloss_short, example_ko, example_en, content_version) VALUES ('w-pr-081', 'en-US', 'stamina / physical strength', 'stamina / physical strength', '체력이 좋아요.', 'I have good stamina.', 1) ON CONFLICT (word_id, locale) DO UPDATE SET gloss=EXCLUDED.gloss, gloss_short=EXCLUDED.gloss_short, example_ko=EXCLUDED.example_ko, example_en=EXCLUDED.example_en;
INSERT INTO word_pack_members (pack_id, word_id, sort_order, is_free_sample) VALUES ('premium-pack-001', 'w-pr-081', 80, FALSE) ON CONFLICT (pack_id, word_id) DO UPDATE SET sort_order=EXCLUDED.sort_order, is_free_sample=EXCLUDED.is_free_sample;
INSERT INTO words (word_id, korean, romanization, content_version) VALUES ('w-pr-082', '전화', 'jeo-nwa', 1) ON CONFLICT (word_id) DO UPDATE SET korean=EXCLUDED.korean, romanization=EXCLUDED.romanization;
INSERT INTO word_translations (word_id, locale, gloss, gloss_short, example_ko, example_en, content_version) VALUES ('w-pr-082', 'en-US', 'phone call', 'phone call', '전화할게요.', 'I''ll call you.', 1) ON CONFLICT (word_id, locale) DO UPDATE SET gloss=EXCLUDED.gloss, gloss_short=EXCLUDED.gloss_short, example_ko=EXCLUDED.example_ko, example_en=EXCLUDED.example_en;
INSERT INTO word_pack_members (pack_id, word_id, sort_order, is_free_sample) VALUES ('premium-pack-001', 'w-pr-082', 81, FALSE) ON CONFLICT (pack_id, word_id) DO UPDATE SET sort_order=EXCLUDED.sort_order, is_free_sample=EXCLUDED.is_free_sample;
INSERT INTO words (word_id, korean, romanization, content_version) VALUES ('w-pr-083', '메시지', 'me-si-ji', 1) ON CONFLICT (word_id) DO UPDATE SET korean=EXCLUDED.korean, romanization=EXCLUDED.romanization;
INSERT INTO word_translations (word_id, locale, gloss, gloss_short, example_ko, example_en, content_version) VALUES ('w-pr-083', 'en-US', 'message', 'message', '메시지 보내요.', 'I''m sending a message.', 1) ON CONFLICT (word_id, locale) DO UPDATE SET gloss=EXCLUDED.gloss, gloss_short=EXCLUDED.gloss_short, example_ko=EXCLUDED.example_ko, example_en=EXCLUDED.example_en;
INSERT INTO word_pack_members (pack_id, word_id, sort_order, is_free_sample) VALUES ('premium-pack-001', 'w-pr-083', 82, FALSE) ON CONFLICT (pack_id, word_id) DO UPDATE SET sort_order=EXCLUDED.sort_order, is_free_sample=EXCLUDED.is_free_sample;
INSERT INTO words (word_id, korean, romanization, content_version) VALUES ('w-pr-084', '이메일', 'i-me-il', 1) ON CONFLICT (word_id) DO UPDATE SET korean=EXCLUDED.korean, romanization=EXCLUDED.romanization;
INSERT INTO word_translations (word_id, locale, gloss, gloss_short, example_ko, example_en, content_version) VALUES ('w-pr-084', 'en-US', 'email', 'email', '이메일 확인해요.', 'I''m checking my email.', 1) ON CONFLICT (word_id, locale) DO UPDATE SET gloss=EXCLUDED.gloss, gloss_short=EXCLUDED.gloss_short, example_ko=EXCLUDED.example_ko, example_en=EXCLUDED.example_en;
INSERT INTO word_pack_members (pack_id, word_id, sort_order, is_free_sample) VALUES ('premium-pack-001', 'w-pr-084', 83, FALSE) ON CONFLICT (pack_id, word_id) DO UPDATE SET sort_order=EXCLUDED.sort_order, is_free_sample=EXCLUDED.is_free_sample;
INSERT INTO words (word_id, korean, romanization, content_version) VALUES ('w-pr-085', 'SNS', 'es-en-es', 1) ON CONFLICT (word_id) DO UPDATE SET korean=EXCLUDED.korean, romanization=EXCLUDED.romanization;
INSERT INTO word_translations (word_id, locale, gloss, gloss_short, example_ko, example_en, content_version) VALUES ('w-pr-085', 'en-US', 'social media', 'social media', 'SNS 안 해요.', 'I don''t do social media.', 1) ON CONFLICT (word_id, locale) DO UPDATE SET gloss=EXCLUDED.gloss, gloss_short=EXCLUDED.gloss_short, example_ko=EXCLUDED.example_ko, example_en=EXCLUDED.example_en;
INSERT INTO word_pack_members (pack_id, word_id, sort_order, is_free_sample) VALUES ('premium-pack-001', 'w-pr-085', 84, FALSE) ON CONFLICT (pack_id, word_id) DO UPDATE SET sort_order=EXCLUDED.sort_order, is_free_sample=EXCLUDED.is_free_sample;
INSERT INTO words (word_id, korean, romanization, content_version) VALUES ('w-pr-086', '사진 공유', 'sa-jin-gong-yu', 1) ON CONFLICT (word_id) DO UPDATE SET korean=EXCLUDED.korean, romanization=EXCLUDED.romanization;
INSERT INTO word_translations (word_id, locale, gloss, gloss_short, example_ko, example_en, content_version) VALUES ('w-pr-086', 'en-US', 'photo sharing', 'photo sharing', '사진 공유해 주세요.', 'Please share the photos.', 1) ON CONFLICT (word_id, locale) DO UPDATE SET gloss=EXCLUDED.gloss, gloss_short=EXCLUDED.gloss_short, example_ko=EXCLUDED.example_ko, example_en=EXCLUDED.example_en;
INSERT INTO word_pack_members (pack_id, word_id, sort_order, is_free_sample) VALUES ('premium-pack-001', 'w-pr-086', 85, FALSE) ON CONFLICT (pack_id, word_id) DO UPDATE SET sort_order=EXCLUDED.sort_order, is_free_sample=EXCLUDED.is_free_sample;
INSERT INTO words (word_id, korean, romanization, content_version) VALUES ('w-pr-087', '영상 통화', 'yeong-sang-tong-hwa', 1) ON CONFLICT (word_id) DO UPDATE SET korean=EXCLUDED.korean, romanization=EXCLUDED.romanization;
INSERT INTO word_translations (word_id, locale, gloss, gloss_short, example_ko, example_en, content_version) VALUES ('w-pr-087', 'en-US', 'video call', 'video call', '영상 통화해요.', 'Let''s video call.', 1) ON CONFLICT (word_id, locale) DO UPDATE SET gloss=EXCLUDED.gloss, gloss_short=EXCLUDED.gloss_short, example_ko=EXCLUDED.example_ko, example_en=EXCLUDED.example_en;
INSERT INTO word_pack_members (pack_id, word_id, sort_order, is_free_sample) VALUES ('premium-pack-001', 'w-pr-087', 86, FALSE) ON CONFLICT (pack_id, word_id) DO UPDATE SET sort_order=EXCLUDED.sort_order, is_free_sample=EXCLUDED.is_free_sample;
INSERT INTO words (word_id, korean, romanization, content_version) VALUES ('w-pr-088', '검색', 'geom-saek', 1) ON CONFLICT (word_id) DO UPDATE SET korean=EXCLUDED.korean, romanization=EXCLUDED.romanization;
INSERT INTO word_translations (word_id, locale, gloss, gloss_short, example_ko, example_en, content_version) VALUES ('w-pr-088', 'en-US', 'search', 'search', '구글에서 검색해요.', 'I''m searching on Google.', 1) ON CONFLICT (word_id, locale) DO UPDATE SET gloss=EXCLUDED.gloss, gloss_short=EXCLUDED.gloss_short, example_ko=EXCLUDED.example_ko, example_en=EXCLUDED.example_en;
INSERT INTO word_pack_members (pack_id, word_id, sort_order, is_free_sample) VALUES ('premium-pack-001', 'w-pr-088', 87, FALSE) ON CONFLICT (pack_id, word_id) DO UPDATE SET sort_order=EXCLUDED.sort_order, is_free_sample=EXCLUDED.is_free_sample;
INSERT INTO words (word_id, korean, romanization, content_version) VALUES ('w-pr-089', '알림', 'al-rim', 1) ON CONFLICT (word_id) DO UPDATE SET korean=EXCLUDED.korean, romanization=EXCLUDED.romanization;
INSERT INTO word_translations (word_id, locale, gloss, gloss_short, example_ko, example_en, content_version) VALUES ('w-pr-089', 'en-US', 'notification', 'notification', '알림 왔어요.', 'I got a notification.', 1) ON CONFLICT (word_id, locale) DO UPDATE SET gloss=EXCLUDED.gloss, gloss_short=EXCLUDED.gloss_short, example_ko=EXCLUDED.example_ko, example_en=EXCLUDED.example_en;
INSERT INTO word_pack_members (pack_id, word_id, sort_order, is_free_sample) VALUES ('premium-pack-001', 'w-pr-089', 88, FALSE) ON CONFLICT (pack_id, word_id) DO UPDATE SET sort_order=EXCLUDED.sort_order, is_free_sample=EXCLUDED.is_free_sample;
INSERT INTO words (word_id, korean, romanization, content_version) VALUES ('w-pr-090', '차단', 'cha-dan', 1) ON CONFLICT (word_id) DO UPDATE SET korean=EXCLUDED.korean, romanization=EXCLUDED.romanization;
INSERT INTO word_translations (word_id, locale, gloss, gloss_short, example_ko, example_en, content_version) VALUES ('w-pr-090', 'en-US', 'block (action)', 'block', '차단했어요.', 'I blocked them.', 1) ON CONFLICT (word_id, locale) DO UPDATE SET gloss=EXCLUDED.gloss, gloss_short=EXCLUDED.gloss_short, example_ko=EXCLUDED.example_ko, example_en=EXCLUDED.example_en;
INSERT INTO word_pack_members (pack_id, word_id, sort_order, is_free_sample) VALUES ('premium-pack-001', 'w-pr-090', 89, FALSE) ON CONFLICT (pack_id, word_id) DO UPDATE SET sort_order=EXCLUDED.sort_order, is_free_sample=EXCLUDED.is_free_sample;
INSERT INTO words (word_id, korean, romanization, content_version) VALUES ('w-pr-091', '가능해요', 'ga-neung-hae-yo', 1) ON CONFLICT (word_id) DO UPDATE SET korean=EXCLUDED.korean, romanization=EXCLUDED.romanization;
INSERT INTO word_translations (word_id, locale, gloss, gloss_short, example_ko, example_en, content_version) VALUES ('w-pr-091', 'en-US', 'it''s possible / I can', 'it''s possible / I can', '지금 가능해요.', 'It''s possible now.', 1) ON CONFLICT (word_id, locale) DO UPDATE SET gloss=EXCLUDED.gloss, gloss_short=EXCLUDED.gloss_short, example_ko=EXCLUDED.example_ko, example_en=EXCLUDED.example_en;
INSERT INTO word_pack_members (pack_id, word_id, sort_order, is_free_sample) VALUES ('premium-pack-001', 'w-pr-091', 90, FALSE) ON CONFLICT (pack_id, word_id) DO UPDATE SET sort_order=EXCLUDED.sort_order, is_free_sample=EXCLUDED.is_free_sample;
INSERT INTO words (word_id, korean, romanization, content_version) VALUES ('w-pr-092', '불가능해요', 'bul-ga-neung-hae-yo', 1) ON CONFLICT (word_id) DO UPDATE SET korean=EXCLUDED.korean, romanization=EXCLUDED.romanization;
INSERT INTO word_translations (word_id, locale, gloss, gloss_short, example_ko, example_en, content_version) VALUES ('w-pr-092', 'en-US', 'it''s impossible', 'it''s impossible', '오늘은 불가능해요.', 'Today is impossible.', 1) ON CONFLICT (word_id, locale) DO UPDATE SET gloss=EXCLUDED.gloss, gloss_short=EXCLUDED.gloss_short, example_ko=EXCLUDED.example_ko, example_en=EXCLUDED.example_en;
INSERT INTO word_pack_members (pack_id, word_id, sort_order, is_free_sample) VALUES ('premium-pack-001', 'w-pr-092', 91, FALSE) ON CONFLICT (pack_id, word_id) DO UPDATE SET sort_order=EXCLUDED.sort_order, is_free_sample=EXCLUDED.is_free_sample;
INSERT INTO words (word_id, korean, romanization, content_version) VALUES ('w-pr-093', '필요해요', 'pi-ryo-hae-yo', 1) ON CONFLICT (word_id) DO UPDATE SET korean=EXCLUDED.korean, romanization=EXCLUDED.romanization;
INSERT INTO word_translations (word_id, locale, gloss, gloss_short, example_ko, example_en, content_version) VALUES ('w-pr-093', 'en-US', 'I need it', 'I need it', '도움이 필요해요.', 'I need help.', 1) ON CONFLICT (word_id, locale) DO UPDATE SET gloss=EXCLUDED.gloss, gloss_short=EXCLUDED.gloss_short, example_ko=EXCLUDED.example_ko, example_en=EXCLUDED.example_en;
INSERT INTO word_pack_members (pack_id, word_id, sort_order, is_free_sample) VALUES ('premium-pack-001', 'w-pr-093', 92, FALSE) ON CONFLICT (pack_id, word_id) DO UPDATE SET sort_order=EXCLUDED.sort_order, is_free_sample=EXCLUDED.is_free_sample;
INSERT INTO words (word_id, korean, romanization, content_version) VALUES ('w-pr-094', '원해요', 'won-hae-yo', 1) ON CONFLICT (word_id) DO UPDATE SET korean=EXCLUDED.korean, romanization=EXCLUDED.romanization;
INSERT INTO word_translations (word_id, locale, gloss, gloss_short, example_ko, example_en, content_version) VALUES ('w-pr-094', 'en-US', 'I want', 'I want', '이거 원해요.', 'I want this.', 1) ON CONFLICT (word_id, locale) DO UPDATE SET gloss=EXCLUDED.gloss, gloss_short=EXCLUDED.gloss_short, example_ko=EXCLUDED.example_ko, example_en=EXCLUDED.example_en;
INSERT INTO word_pack_members (pack_id, word_id, sort_order, is_free_sample) VALUES ('premium-pack-001', 'w-pr-094', 93, FALSE) ON CONFLICT (pack_id, word_id) DO UPDATE SET sort_order=EXCLUDED.sort_order, is_free_sample=EXCLUDED.is_free_sample;
INSERT INTO words (word_id, korean, romanization, content_version) VALUES ('w-pr-095', '기억해요', 'gi-eo-kae-yo', 1) ON CONFLICT (word_id) DO UPDATE SET korean=EXCLUDED.korean, romanization=EXCLUDED.romanization;
INSERT INTO word_translations (word_id, locale, gloss, gloss_short, example_ko, example_en, content_version) VALUES ('w-pr-095', 'en-US', 'I remember', 'I remember', '이름 기억해요.', 'I remember the name.', 1) ON CONFLICT (word_id, locale) DO UPDATE SET gloss=EXCLUDED.gloss, gloss_short=EXCLUDED.gloss_short, example_ko=EXCLUDED.example_ko, example_en=EXCLUDED.example_en;
INSERT INTO word_pack_members (pack_id, word_id, sort_order, is_free_sample) VALUES ('premium-pack-001', 'w-pr-095', 94, FALSE) ON CONFLICT (pack_id, word_id) DO UPDATE SET sort_order=EXCLUDED.sort_order, is_free_sample=EXCLUDED.is_free_sample;
INSERT INTO words (word_id, korean, romanization, content_version) VALUES ('w-pr-096', '잊었어요', 'i-jeo-sseo-yo', 1) ON CONFLICT (word_id) DO UPDATE SET korean=EXCLUDED.korean, romanization=EXCLUDED.romanization;
INSERT INTO word_translations (word_id, locale, gloss, gloss_short, example_ko, example_en, content_version) VALUES ('w-pr-096', 'en-US', 'I forgot', 'I forgot', '약속 잊었어요.', 'I forgot the plan.', 1) ON CONFLICT (word_id, locale) DO UPDATE SET gloss=EXCLUDED.gloss, gloss_short=EXCLUDED.gloss_short, example_ko=EXCLUDED.example_ko, example_en=EXCLUDED.example_en;
INSERT INTO word_pack_members (pack_id, word_id, sort_order, is_free_sample) VALUES ('premium-pack-001', 'w-pr-096', 95, FALSE) ON CONFLICT (pack_id, word_id) DO UPDATE SET sort_order=EXCLUDED.sort_order, is_free_sample=EXCLUDED.is_free_sample;
INSERT INTO words (word_id, korean, romanization, content_version) VALUES ('w-pr-097', '이해해요', 'i-hae-hae-yo', 1) ON CONFLICT (word_id) DO UPDATE SET korean=EXCLUDED.korean, romanization=EXCLUDED.romanization;
INSERT INTO word_translations (word_id, locale, gloss, gloss_short, example_ko, example_en, content_version) VALUES ('w-pr-097', 'en-US', 'I understand', 'I understand', '잘 이해해요.', 'I understand well.', 1) ON CONFLICT (word_id, locale) DO UPDATE SET gloss=EXCLUDED.gloss, gloss_short=EXCLUDED.gloss_short, example_ko=EXCLUDED.example_ko, example_en=EXCLUDED.example_en;
INSERT INTO word_pack_members (pack_id, word_id, sort_order, is_free_sample) VALUES ('premium-pack-001', 'w-pr-097', 96, FALSE) ON CONFLICT (pack_id, word_id) DO UPDATE SET sort_order=EXCLUDED.sort_order, is_free_sample=EXCLUDED.is_free_sample;
INSERT INTO words (word_id, korean, romanization, content_version) VALUES ('w-pr-098', '동의해요', 'dong-ui-hae-yo', 1) ON CONFLICT (word_id) DO UPDATE SET korean=EXCLUDED.korean, romanization=EXCLUDED.romanization;
INSERT INTO word_translations (word_id, locale, gloss, gloss_short, example_ko, example_en, content_version) VALUES ('w-pr-098', 'en-US', 'I agree', 'I agree', '동의해요.', 'I agree.', 1) ON CONFLICT (word_id, locale) DO UPDATE SET gloss=EXCLUDED.gloss, gloss_short=EXCLUDED.gloss_short, example_ko=EXCLUDED.example_ko, example_en=EXCLUDED.example_en;
INSERT INTO word_pack_members (pack_id, word_id, sort_order, is_free_sample) VALUES ('premium-pack-001', 'w-pr-098', 97, FALSE) ON CONFLICT (pack_id, word_id) DO UPDATE SET sort_order=EXCLUDED.sort_order, is_free_sample=EXCLUDED.is_free_sample;
INSERT INTO words (word_id, korean, romanization, content_version) VALUES ('w-pr-099', '반대해요', 'ban-dae-hae-yo', 1) ON CONFLICT (word_id) DO UPDATE SET korean=EXCLUDED.korean, romanization=EXCLUDED.romanization;
INSERT INTO word_translations (word_id, locale, gloss, gloss_short, example_ko, example_en, content_version) VALUES ('w-pr-099', 'en-US', 'I disagree', 'I disagree', '이 의견에 반대해요.', 'I disagree with this.', 1) ON CONFLICT (word_id, locale) DO UPDATE SET gloss=EXCLUDED.gloss, gloss_short=EXCLUDED.gloss_short, example_ko=EXCLUDED.example_ko, example_en=EXCLUDED.example_en;
INSERT INTO word_pack_members (pack_id, word_id, sort_order, is_free_sample) VALUES ('premium-pack-001', 'w-pr-099', 98, FALSE) ON CONFLICT (pack_id, word_id) DO UPDATE SET sort_order=EXCLUDED.sort_order, is_free_sample=EXCLUDED.is_free_sample;
INSERT INTO words (word_id, korean, romanization, content_version) VALUES ('w-pr-100', '축하해요', 'chu-ka-hae-yo', 1) ON CONFLICT (word_id) DO UPDATE SET korean=EXCLUDED.korean, romanization=EXCLUDED.romanization;
INSERT INTO word_translations (word_id, locale, gloss, gloss_short, example_ko, example_en, content_version) VALUES ('w-pr-100', 'en-US', 'congratulations', 'congratulations', '졸업 축하해요!', 'Congratulations on graduation!', 1) ON CONFLICT (word_id, locale) DO UPDATE SET gloss=EXCLUDED.gloss, gloss_short=EXCLUDED.gloss_short, example_ko=EXCLUDED.example_ko, example_en=EXCLUDED.example_en;
INSERT INTO word_pack_members (pack_id, word_id, sort_order, is_free_sample) VALUES ('premium-pack-001', 'w-pr-100', 99, FALSE) ON CONFLICT (pack_id, word_id) DO UPDATE SET sort_order=EXCLUDED.sort_order, is_free_sample=EXCLUDED.is_free_sample;
INSERT INTO words (word_id, korean, romanization, content_version) VALUES ('w-pr-101', '빨간색', 'ppal-gan-saek', 1) ON CONFLICT (word_id) DO UPDATE SET korean=EXCLUDED.korean, romanization=EXCLUDED.romanization;
INSERT INTO word_translations (word_id, locale, gloss, gloss_short, example_ko, example_en, content_version) VALUES ('w-pr-101', 'en-US', 'red', 'red', '빨간색 옷이에요.', 'It''s a red outfit.', 1) ON CONFLICT (word_id, locale) DO UPDATE SET gloss=EXCLUDED.gloss, gloss_short=EXCLUDED.gloss_short, example_ko=EXCLUDED.example_ko, example_en=EXCLUDED.example_en;
INSERT INTO word_pack_members (pack_id, word_id, sort_order, is_free_sample) VALUES ('premium-pack-001', 'w-pr-101', 100, FALSE) ON CONFLICT (pack_id, word_id) DO UPDATE SET sort_order=EXCLUDED.sort_order, is_free_sample=EXCLUDED.is_free_sample;
INSERT INTO words (word_id, korean, romanization, content_version) VALUES ('w-pr-102', '파란색', 'pa-ran-saek', 1) ON CONFLICT (word_id) DO UPDATE SET korean=EXCLUDED.korean, romanization=EXCLUDED.romanization;
INSERT INTO word_translations (word_id, locale, gloss, gloss_short, example_ko, example_en, content_version) VALUES ('w-pr-102', 'en-US', 'blue', 'blue', '파란색이 좋아요.', 'I like blue.', 1) ON CONFLICT (word_id, locale) DO UPDATE SET gloss=EXCLUDED.gloss, gloss_short=EXCLUDED.gloss_short, example_ko=EXCLUDED.example_ko, example_en=EXCLUDED.example_en;
INSERT INTO word_pack_members (pack_id, word_id, sort_order, is_free_sample) VALUES ('premium-pack-001', 'w-pr-102', 101, FALSE) ON CONFLICT (pack_id, word_id) DO UPDATE SET sort_order=EXCLUDED.sort_order, is_free_sample=EXCLUDED.is_free_sample;
INSERT INTO words (word_id, korean, romanization, content_version) VALUES ('w-pr-103', '노란색', 'no-ran-saek', 1) ON CONFLICT (word_id) DO UPDATE SET korean=EXCLUDED.korean, romanization=EXCLUDED.romanization;
INSERT INTO word_translations (word_id, locale, gloss, gloss_short, example_ko, example_en, content_version) VALUES ('w-pr-103', 'en-US', 'yellow', 'yellow', '노란색 가방이에요.', 'It''s a yellow bag.', 1) ON CONFLICT (word_id, locale) DO UPDATE SET gloss=EXCLUDED.gloss, gloss_short=EXCLUDED.gloss_short, example_ko=EXCLUDED.example_ko, example_en=EXCLUDED.example_en;
INSERT INTO word_pack_members (pack_id, word_id, sort_order, is_free_sample) VALUES ('premium-pack-001', 'w-pr-103', 102, FALSE) ON CONFLICT (pack_id, word_id) DO UPDATE SET sort_order=EXCLUDED.sort_order, is_free_sample=EXCLUDED.is_free_sample;
INSERT INTO words (word_id, korean, romanization, content_version) VALUES ('w-pr-104', '초록색', 'cho-rok-saek', 1) ON CONFLICT (word_id) DO UPDATE SET korean=EXCLUDED.korean, romanization=EXCLUDED.romanization;
INSERT INTO word_translations (word_id, locale, gloss, gloss_short, example_ko, example_en, content_version) VALUES ('w-pr-104', 'en-US', 'green', 'green', '초록색 잎이에요.', 'It''s a green leaf.', 1) ON CONFLICT (word_id, locale) DO UPDATE SET gloss=EXCLUDED.gloss, gloss_short=EXCLUDED.gloss_short, example_ko=EXCLUDED.example_ko, example_en=EXCLUDED.example_en;
INSERT INTO word_pack_members (pack_id, word_id, sort_order, is_free_sample) VALUES ('premium-pack-001', 'w-pr-104', 103, FALSE) ON CONFLICT (pack_id, word_id) DO UPDATE SET sort_order=EXCLUDED.sort_order, is_free_sample=EXCLUDED.is_free_sample;
INSERT INTO words (word_id, korean, romanization, content_version) VALUES ('w-pr-105', '검은색', 'geo-meun-saek', 1) ON CONFLICT (word_id) DO UPDATE SET korean=EXCLUDED.korean, romanization=EXCLUDED.romanization;
INSERT INTO word_translations (word_id, locale, gloss, gloss_short, example_ko, example_en, content_version) VALUES ('w-pr-105', 'en-US', 'black', 'black', '검은색이 어울려요.', 'Black suits you.', 1) ON CONFLICT (word_id, locale) DO UPDATE SET gloss=EXCLUDED.gloss, gloss_short=EXCLUDED.gloss_short, example_ko=EXCLUDED.example_ko, example_en=EXCLUDED.example_en;
INSERT INTO word_pack_members (pack_id, word_id, sort_order, is_free_sample) VALUES ('premium-pack-001', 'w-pr-105', 104, FALSE) ON CONFLICT (pack_id, word_id) DO UPDATE SET sort_order=EXCLUDED.sort_order, is_free_sample=EXCLUDED.is_free_sample;
INSERT INTO words (word_id, korean, romanization, content_version) VALUES ('w-pr-106', '흰색', 'huin-saek', 1) ON CONFLICT (word_id) DO UPDATE SET korean=EXCLUDED.korean, romanization=EXCLUDED.romanization;
INSERT INTO word_translations (word_id, locale, gloss, gloss_short, example_ko, example_en, content_version) VALUES ('w-pr-106', 'en-US', 'white', 'white', '흰색 셔츠 있어요?', 'Do you have a white shirt?', 1) ON CONFLICT (word_id, locale) DO UPDATE SET gloss=EXCLUDED.gloss, gloss_short=EXCLUDED.gloss_short, example_ko=EXCLUDED.example_ko, example_en=EXCLUDED.example_en;
INSERT INTO word_pack_members (pack_id, word_id, sort_order, is_free_sample) VALUES ('premium-pack-001', 'w-pr-106', 105, FALSE) ON CONFLICT (pack_id, word_id) DO UPDATE SET sort_order=EXCLUDED.sort_order, is_free_sample=EXCLUDED.is_free_sample;
INSERT INTO words (word_id, korean, romanization, content_version) VALUES ('w-pr-107', '회색', 'hoe-saek', 1) ON CONFLICT (word_id) DO UPDATE SET korean=EXCLUDED.korean, romanization=EXCLUDED.romanization;
INSERT INTO word_translations (word_id, locale, gloss, gloss_short, example_ko, example_en, content_version) VALUES ('w-pr-107', 'en-US', 'gray', 'gray', '회색 코트 사고 싶어요.', 'I want a gray coat.', 1) ON CONFLICT (word_id, locale) DO UPDATE SET gloss=EXCLUDED.gloss, gloss_short=EXCLUDED.gloss_short, example_ko=EXCLUDED.example_ko, example_en=EXCLUDED.example_en;
INSERT INTO word_pack_members (pack_id, word_id, sort_order, is_free_sample) VALUES ('premium-pack-001', 'w-pr-107', 106, FALSE) ON CONFLICT (pack_id, word_id) DO UPDATE SET sort_order=EXCLUDED.sort_order, is_free_sample=EXCLUDED.is_free_sample;
INSERT INTO words (word_id, korean, romanization, content_version) VALUES ('w-pr-108', '둥글어요', 'dung-geu-reo-yo', 1) ON CONFLICT (word_id) DO UPDATE SET korean=EXCLUDED.korean, romanization=EXCLUDED.romanization;
INSERT INTO word_translations (word_id, locale, gloss, gloss_short, example_ko, example_en, content_version) VALUES ('w-pr-108', 'en-US', 'it''s round', 'it''s round', '공이 둥글어요.', 'The ball is round.', 1) ON CONFLICT (word_id, locale) DO UPDATE SET gloss=EXCLUDED.gloss, gloss_short=EXCLUDED.gloss_short, example_ko=EXCLUDED.example_ko, example_en=EXCLUDED.example_en;
INSERT INTO word_pack_members (pack_id, word_id, sort_order, is_free_sample) VALUES ('premium-pack-001', 'w-pr-108', 107, FALSE) ON CONFLICT (pack_id, word_id) DO UPDATE SET sort_order=EXCLUDED.sort_order, is_free_sample=EXCLUDED.is_free_sample;
INSERT INTO words (word_id, korean, romanization, content_version) VALUES ('w-pr-109', '네모', 'ne-mo', 1) ON CONFLICT (word_id) DO UPDATE SET korean=EXCLUDED.korean, romanization=EXCLUDED.romanization;
INSERT INTO word_translations (word_id, locale, gloss, gloss_short, example_ko, example_en, content_version) VALUES ('w-pr-109', 'en-US', 'square', 'square', '네모 모양이에요.', 'It''s a square shape.', 1) ON CONFLICT (word_id, locale) DO UPDATE SET gloss=EXCLUDED.gloss, gloss_short=EXCLUDED.gloss_short, example_ko=EXCLUDED.example_ko, example_en=EXCLUDED.example_en;
INSERT INTO word_pack_members (pack_id, word_id, sort_order, is_free_sample) VALUES ('premium-pack-001', 'w-pr-109', 108, FALSE) ON CONFLICT (pack_id, word_id) DO UPDATE SET sort_order=EXCLUDED.sort_order, is_free_sample=EXCLUDED.is_free_sample;
INSERT INTO words (word_id, korean, romanization, content_version) VALUES ('w-pr-110', '모양', 'mo-yang', 1) ON CONFLICT (word_id) DO UPDATE SET korean=EXCLUDED.korean, romanization=EXCLUDED.romanization;
INSERT INTO word_translations (word_id, locale, gloss, gloss_short, example_ko, example_en, content_version) VALUES ('w-pr-110', 'en-US', 'shape', 'shape', '모양이 예뻐요.', 'The shape is pretty.', 1) ON CONFLICT (word_id, locale) DO UPDATE SET gloss=EXCLUDED.gloss, gloss_short=EXCLUDED.gloss_short, example_ko=EXCLUDED.example_ko, example_en=EXCLUDED.example_en;
INSERT INTO word_pack_members (pack_id, word_id, sort_order, is_free_sample) VALUES ('premium-pack-001', 'w-pr-110', 109, FALSE) ON CONFLICT (pack_id, word_id) DO UPDATE SET sort_order=EXCLUDED.sort_order, is_free_sample=EXCLUDED.is_free_sample;
INSERT INTO words (word_id, korean, romanization, content_version) VALUES ('w-pr-111', '많이', 'ma-ni', 1) ON CONFLICT (word_id) DO UPDATE SET korean=EXCLUDED.korean, romanization=EXCLUDED.romanization;
INSERT INTO word_translations (word_id, locale, gloss, gloss_short, example_ko, example_en, content_version) VALUES ('w-pr-111', 'en-US', 'a lot', 'a lot', '많이 드세요.', 'Please eat a lot.', 1) ON CONFLICT (word_id, locale) DO UPDATE SET gloss=EXCLUDED.gloss, gloss_short=EXCLUDED.gloss_short, example_ko=EXCLUDED.example_ko, example_en=EXCLUDED.example_en;
INSERT INTO word_pack_members (pack_id, word_id, sort_order, is_free_sample) VALUES ('premium-pack-001', 'w-pr-111', 110, FALSE) ON CONFLICT (pack_id, word_id) DO UPDATE SET sort_order=EXCLUDED.sort_order, is_free_sample=EXCLUDED.is_free_sample;
INSERT INTO words (word_id, korean, romanization, content_version) VALUES ('w-pr-112', '조금', 'jo-geum', 1) ON CONFLICT (word_id) DO UPDATE SET korean=EXCLUDED.korean, romanization=EXCLUDED.romanization;
INSERT INTO word_translations (word_id, locale, gloss, gloss_short, example_ko, example_en, content_version) VALUES ('w-pr-112', 'en-US', 'a little', 'a little', '조금만 주세요.', 'Just a little, please.', 1) ON CONFLICT (word_id, locale) DO UPDATE SET gloss=EXCLUDED.gloss, gloss_short=EXCLUDED.gloss_short, example_ko=EXCLUDED.example_ko, example_en=EXCLUDED.example_en;
INSERT INTO word_pack_members (pack_id, word_id, sort_order, is_free_sample) VALUES ('premium-pack-001', 'w-pr-112', 111, FALSE) ON CONFLICT (pack_id, word_id) DO UPDATE SET sort_order=EXCLUDED.sort_order, is_free_sample=EXCLUDED.is_free_sample;
INSERT INTO words (word_id, korean, romanization, content_version) VALUES ('w-pr-113', '너무', 'neo-mu', 1) ON CONFLICT (word_id) DO UPDATE SET korean=EXCLUDED.korean, romanization=EXCLUDED.romanization;
INSERT INTO word_translations (word_id, locale, gloss, gloss_short, example_ko, example_en, content_version) VALUES ('w-pr-113', 'en-US', 'too / very', 'too / very', '너무 매워요.', 'It''s too spicy.', 1) ON CONFLICT (word_id, locale) DO UPDATE SET gloss=EXCLUDED.gloss, gloss_short=EXCLUDED.gloss_short, example_ko=EXCLUDED.example_ko, example_en=EXCLUDED.example_en;
INSERT INTO word_pack_members (pack_id, word_id, sort_order, is_free_sample) VALUES ('premium-pack-001', 'w-pr-113', 112, FALSE) ON CONFLICT (pack_id, word_id) DO UPDATE SET sort_order=EXCLUDED.sort_order, is_free_sample=EXCLUDED.is_free_sample;
INSERT INTO words (word_id, korean, romanization, content_version) VALUES ('w-pr-114', '약간', 'yak-gan', 1) ON CONFLICT (word_id) DO UPDATE SET korean=EXCLUDED.korean, romanization=EXCLUDED.romanization;
INSERT INTO word_translations (word_id, locale, gloss, gloss_short, example_ko, example_en, content_version) VALUES ('w-pr-114', 'en-US', 'slightly', 'slightly', '약간 짜요.', 'It''s slightly salty.', 1) ON CONFLICT (word_id, locale) DO UPDATE SET gloss=EXCLUDED.gloss, gloss_short=EXCLUDED.gloss_short, example_ko=EXCLUDED.example_ko, example_en=EXCLUDED.example_en;
INSERT INTO word_pack_members (pack_id, word_id, sort_order, is_free_sample) VALUES ('premium-pack-001', 'w-pr-114', 113, FALSE) ON CONFLICT (pack_id, word_id) DO UPDATE SET sort_order=EXCLUDED.sort_order, is_free_sample=EXCLUDED.is_free_sample;
INSERT INTO words (word_id, korean, romanization, content_version) VALUES ('w-pr-115', '거의', 'geo-ui', 1) ON CONFLICT (word_id) DO UPDATE SET korean=EXCLUDED.korean, romanization=EXCLUDED.romanization;
INSERT INTO word_translations (word_id, locale, gloss, gloss_short, example_ko, example_en, content_version) VALUES ('w-pr-115', 'en-US', 'almost', 'almost', '거의 다 왔어요.', 'We''re almost there.', 1) ON CONFLICT (word_id, locale) DO UPDATE SET gloss=EXCLUDED.gloss, gloss_short=EXCLUDED.gloss_short, example_ko=EXCLUDED.example_ko, example_en=EXCLUDED.example_en;
INSERT INTO word_pack_members (pack_id, word_id, sort_order, is_free_sample) VALUES ('premium-pack-001', 'w-pr-115', 114, FALSE) ON CONFLICT (pack_id, word_id) DO UPDATE SET sort_order=EXCLUDED.sort_order, is_free_sample=EXCLUDED.is_free_sample;
INSERT INTO words (word_id, korean, romanization, content_version) VALUES ('w-pr-116', '전부', 'jeon-bu', 1) ON CONFLICT (word_id) DO UPDATE SET korean=EXCLUDED.korean, romanization=EXCLUDED.romanization;
INSERT INTO word_translations (word_id, locale, gloss, gloss_short, example_ko, example_en, content_version) VALUES ('w-pr-116', 'en-US', 'all / everything', 'all / everything', '전부 주세요.', 'I''ll take everything.', 1) ON CONFLICT (word_id, locale) DO UPDATE SET gloss=EXCLUDED.gloss, gloss_short=EXCLUDED.gloss_short, example_ko=EXCLUDED.example_ko, example_en=EXCLUDED.example_en;
INSERT INTO word_pack_members (pack_id, word_id, sort_order, is_free_sample) VALUES ('premium-pack-001', 'w-pr-116', 115, FALSE) ON CONFLICT (pack_id, word_id) DO UPDATE SET sort_order=EXCLUDED.sort_order, is_free_sample=EXCLUDED.is_free_sample;
INSERT INTO words (word_id, korean, romanization, content_version) VALUES ('w-pr-117', '반', 'ban', 1) ON CONFLICT (word_id) DO UPDATE SET korean=EXCLUDED.korean, romanization=EXCLUDED.romanization;
INSERT INTO word_translations (word_id, locale, gloss, gloss_short, example_ko, example_en, content_version) VALUES ('w-pr-117', 'en-US', 'half', 'half', '반만 주세요.', 'Half, please.', 1) ON CONFLICT (word_id, locale) DO UPDATE SET gloss=EXCLUDED.gloss, gloss_short=EXCLUDED.gloss_short, example_ko=EXCLUDED.example_ko, example_en=EXCLUDED.example_en;
INSERT INTO word_pack_members (pack_id, word_id, sort_order, is_free_sample) VALUES ('premium-pack-001', 'w-pr-117', 116, FALSE) ON CONFLICT (pack_id, word_id) DO UPDATE SET sort_order=EXCLUDED.sort_order, is_free_sample=EXCLUDED.is_free_sample;
INSERT INTO words (word_id, korean, romanization, content_version) VALUES ('w-pr-118', '충분해요', 'chung-bun-hae-yo', 1) ON CONFLICT (word_id) DO UPDATE SET korean=EXCLUDED.korean, romanization=EXCLUDED.romanization;
INSERT INTO word_translations (word_id, locale, gloss, gloss_short, example_ko, example_en, content_version) VALUES ('w-pr-118', 'en-US', 'it''s enough', 'it''s enough', '이제 충분해요.', 'That''s enough now.', 1) ON CONFLICT (word_id, locale) DO UPDATE SET gloss=EXCLUDED.gloss, gloss_short=EXCLUDED.gloss_short, example_ko=EXCLUDED.example_ko, example_en=EXCLUDED.example_en;
INSERT INTO word_pack_members (pack_id, word_id, sort_order, is_free_sample) VALUES ('premium-pack-001', 'w-pr-118', 117, FALSE) ON CONFLICT (pack_id, word_id) DO UPDATE SET sort_order=EXCLUDED.sort_order, is_free_sample=EXCLUDED.is_free_sample;
INSERT INTO words (word_id, korean, romanization, content_version) VALUES ('w-pr-119', '부족해요', 'bu-jo-kae-yo', 1) ON CONFLICT (word_id) DO UPDATE SET korean=EXCLUDED.korean, romanization=EXCLUDED.romanization;
INSERT INTO word_translations (word_id, locale, gloss, gloss_short, example_ko, example_en, content_version) VALUES ('w-pr-119', 'en-US', 'it''s not enough', 'it''s not enough', '시간이 부족해요.', 'Not enough time.', 1) ON CONFLICT (word_id, locale) DO UPDATE SET gloss=EXCLUDED.gloss, gloss_short=EXCLUDED.gloss_short, example_ko=EXCLUDED.example_ko, example_en=EXCLUDED.example_en;
INSERT INTO word_pack_members (pack_id, word_id, sort_order, is_free_sample) VALUES ('premium-pack-001', 'w-pr-119', 118, FALSE) ON CONFLICT (pack_id, word_id) DO UPDATE SET sort_order=EXCLUDED.sort_order, is_free_sample=EXCLUDED.is_free_sample;
INSERT INTO words (word_id, korean, romanization, content_version) VALUES ('w-pr-120', '정확해요', 'jeong-hwa-kae-yo', 1) ON CONFLICT (word_id) DO UPDATE SET korean=EXCLUDED.korean, romanization=EXCLUDED.romanization;
INSERT INTO word_translations (word_id, locale, gloss, gloss_short, example_ko, example_en, content_version) VALUES ('w-pr-120', 'en-US', 'it''s accurate', 'it''s accurate', '시간이 정확해요.', 'The time is accurate.', 1) ON CONFLICT (word_id, locale) DO UPDATE SET gloss=EXCLUDED.gloss, gloss_short=EXCLUDED.gloss_short, example_ko=EXCLUDED.example_ko, example_en=EXCLUDED.example_en;
INSERT INTO word_pack_members (pack_id, word_id, sort_order, is_free_sample) VALUES ('premium-pack-001', 'w-pr-120', 119, FALSE) ON CONFLICT (pack_id, word_id) DO UPDATE SET sort_order=EXCLUDED.sort_order, is_free_sample=EXCLUDED.is_free_sample;
INSERT INTO words (word_id, korean, romanization, content_version) VALUES ('w-pr-121', '위', 'wi', 1) ON CONFLICT (word_id) DO UPDATE SET korean=EXCLUDED.korean, romanization=EXCLUDED.romanization;
INSERT INTO word_translations (word_id, locale, gloss, gloss_short, example_ko, example_en, content_version) VALUES ('w-pr-121', 'en-US', 'above / up', 'above / up', '책상 위에 있어요.', 'It''s on the desk.', 1) ON CONFLICT (word_id, locale) DO UPDATE SET gloss=EXCLUDED.gloss, gloss_short=EXCLUDED.gloss_short, example_ko=EXCLUDED.example_ko, example_en=EXCLUDED.example_en;
INSERT INTO word_pack_members (pack_id, word_id, sort_order, is_free_sample) VALUES ('premium-pack-001', 'w-pr-121', 120, FALSE) ON CONFLICT (pack_id, word_id) DO UPDATE SET sort_order=EXCLUDED.sort_order, is_free_sample=EXCLUDED.is_free_sample;
INSERT INTO words (word_id, korean, romanization, content_version) VALUES ('w-pr-122', '아래', 'a-rae', 1) ON CONFLICT (word_id) DO UPDATE SET korean=EXCLUDED.korean, romanization=EXCLUDED.romanization;
INSERT INTO word_translations (word_id, locale, gloss, gloss_short, example_ko, example_en, content_version) VALUES ('w-pr-122', 'en-US', 'below / down', 'below / down', '의자 아래 봐요.', 'Look under the chair.', 1) ON CONFLICT (word_id, locale) DO UPDATE SET gloss=EXCLUDED.gloss, gloss_short=EXCLUDED.gloss_short, example_ko=EXCLUDED.example_ko, example_en=EXCLUDED.example_en;
INSERT INTO word_pack_members (pack_id, word_id, sort_order, is_free_sample) VALUES ('premium-pack-001', 'w-pr-122', 121, FALSE) ON CONFLICT (pack_id, word_id) DO UPDATE SET sort_order=EXCLUDED.sort_order, is_free_sample=EXCLUDED.is_free_sample;
INSERT INTO words (word_id, korean, romanization, content_version) VALUES ('w-pr-123', '앞', 'ap', 1) ON CONFLICT (word_id) DO UPDATE SET korean=EXCLUDED.korean, romanization=EXCLUDED.romanization;
INSERT INTO word_translations (word_id, locale, gloss, gloss_short, example_ko, example_en, content_version) VALUES ('w-pr-123', 'en-US', 'front', 'front', '집 앞에서 만나요.', 'Let''s meet in front of the house.', 1) ON CONFLICT (word_id, locale) DO UPDATE SET gloss=EXCLUDED.gloss, gloss_short=EXCLUDED.gloss_short, example_ko=EXCLUDED.example_ko, example_en=EXCLUDED.example_en;
INSERT INTO word_pack_members (pack_id, word_id, sort_order, is_free_sample) VALUES ('premium-pack-001', 'w-pr-123', 122, FALSE) ON CONFLICT (pack_id, word_id) DO UPDATE SET sort_order=EXCLUDED.sort_order, is_free_sample=EXCLUDED.is_free_sample;
INSERT INTO words (word_id, korean, romanization, content_version) VALUES ('w-pr-124', '뒤', 'dwi', 1) ON CONFLICT (word_id) DO UPDATE SET korean=EXCLUDED.korean, romanization=EXCLUDED.romanization;
INSERT INTO word_translations (word_id, locale, gloss, gloss_short, example_ko, example_en, content_version) VALUES ('w-pr-124', 'en-US', 'behind / back', 'behind / back', '뒤에 서 있어요.', 'I''m standing behind.', 1) ON CONFLICT (word_id, locale) DO UPDATE SET gloss=EXCLUDED.gloss, gloss_short=EXCLUDED.gloss_short, example_ko=EXCLUDED.example_ko, example_en=EXCLUDED.example_en;
INSERT INTO word_pack_members (pack_id, word_id, sort_order, is_free_sample) VALUES ('premium-pack-001', 'w-pr-124', 123, FALSE) ON CONFLICT (pack_id, word_id) DO UPDATE SET sort_order=EXCLUDED.sort_order, is_free_sample=EXCLUDED.is_free_sample;
INSERT INTO words (word_id, korean, romanization, content_version) VALUES ('w-pr-125', '옆', 'yeop', 1) ON CONFLICT (word_id) DO UPDATE SET korean=EXCLUDED.korean, romanization=EXCLUDED.romanization;
INSERT INTO word_translations (word_id, locale, gloss, gloss_short, example_ko, example_en, content_version) VALUES ('w-pr-125', 'en-US', 'next to / beside', 'next to / beside', '제 옆에 앉으세요.', 'Sit next to me.', 1) ON CONFLICT (word_id, locale) DO UPDATE SET gloss=EXCLUDED.gloss, gloss_short=EXCLUDED.gloss_short, example_ko=EXCLUDED.example_ko, example_en=EXCLUDED.example_en;
INSERT INTO word_pack_members (pack_id, word_id, sort_order, is_free_sample) VALUES ('premium-pack-001', 'w-pr-125', 124, FALSE) ON CONFLICT (pack_id, word_id) DO UPDATE SET sort_order=EXCLUDED.sort_order, is_free_sample=EXCLUDED.is_free_sample;
INSERT INTO words (word_id, korean, romanization, content_version) VALUES ('w-pr-126', '안', 'an', 1) ON CONFLICT (word_id) DO UPDATE SET korean=EXCLUDED.korean, romanization=EXCLUDED.romanization;
INSERT INTO word_translations (word_id, locale, gloss, gloss_short, example_ko, example_en, content_version) VALUES ('w-pr-126', 'en-US', 'inside', 'inside', '가방 안에 있어요.', 'It''s inside the bag.', 1) ON CONFLICT (word_id, locale) DO UPDATE SET gloss=EXCLUDED.gloss, gloss_short=EXCLUDED.gloss_short, example_ko=EXCLUDED.example_ko, example_en=EXCLUDED.example_en;
INSERT INTO word_pack_members (pack_id, word_id, sort_order, is_free_sample) VALUES ('premium-pack-001', 'w-pr-126', 125, FALSE) ON CONFLICT (pack_id, word_id) DO UPDATE SET sort_order=EXCLUDED.sort_order, is_free_sample=EXCLUDED.is_free_sample;
INSERT INTO words (word_id, korean, romanization, content_version) VALUES ('w-pr-127', '밖', 'bak', 1) ON CONFLICT (word_id) DO UPDATE SET korean=EXCLUDED.korean, romanization=EXCLUDED.romanization;
INSERT INTO word_translations (word_id, locale, gloss, gloss_short, example_ko, example_en, content_version) VALUES ('w-pr-127', 'en-US', 'outside', 'outside', '밖에 비 와요.', 'It''s raining outside.', 1) ON CONFLICT (word_id, locale) DO UPDATE SET gloss=EXCLUDED.gloss, gloss_short=EXCLUDED.gloss_short, example_ko=EXCLUDED.example_ko, example_en=EXCLUDED.example_en;
INSERT INTO word_pack_members (pack_id, word_id, sort_order, is_free_sample) VALUES ('premium-pack-001', 'w-pr-127', 126, FALSE) ON CONFLICT (pack_id, word_id) DO UPDATE SET sort_order=EXCLUDED.sort_order, is_free_sample=EXCLUDED.is_free_sample;
INSERT INTO words (word_id, korean, romanization, content_version) VALUES ('w-pr-128', '오른쪽', 'o-reun-jjok', 1) ON CONFLICT (word_id) DO UPDATE SET korean=EXCLUDED.korean, romanization=EXCLUDED.romanization;
INSERT INTO word_translations (word_id, locale, gloss, gloss_short, example_ko, example_en, content_version) VALUES ('w-pr-128', 'en-US', 'right (side)', 'right', '오른쪽으로 가세요.', 'Go to the right.', 1) ON CONFLICT (word_id, locale) DO UPDATE SET gloss=EXCLUDED.gloss, gloss_short=EXCLUDED.gloss_short, example_ko=EXCLUDED.example_ko, example_en=EXCLUDED.example_en;
INSERT INTO word_pack_members (pack_id, word_id, sort_order, is_free_sample) VALUES ('premium-pack-001', 'w-pr-128', 127, FALSE) ON CONFLICT (pack_id, word_id) DO UPDATE SET sort_order=EXCLUDED.sort_order, is_free_sample=EXCLUDED.is_free_sample;
INSERT INTO words (word_id, korean, romanization, content_version) VALUES ('w-pr-129', '왼쪽', 'oen-jjok', 1) ON CONFLICT (word_id) DO UPDATE SET korean=EXCLUDED.korean, romanization=EXCLUDED.romanization;
INSERT INTO word_translations (word_id, locale, gloss, gloss_short, example_ko, example_en, content_version) VALUES ('w-pr-129', 'en-US', 'left (side)', 'left', '왼쪽 문이에요.', 'It''s the left door.', 1) ON CONFLICT (word_id, locale) DO UPDATE SET gloss=EXCLUDED.gloss, gloss_short=EXCLUDED.gloss_short, example_ko=EXCLUDED.example_ko, example_en=EXCLUDED.example_en;
INSERT INTO word_pack_members (pack_id, word_id, sort_order, is_free_sample) VALUES ('premium-pack-001', 'w-pr-129', 128, FALSE) ON CONFLICT (pack_id, word_id) DO UPDATE SET sort_order=EXCLUDED.sort_order, is_free_sample=EXCLUDED.is_free_sample;
INSERT INTO words (word_id, korean, romanization, content_version) VALUES ('w-pr-130', '사이', 'sa-i', 1) ON CONFLICT (word_id) DO UPDATE SET korean=EXCLUDED.korean, romanization=EXCLUDED.romanization;
INSERT INTO word_translations (word_id, locale, gloss, gloss_short, example_ko, example_en, content_version) VALUES ('w-pr-130', 'en-US', 'between', 'between', '둘 사이에 있어요.', 'It''s between the two.', 1) ON CONFLICT (word_id, locale) DO UPDATE SET gloss=EXCLUDED.gloss, gloss_short=EXCLUDED.gloss_short, example_ko=EXCLUDED.example_ko, example_en=EXCLUDED.example_en;
INSERT INTO word_pack_members (pack_id, word_id, sort_order, is_free_sample) VALUES ('premium-pack-001', 'w-pr-130', 129, FALSE) ON CONFLICT (pack_id, word_id) DO UPDATE SET sort_order=EXCLUDED.sort_order, is_free_sample=EXCLUDED.is_free_sample;
INSERT INTO words (word_id, korean, romanization, content_version) VALUES ('w-pr-131', '항상', 'hang-sang', 1) ON CONFLICT (word_id) DO UPDATE SET korean=EXCLUDED.korean, romanization=EXCLUDED.romanization;
INSERT INTO word_translations (word_id, locale, gloss, gloss_short, example_ko, example_en, content_version) VALUES ('w-pr-131', 'en-US', 'always', 'always', '항상 응원해요.', 'I always support you.', 1) ON CONFLICT (word_id, locale) DO UPDATE SET gloss=EXCLUDED.gloss, gloss_short=EXCLUDED.gloss_short, example_ko=EXCLUDED.example_ko, example_en=EXCLUDED.example_en;
INSERT INTO word_pack_members (pack_id, word_id, sort_order, is_free_sample) VALUES ('premium-pack-001', 'w-pr-131', 130, FALSE) ON CONFLICT (pack_id, word_id) DO UPDATE SET sort_order=EXCLUDED.sort_order, is_free_sample=EXCLUDED.is_free_sample;
INSERT INTO words (word_id, korean, romanization, content_version) VALUES ('w-pr-132', '자주', 'ja-ju', 1) ON CONFLICT (word_id) DO UPDATE SET korean=EXCLUDED.korean, romanization=EXCLUDED.romanization;
INSERT INTO word_translations (word_id, locale, gloss, gloss_short, example_ko, example_en, content_version) VALUES ('w-pr-132', 'en-US', 'often', 'often', '자주 만나요.', 'We meet often.', 1) ON CONFLICT (word_id, locale) DO UPDATE SET gloss=EXCLUDED.gloss, gloss_short=EXCLUDED.gloss_short, example_ko=EXCLUDED.example_ko, example_en=EXCLUDED.example_en;
INSERT INTO word_pack_members (pack_id, word_id, sort_order, is_free_sample) VALUES ('premium-pack-001', 'w-pr-132', 131, FALSE) ON CONFLICT (pack_id, word_id) DO UPDATE SET sort_order=EXCLUDED.sort_order, is_free_sample=EXCLUDED.is_free_sample;
INSERT INTO words (word_id, korean, romanization, content_version) VALUES ('w-pr-133', '가끔', 'ga-kkeum', 1) ON CONFLICT (word_id) DO UPDATE SET korean=EXCLUDED.korean, romanization=EXCLUDED.romanization;
INSERT INTO word_translations (word_id, locale, gloss, gloss_short, example_ko, example_en, content_version) VALUES ('w-pr-133', 'en-US', 'sometimes', 'sometimes', '가끔 와요.', 'I come sometimes.', 1) ON CONFLICT (word_id, locale) DO UPDATE SET gloss=EXCLUDED.gloss, gloss_short=EXCLUDED.gloss_short, example_ko=EXCLUDED.example_ko, example_en=EXCLUDED.example_en;
INSERT INTO word_pack_members (pack_id, word_id, sort_order, is_free_sample) VALUES ('premium-pack-001', 'w-pr-133', 132, FALSE) ON CONFLICT (pack_id, word_id) DO UPDATE SET sort_order=EXCLUDED.sort_order, is_free_sample=EXCLUDED.is_free_sample;
INSERT INTO words (word_id, korean, romanization, content_version) VALUES ('w-pr-134', '절대', 'jeol-dae', 1) ON CONFLICT (word_id) DO UPDATE SET korean=EXCLUDED.korean, romanization=EXCLUDED.romanization;
INSERT INTO word_translations (word_id, locale, gloss, gloss_short, example_ko, example_en, content_version) VALUES ('w-pr-134', 'en-US', 'never / absolutely', 'never / absolutely', '절대 잊지 않아요.', 'I''ll never forget.', 1) ON CONFLICT (word_id, locale) DO UPDATE SET gloss=EXCLUDED.gloss, gloss_short=EXCLUDED.gloss_short, example_ko=EXCLUDED.example_ko, example_en=EXCLUDED.example_en;
INSERT INTO word_pack_members (pack_id, word_id, sort_order, is_free_sample) VALUES ('premium-pack-001', 'w-pr-134', 133, FALSE) ON CONFLICT (pack_id, word_id) DO UPDATE SET sort_order=EXCLUDED.sort_order, is_free_sample=EXCLUDED.is_free_sample;
INSERT INTO words (word_id, korean, romanization, content_version) VALUES ('w-pr-135', '보통', 'bo-tong', 1) ON CONFLICT (word_id) DO UPDATE SET korean=EXCLUDED.korean, romanization=EXCLUDED.romanization;
INSERT INTO word_translations (word_id, locale, gloss, gloss_short, example_ko, example_en, content_version) VALUES ('w-pr-135', 'en-US', 'usually', 'usually', '보통 아침에 운동해요.', 'I usually work out in the morning.', 1) ON CONFLICT (word_id, locale) DO UPDATE SET gloss=EXCLUDED.gloss, gloss_short=EXCLUDED.gloss_short, example_ko=EXCLUDED.example_ko, example_en=EXCLUDED.example_en;
INSERT INTO word_pack_members (pack_id, word_id, sort_order, is_free_sample) VALUES ('premium-pack-001', 'w-pr-135', 134, FALSE) ON CONFLICT (pack_id, word_id) DO UPDATE SET sort_order=EXCLUDED.sort_order, is_free_sample=EXCLUDED.is_free_sample;
INSERT INTO words (word_id, korean, romanization, content_version) VALUES ('w-pr-136', '이미', 'i-mi', 1) ON CONFLICT (word_id) DO UPDATE SET korean=EXCLUDED.korean, romanization=EXCLUDED.romanization;
INSERT INTO word_translations (word_id, locale, gloss, gloss_short, example_ko, example_en, content_version) VALUES ('w-pr-136', 'en-US', 'already', 'already', '이미 끝났어요.', 'It''s already over.', 1) ON CONFLICT (word_id, locale) DO UPDATE SET gloss=EXCLUDED.gloss, gloss_short=EXCLUDED.gloss_short, example_ko=EXCLUDED.example_ko, example_en=EXCLUDED.example_en;
INSERT INTO word_pack_members (pack_id, word_id, sort_order, is_free_sample) VALUES ('premium-pack-001', 'w-pr-136', 135, FALSE) ON CONFLICT (pack_id, word_id) DO UPDATE SET sort_order=EXCLUDED.sort_order, is_free_sample=EXCLUDED.is_free_sample;
INSERT INTO words (word_id, korean, romanization, content_version) VALUES ('w-pr-137', '아직', 'a-jik', 1) ON CONFLICT (word_id) DO UPDATE SET korean=EXCLUDED.korean, romanization=EXCLUDED.romanization;
INSERT INTO word_translations (word_id, locale, gloss, gloss_short, example_ko, example_en, content_version) VALUES ('w-pr-137', 'en-US', 'still / yet', 'still / yet', '아직 안 왔어요.', 'They haven''t come yet.', 1) ON CONFLICT (word_id, locale) DO UPDATE SET gloss=EXCLUDED.gloss, gloss_short=EXCLUDED.gloss_short, example_ko=EXCLUDED.example_ko, example_en=EXCLUDED.example_en;
INSERT INTO word_pack_members (pack_id, word_id, sort_order, is_free_sample) VALUES ('premium-pack-001', 'w-pr-137', 136, FALSE) ON CONFLICT (pack_id, word_id) DO UPDATE SET sort_order=EXCLUDED.sort_order, is_free_sample=EXCLUDED.is_free_sample;
INSERT INTO words (word_id, korean, romanization, content_version) VALUES ('w-pr-138', '곧', 'got', 1) ON CONFLICT (word_id) DO UPDATE SET korean=EXCLUDED.korean, romanization=EXCLUDED.romanization;
INSERT INTO word_translations (word_id, locale, gloss, gloss_short, example_ko, example_en, content_version) VALUES ('w-pr-138', 'en-US', 'soon', 'soon', '곧 도착해요.', 'I''ll arrive soon.', 1) ON CONFLICT (word_id, locale) DO UPDATE SET gloss=EXCLUDED.gloss, gloss_short=EXCLUDED.gloss_short, example_ko=EXCLUDED.example_ko, example_en=EXCLUDED.example_en;
INSERT INTO word_pack_members (pack_id, word_id, sort_order, is_free_sample) VALUES ('premium-pack-001', 'w-pr-138', 137, FALSE) ON CONFLICT (pack_id, word_id) DO UPDATE SET sort_order=EXCLUDED.sort_order, is_free_sample=EXCLUDED.is_free_sample;
INSERT INTO words (word_id, korean, romanization, content_version) VALUES ('w-pr-139', '그리고', 'geu-ri-go', 1) ON CONFLICT (word_id) DO UPDATE SET korean=EXCLUDED.korean, romanization=EXCLUDED.romanization;
INSERT INTO word_translations (word_id, locale, gloss, gloss_short, example_ko, example_en, content_version) VALUES ('w-pr-139', 'en-US', 'and', 'and', '커피 그리고 빵 주세요.', 'Coffee and bread, please.', 1) ON CONFLICT (word_id, locale) DO UPDATE SET gloss=EXCLUDED.gloss, gloss_short=EXCLUDED.gloss_short, example_ko=EXCLUDED.example_ko, example_en=EXCLUDED.example_en;
INSERT INTO word_pack_members (pack_id, word_id, sort_order, is_free_sample) VALUES ('premium-pack-001', 'w-pr-139', 138, FALSE) ON CONFLICT (pack_id, word_id) DO UPDATE SET sort_order=EXCLUDED.sort_order, is_free_sample=EXCLUDED.is_free_sample;
INSERT INTO words (word_id, korean, romanization, content_version) VALUES ('w-pr-140', '그래서', 'geu-rae-seo', 1) ON CONFLICT (word_id) DO UPDATE SET korean=EXCLUDED.korean, romanization=EXCLUDED.romanization;
INSERT INTO word_translations (word_id, locale, gloss, gloss_short, example_ko, example_en, content_version) VALUES ('w-pr-140', 'en-US', 'so / therefore', 'so / therefore', '비 와요. 그래서 우산 가져왔어요.', 'It''s raining. So I brought an umbrella.', 1) ON CONFLICT (word_id, locale) DO UPDATE SET gloss=EXCLUDED.gloss, gloss_short=EXCLUDED.gloss_short, example_ko=EXCLUDED.example_ko, example_en=EXCLUDED.example_en;
INSERT INTO word_pack_members (pack_id, word_id, sort_order, is_free_sample) VALUES ('premium-pack-001', 'w-pr-140', 139, FALSE) ON CONFLICT (pack_id, word_id) DO UPDATE SET sort_order=EXCLUDED.sort_order, is_free_sample=EXCLUDED.is_free_sample;
INSERT INTO words (word_id, korean, romanization, content_version) VALUES ('w-pr-141', '그런데', 'geu-reon-de', 1) ON CONFLICT (word_id) DO UPDATE SET korean=EXCLUDED.korean, romanization=EXCLUDED.romanization;
INSERT INTO word_translations (word_id, locale, gloss, gloss_short, example_ko, example_en, content_version) VALUES ('w-pr-141', 'en-US', 'but / by the way', 'but / by the way', '맛있어요. 그런데 매워요.', 'It''s tasty. But it''s spicy.', 1) ON CONFLICT (word_id, locale) DO UPDATE SET gloss=EXCLUDED.gloss, gloss_short=EXCLUDED.gloss_short, example_ko=EXCLUDED.example_ko, example_en=EXCLUDED.example_en;
INSERT INTO word_pack_members (pack_id, word_id, sort_order, is_free_sample) VALUES ('premium-pack-001', 'w-pr-141', 140, FALSE) ON CONFLICT (pack_id, word_id) DO UPDATE SET sort_order=EXCLUDED.sort_order, is_free_sample=EXCLUDED.is_free_sample;
INSERT INTO words (word_id, korean, romanization, content_version) VALUES ('w-pr-142', '하지만', 'ha-ji-man', 1) ON CONFLICT (word_id) DO UPDATE SET korean=EXCLUDED.korean, romanization=EXCLUDED.romanization;
INSERT INTO word_translations (word_id, locale, gloss, gloss_short, example_ko, example_en, content_version) VALUES ('w-pr-142', 'en-US', 'however', 'however', '비싸요. 하지만 좋아요.', 'It''s expensive. However, it''s good.', 1) ON CONFLICT (word_id, locale) DO UPDATE SET gloss=EXCLUDED.gloss, gloss_short=EXCLUDED.gloss_short, example_ko=EXCLUDED.example_ko, example_en=EXCLUDED.example_en;
INSERT INTO word_pack_members (pack_id, word_id, sort_order, is_free_sample) VALUES ('premium-pack-001', 'w-pr-142', 141, FALSE) ON CONFLICT (pack_id, word_id) DO UPDATE SET sort_order=EXCLUDED.sort_order, is_free_sample=EXCLUDED.is_free_sample;
INSERT INTO words (word_id, korean, romanization, content_version) VALUES ('w-pr-143', '왜냐하면', 'wae-nya-ha-myeon', 1) ON CONFLICT (word_id) DO UPDATE SET korean=EXCLUDED.korean, romanization=EXCLUDED.romanization;
INSERT INTO word_translations (word_id, locale, gloss, gloss_short, example_ko, example_en, content_version) VALUES ('w-pr-143', 'en-US', 'because', 'because', '안 가요. 왜냐하면 피곤해요.', 'I''m not going because I''m tired.', 1) ON CONFLICT (word_id, locale) DO UPDATE SET gloss=EXCLUDED.gloss, gloss_short=EXCLUDED.gloss_short, example_ko=EXCLUDED.example_ko, example_en=EXCLUDED.example_en;
INSERT INTO word_pack_members (pack_id, word_id, sort_order, is_free_sample) VALUES ('premium-pack-001', 'w-pr-143', 142, FALSE) ON CONFLICT (pack_id, word_id) DO UPDATE SET sort_order=EXCLUDED.sort_order, is_free_sample=EXCLUDED.is_free_sample;
INSERT INTO words (word_id, korean, romanization, content_version) VALUES ('w-pr-144', '또', 'tto', 1) ON CONFLICT (word_id) DO UPDATE SET korean=EXCLUDED.korean, romanization=EXCLUDED.romanization;
INSERT INTO word_translations (word_id, locale, gloss, gloss_short, example_ko, example_en, content_version) VALUES ('w-pr-144', 'en-US', 'also / again', 'also / again', '또 만나요.', 'See you again.', 1) ON CONFLICT (word_id, locale) DO UPDATE SET gloss=EXCLUDED.gloss, gloss_short=EXCLUDED.gloss_short, example_ko=EXCLUDED.example_ko, example_en=EXCLUDED.example_en;
INSERT INTO word_pack_members (pack_id, word_id, sort_order, is_free_sample) VALUES ('premium-pack-001', 'w-pr-144', 143, FALSE) ON CONFLICT (pack_id, word_id) DO UPDATE SET sort_order=EXCLUDED.sort_order, is_free_sample=EXCLUDED.is_free_sample;
INSERT INTO words (word_id, korean, romanization, content_version) VALUES ('w-pr-145', '혹시', 'hok-si', 1) ON CONFLICT (word_id) DO UPDATE SET korean=EXCLUDED.korean, romanization=EXCLUDED.romanization;
INSERT INTO word_translations (word_id, locale, gloss, gloss_short, example_ko, example_en, content_version) VALUES ('w-pr-145', 'en-US', 'by any chance', 'by any chance', '혹시 시간 있어요?', 'Do you have time, by chance?', 1) ON CONFLICT (word_id, locale) DO UPDATE SET gloss=EXCLUDED.gloss, gloss_short=EXCLUDED.gloss_short, example_ko=EXCLUDED.example_ko, example_en=EXCLUDED.example_en;
INSERT INTO word_pack_members (pack_id, word_id, sort_order, is_free_sample) VALUES ('premium-pack-001', 'w-pr-145', 144, FALSE) ON CONFLICT (pack_id, word_id) DO UPDATE SET sort_order=EXCLUDED.sort_order, is_free_sample=EXCLUDED.is_free_sample;
INSERT INTO words (word_id, korean, romanization, content_version) VALUES ('w-pr-146', '만약', 'ma-nyak', 1) ON CONFLICT (word_id) DO UPDATE SET korean=EXCLUDED.korean, romanization=EXCLUDED.romanization;
INSERT INTO word_translations (word_id, locale, gloss, gloss_short, example_ko, example_en, content_version) VALUES ('w-pr-146', 'en-US', 'if', 'if', '만약 비 오면 안 가요.', 'If it rains, I won''t go.', 1) ON CONFLICT (word_id, locale) DO UPDATE SET gloss=EXCLUDED.gloss, gloss_short=EXCLUDED.gloss_short, example_ko=EXCLUDED.example_ko, example_en=EXCLUDED.example_en;
INSERT INTO word_pack_members (pack_id, word_id, sort_order, is_free_sample) VALUES ('premium-pack-001', 'w-pr-146', 145, FALSE) ON CONFLICT (pack_id, word_id) DO UPDATE SET sort_order=EXCLUDED.sort_order, is_free_sample=EXCLUDED.is_free_sample;
INSERT INTO words (word_id, korean, romanization, content_version) VALUES ('w-pr-147', '그러면', 'geu-reo-myeon', 1) ON CONFLICT (word_id) DO UPDATE SET korean=EXCLUDED.korean, romanization=EXCLUDED.romanization;
INSERT INTO word_translations (word_id, locale, gloss, gloss_short, example_ko, example_en, content_version) VALUES ('w-pr-147', 'en-US', 'then / in that case', 'then / in that case', '그러면 우리 만나요.', 'Then let''s meet.', 1) ON CONFLICT (word_id, locale) DO UPDATE SET gloss=EXCLUDED.gloss, gloss_short=EXCLUDED.gloss_short, example_ko=EXCLUDED.example_ko, example_en=EXCLUDED.example_en;
INSERT INTO word_pack_members (pack_id, word_id, sort_order, is_free_sample) VALUES ('premium-pack-001', 'w-pr-147', 146, FALSE) ON CONFLICT (pack_id, word_id) DO UPDATE SET sort_order=EXCLUDED.sort_order, is_free_sample=EXCLUDED.is_free_sample;
INSERT INTO words (word_id, korean, romanization, content_version) VALUES ('w-pr-148', '또한', 'tto-han', 1) ON CONFLICT (word_id) DO UPDATE SET korean=EXCLUDED.korean, romanization=EXCLUDED.romanization;
INSERT INTO word_translations (word_id, locale, gloss, gloss_short, example_ko, example_en, content_version) VALUES ('w-pr-148', 'en-US', 'also / moreover', 'also / moreover', '맛있고 또한 싸요.', 'It''s tasty and also cheap.', 1) ON CONFLICT (word_id, locale) DO UPDATE SET gloss=EXCLUDED.gloss, gloss_short=EXCLUDED.gloss_short, example_ko=EXCLUDED.example_ko, example_en=EXCLUDED.example_en;
INSERT INTO word_pack_members (pack_id, word_id, sort_order, is_free_sample) VALUES ('premium-pack-001', 'w-pr-148', 147, FALSE) ON CONFLICT (pack_id, word_id) DO UPDATE SET sort_order=EXCLUDED.sort_order, is_free_sample=EXCLUDED.is_free_sample;
INSERT INTO words (word_id, korean, romanization, content_version) VALUES ('w-pr-149', '옷', 'ot', 1) ON CONFLICT (word_id) DO UPDATE SET korean=EXCLUDED.korean, romanization=EXCLUDED.romanization;
INSERT INTO word_translations (word_id, locale, gloss, gloss_short, example_ko, example_en, content_version) VALUES ('w-pr-149', 'en-US', 'clothes', 'clothes', '옷 사러 가요.', 'Let''s go clothes shopping.', 1) ON CONFLICT (word_id, locale) DO UPDATE SET gloss=EXCLUDED.gloss, gloss_short=EXCLUDED.gloss_short, example_ko=EXCLUDED.example_ko, example_en=EXCLUDED.example_en;
INSERT INTO word_pack_members (pack_id, word_id, sort_order, is_free_sample) VALUES ('premium-pack-001', 'w-pr-149', 148, FALSE) ON CONFLICT (pack_id, word_id) DO UPDATE SET sort_order=EXCLUDED.sort_order, is_free_sample=EXCLUDED.is_free_sample;
INSERT INTO words (word_id, korean, romanization, content_version) VALUES ('w-pr-150', '셔츠', 'syeo-cheu', 1) ON CONFLICT (word_id) DO UPDATE SET korean=EXCLUDED.korean, romanization=EXCLUDED.romanization;
INSERT INTO word_translations (word_id, locale, gloss, gloss_short, example_ko, example_en, content_version) VALUES ('w-pr-150', 'en-US', 'shirt', 'shirt', '셔츠 예뻐요.', 'The shirt is pretty.', 1) ON CONFLICT (word_id, locale) DO UPDATE SET gloss=EXCLUDED.gloss, gloss_short=EXCLUDED.gloss_short, example_ko=EXCLUDED.example_ko, example_en=EXCLUDED.example_en;
INSERT INTO word_pack_members (pack_id, word_id, sort_order, is_free_sample) VALUES ('premium-pack-001', 'w-pr-150', 149, FALSE) ON CONFLICT (pack_id, word_id) DO UPDATE SET sort_order=EXCLUDED.sort_order, is_free_sample=EXCLUDED.is_free_sample;
INSERT INTO words (word_id, korean, romanization, content_version) VALUES ('w-pr-151', '바지', 'ba-ji', 1) ON CONFLICT (word_id) DO UPDATE SET korean=EXCLUDED.korean, romanization=EXCLUDED.romanization;
INSERT INTO word_translations (word_id, locale, gloss, gloss_short, example_ko, example_en, content_version) VALUES ('w-pr-151', 'en-US', 'pants', 'pants', '바지 입었어요.', 'I''m wearing pants.', 1) ON CONFLICT (word_id, locale) DO UPDATE SET gloss=EXCLUDED.gloss, gloss_short=EXCLUDED.gloss_short, example_ko=EXCLUDED.example_ko, example_en=EXCLUDED.example_en;
INSERT INTO word_pack_members (pack_id, word_id, sort_order, is_free_sample) VALUES ('premium-pack-001', 'w-pr-151', 150, FALSE) ON CONFLICT (pack_id, word_id) DO UPDATE SET sort_order=EXCLUDED.sort_order, is_free_sample=EXCLUDED.is_free_sample;
INSERT INTO words (word_id, korean, romanization, content_version) VALUES ('w-pr-152', '치마', 'chi-ma', 1) ON CONFLICT (word_id) DO UPDATE SET korean=EXCLUDED.korean, romanization=EXCLUDED.romanization;
INSERT INTO word_translations (word_id, locale, gloss, gloss_short, example_ko, example_en, content_version) VALUES ('w-pr-152', 'en-US', 'skirt', 'skirt', '치마가 어울려요.', 'The skirt suits you.', 1) ON CONFLICT (word_id, locale) DO UPDATE SET gloss=EXCLUDED.gloss, gloss_short=EXCLUDED.gloss_short, example_ko=EXCLUDED.example_ko, example_en=EXCLUDED.example_en;
INSERT INTO word_pack_members (pack_id, word_id, sort_order, is_free_sample) VALUES ('premium-pack-001', 'w-pr-152', 151, FALSE) ON CONFLICT (pack_id, word_id) DO UPDATE SET sort_order=EXCLUDED.sort_order, is_free_sample=EXCLUDED.is_free_sample;
INSERT INTO words (word_id, korean, romanization, content_version) VALUES ('w-pr-153', '코트', 'ko-teu', 1) ON CONFLICT (word_id) DO UPDATE SET korean=EXCLUDED.korean, romanization=EXCLUDED.romanization;
INSERT INTO word_translations (word_id, locale, gloss, gloss_short, example_ko, example_en, content_version) VALUES ('w-pr-153', 'en-US', 'coat', 'coat', '코트 따뜻해요.', 'The coat is warm.', 1) ON CONFLICT (word_id, locale) DO UPDATE SET gloss=EXCLUDED.gloss, gloss_short=EXCLUDED.gloss_short, example_ko=EXCLUDED.example_ko, example_en=EXCLUDED.example_en;
INSERT INTO word_pack_members (pack_id, word_id, sort_order, is_free_sample) VALUES ('premium-pack-001', 'w-pr-153', 152, FALSE) ON CONFLICT (pack_id, word_id) DO UPDATE SET sort_order=EXCLUDED.sort_order, is_free_sample=EXCLUDED.is_free_sample;
INSERT INTO words (word_id, korean, romanization, content_version) VALUES ('w-pr-154', '신발', 'sin-bal', 1) ON CONFLICT (word_id) DO UPDATE SET korean=EXCLUDED.korean, romanization=EXCLUDED.romanization;
INSERT INTO word_translations (word_id, locale, gloss, gloss_short, example_ko, example_en, content_version) VALUES ('w-pr-154', 'en-US', 'shoes', 'shoes', '신발 벗으세요.', 'Please take off your shoes.', 1) ON CONFLICT (word_id, locale) DO UPDATE SET gloss=EXCLUDED.gloss, gloss_short=EXCLUDED.gloss_short, example_ko=EXCLUDED.example_ko, example_en=EXCLUDED.example_en;
INSERT INTO word_pack_members (pack_id, word_id, sort_order, is_free_sample) VALUES ('premium-pack-001', 'w-pr-154', 153, FALSE) ON CONFLICT (pack_id, word_id) DO UPDATE SET sort_order=EXCLUDED.sort_order, is_free_sample=EXCLUDED.is_free_sample;
INSERT INTO words (word_id, korean, romanization, content_version) VALUES ('w-pr-155', '양말', 'yang-mal', 1) ON CONFLICT (word_id) DO UPDATE SET korean=EXCLUDED.korean, romanization=EXCLUDED.romanization;
INSERT INTO word_translations (word_id, locale, gloss, gloss_short, example_ko, example_en, content_version) VALUES ('w-pr-155', 'en-US', 'socks', 'socks', '양말 신어요.', 'I''m wearing socks.', 1) ON CONFLICT (word_id, locale) DO UPDATE SET gloss=EXCLUDED.gloss, gloss_short=EXCLUDED.gloss_short, example_ko=EXCLUDED.example_ko, example_en=EXCLUDED.example_en;
INSERT INTO word_pack_members (pack_id, word_id, sort_order, is_free_sample) VALUES ('premium-pack-001', 'w-pr-155', 154, FALSE) ON CONFLICT (pack_id, word_id) DO UPDATE SET sort_order=EXCLUDED.sort_order, is_free_sample=EXCLUDED.is_free_sample;
INSERT INTO words (word_id, korean, romanization, content_version) VALUES ('w-pr-156', '모자', 'mo-ja', 1) ON CONFLICT (word_id) DO UPDATE SET korean=EXCLUDED.korean, romanization=EXCLUDED.romanization;
INSERT INTO word_translations (word_id, locale, gloss, gloss_short, example_ko, example_en, content_version) VALUES ('w-pr-156', 'en-US', 'hat', 'hat', '모자 쓰세요.', 'Please wear a hat.', 1) ON CONFLICT (word_id, locale) DO UPDATE SET gloss=EXCLUDED.gloss, gloss_short=EXCLUDED.gloss_short, example_ko=EXCLUDED.example_ko, example_en=EXCLUDED.example_en;
INSERT INTO word_pack_members (pack_id, word_id, sort_order, is_free_sample) VALUES ('premium-pack-001', 'w-pr-156', 155, FALSE) ON CONFLICT (pack_id, word_id) DO UPDATE SET sort_order=EXCLUDED.sort_order, is_free_sample=EXCLUDED.is_free_sample;
INSERT INTO words (word_id, korean, romanization, content_version) VALUES ('w-pr-157', '가방', 'ga-bang', 1) ON CONFLICT (word_id) DO UPDATE SET korean=EXCLUDED.korean, romanization=EXCLUDED.romanization;
INSERT INTO word_translations (word_id, locale, gloss, gloss_short, example_ko, example_en, content_version) VALUES ('w-pr-157', 'en-US', 'bag', 'bag', '가방 가져왔어요.', 'I brought my bag.', 1) ON CONFLICT (word_id, locale) DO UPDATE SET gloss=EXCLUDED.gloss, gloss_short=EXCLUDED.gloss_short, example_ko=EXCLUDED.example_ko, example_en=EXCLUDED.example_en;
INSERT INTO word_pack_members (pack_id, word_id, sort_order, is_free_sample) VALUES ('premium-pack-001', 'w-pr-157', 156, FALSE) ON CONFLICT (pack_id, word_id) DO UPDATE SET sort_order=EXCLUDED.sort_order, is_free_sample=EXCLUDED.is_free_sample;
INSERT INTO words (word_id, korean, romanization, content_version) VALUES ('w-pr-158', '안경', 'an-gyeong', 1) ON CONFLICT (word_id) DO UPDATE SET korean=EXCLUDED.korean, romanization=EXCLUDED.romanization;
INSERT INTO word_translations (word_id, locale, gloss, gloss_short, example_ko, example_en, content_version) VALUES ('w-pr-158', 'en-US', 'glasses', 'glasses', '안경 어디 있어요?', 'Where are my glasses?', 1) ON CONFLICT (word_id, locale) DO UPDATE SET gloss=EXCLUDED.gloss, gloss_short=EXCLUDED.gloss_short, example_ko=EXCLUDED.example_ko, example_en=EXCLUDED.example_en;
INSERT INTO word_pack_members (pack_id, word_id, sort_order, is_free_sample) VALUES ('premium-pack-001', 'w-pr-158', 157, FALSE) ON CONFLICT (pack_id, word_id) DO UPDATE SET sort_order=EXCLUDED.sort_order, is_free_sample=EXCLUDED.is_free_sample;
INSERT INTO words (word_id, korean, romanization, content_version) VALUES ('w-pr-159', '시계', 'si-gye', 1) ON CONFLICT (word_id) DO UPDATE SET korean=EXCLUDED.korean, romanization=EXCLUDED.romanization;
INSERT INTO word_translations (word_id, locale, gloss, gloss_short, example_ko, example_en, content_version) VALUES ('w-pr-159', 'en-US', 'watch / clock', 'watch / clock', '시계가 멈췄어요.', 'The clock stopped.', 1) ON CONFLICT (word_id, locale) DO UPDATE SET gloss=EXCLUDED.gloss, gloss_short=EXCLUDED.gloss_short, example_ko=EXCLUDED.example_ko, example_en=EXCLUDED.example_en;
INSERT INTO word_pack_members (pack_id, word_id, sort_order, is_free_sample) VALUES ('premium-pack-001', 'w-pr-159', 158, FALSE) ON CONFLICT (pack_id, word_id) DO UPDATE SET sort_order=EXCLUDED.sort_order, is_free_sample=EXCLUDED.is_free_sample;
INSERT INTO words (word_id, korean, romanization, content_version) VALUES ('w-pr-160', '지갑', 'ji-gap', 1) ON CONFLICT (word_id) DO UPDATE SET korean=EXCLUDED.korean, romanization=EXCLUDED.romanization;
INSERT INTO word_translations (word_id, locale, gloss, gloss_short, example_ko, example_en, content_version) VALUES ('w-pr-160', 'en-US', 'wallet', 'wallet', '지갑 잃어버렸어요.', 'I lost my wallet.', 1) ON CONFLICT (word_id, locale) DO UPDATE SET gloss=EXCLUDED.gloss, gloss_short=EXCLUDED.gloss_short, example_ko=EXCLUDED.example_ko, example_en=EXCLUDED.example_en;
INSERT INTO word_pack_members (pack_id, word_id, sort_order, is_free_sample) VALUES ('premium-pack-001', 'w-pr-160', 159, FALSE) ON CONFLICT (pack_id, word_id) DO UPDATE SET sort_order=EXCLUDED.sort_order, is_free_sample=EXCLUDED.is_free_sample;
INSERT INTO words (word_id, korean, romanization, content_version) VALUES ('w-pr-161', '일어나요', 'i-reo-na-yo', 1) ON CONFLICT (word_id) DO UPDATE SET korean=EXCLUDED.korean, romanization=EXCLUDED.romanization;
INSERT INTO word_translations (word_id, locale, gloss, gloss_short, example_ko, example_en, content_version) VALUES ('w-pr-161', 'en-US', 'I get up', 'I get up', '아침에 일찍 일어나요.', 'I get up early in the morning.', 1) ON CONFLICT (word_id, locale) DO UPDATE SET gloss=EXCLUDED.gloss, gloss_short=EXCLUDED.gloss_short, example_ko=EXCLUDED.example_ko, example_en=EXCLUDED.example_en;
INSERT INTO word_pack_members (pack_id, word_id, sort_order, is_free_sample) VALUES ('premium-pack-001', 'w-pr-161', 160, FALSE) ON CONFLICT (pack_id, word_id) DO UPDATE SET sort_order=EXCLUDED.sort_order, is_free_sample=EXCLUDED.is_free_sample;
INSERT INTO words (word_id, korean, romanization, content_version) VALUES ('w-pr-162', '앉아요', 'an-ja-yo', 1) ON CONFLICT (word_id) DO UPDATE SET korean=EXCLUDED.korean, romanization=EXCLUDED.romanization;
INSERT INTO word_translations (word_id, locale, gloss, gloss_short, example_ko, example_en, content_version) VALUES ('w-pr-162', 'en-US', 'I sit', 'I sit', '여기 앉아요.', 'I sit here.', 1) ON CONFLICT (word_id, locale) DO UPDATE SET gloss=EXCLUDED.gloss, gloss_short=EXCLUDED.gloss_short, example_ko=EXCLUDED.example_ko, example_en=EXCLUDED.example_en;
INSERT INTO word_pack_members (pack_id, word_id, sort_order, is_free_sample) VALUES ('premium-pack-001', 'w-pr-162', 161, FALSE) ON CONFLICT (pack_id, word_id) DO UPDATE SET sort_order=EXCLUDED.sort_order, is_free_sample=EXCLUDED.is_free_sample;
INSERT INTO words (word_id, korean, romanization, content_version) VALUES ('w-pr-163', '걸어요', 'geo-reo-yo', 1) ON CONFLICT (word_id) DO UPDATE SET korean=EXCLUDED.korean, romanization=EXCLUDED.romanization;
INSERT INTO word_translations (word_id, locale, gloss, gloss_short, example_ko, example_en, content_version) VALUES ('w-pr-163', 'en-US', 'I walk', 'I walk', '공원을 걸어요.', 'I walk in the park.', 1) ON CONFLICT (word_id, locale) DO UPDATE SET gloss=EXCLUDED.gloss, gloss_short=EXCLUDED.gloss_short, example_ko=EXCLUDED.example_ko, example_en=EXCLUDED.example_en;
INSERT INTO word_pack_members (pack_id, word_id, sort_order, is_free_sample) VALUES ('premium-pack-001', 'w-pr-163', 162, FALSE) ON CONFLICT (pack_id, word_id) DO UPDATE SET sort_order=EXCLUDED.sort_order, is_free_sample=EXCLUDED.is_free_sample;
INSERT INTO words (word_id, korean, romanization, content_version) VALUES ('w-pr-164', '뛰어요', 'ttwi-eo-yo', 1) ON CONFLICT (word_id) DO UPDATE SET korean=EXCLUDED.korean, romanization=EXCLUDED.romanization;
INSERT INTO word_translations (word_id, locale, gloss, gloss_short, example_ko, example_en, content_version) VALUES ('w-pr-164', 'en-US', 'I run / I jump', 'I run / I jump', '운동장에서 뛰어요.', 'I run on the field.', 1) ON CONFLICT (word_id, locale) DO UPDATE SET gloss=EXCLUDED.gloss, gloss_short=EXCLUDED.gloss_short, example_ko=EXCLUDED.example_ko, example_en=EXCLUDED.example_en;
INSERT INTO word_pack_members (pack_id, word_id, sort_order, is_free_sample) VALUES ('premium-pack-001', 'w-pr-164', 163, FALSE) ON CONFLICT (pack_id, word_id) DO UPDATE SET sort_order=EXCLUDED.sort_order, is_free_sample=EXCLUDED.is_free_sample;
INSERT INTO words (word_id, korean, romanization, content_version) VALUES ('w-pr-165', '자요', 'ja-yo', 1) ON CONFLICT (word_id) DO UPDATE SET korean=EXCLUDED.korean, romanization=EXCLUDED.romanization;
INSERT INTO word_translations (word_id, locale, gloss, gloss_short, example_ko, example_en, content_version) VALUES ('w-pr-165', 'en-US', 'I sleep', 'I sleep', '푹 자요.', 'Sleep tight.', 1) ON CONFLICT (word_id, locale) DO UPDATE SET gloss=EXCLUDED.gloss, gloss_short=EXCLUDED.gloss_short, example_ko=EXCLUDED.example_ko, example_en=EXCLUDED.example_en;
INSERT INTO word_pack_members (pack_id, word_id, sort_order, is_free_sample) VALUES ('premium-pack-001', 'w-pr-165', 164, FALSE) ON CONFLICT (pack_id, word_id) DO UPDATE SET sort_order=EXCLUDED.sort_order, is_free_sample=EXCLUDED.is_free_sample;
INSERT INTO words (word_id, korean, romanization, content_version) VALUES ('w-pr-166', '쉬어요', 'swi-eo-yo', 1) ON CONFLICT (word_id) DO UPDATE SET korean=EXCLUDED.korean, romanization=EXCLUDED.romanization;
INSERT INTO word_translations (word_id, locale, gloss, gloss_short, example_ko, example_en, content_version) VALUES ('w-pr-166', 'en-US', 'I rest', 'I rest', '주말에 쉬어요.', 'I rest on weekends.', 1) ON CONFLICT (word_id, locale) DO UPDATE SET gloss=EXCLUDED.gloss, gloss_short=EXCLUDED.gloss_short, example_ko=EXCLUDED.example_ko, example_en=EXCLUDED.example_en;
INSERT INTO word_pack_members (pack_id, word_id, sort_order, is_free_sample) VALUES ('premium-pack-001', 'w-pr-166', 165, FALSE) ON CONFLICT (pack_id, word_id) DO UPDATE SET sort_order=EXCLUDED.sort_order, is_free_sample=EXCLUDED.is_free_sample;
INSERT INTO words (word_id, korean, romanization, content_version) VALUES ('w-pr-167', '먹어요', 'meo-geo-yo', 1) ON CONFLICT (word_id) DO UPDATE SET korean=EXCLUDED.korean, romanization=EXCLUDED.romanization;
INSERT INTO word_translations (word_id, locale, gloss, gloss_short, example_ko, example_en, content_version) VALUES ('w-pr-167', 'en-US', 'I eat', 'I eat', '점심 먹어요.', 'I''m eating lunch.', 1) ON CONFLICT (word_id, locale) DO UPDATE SET gloss=EXCLUDED.gloss, gloss_short=EXCLUDED.gloss_short, example_ko=EXCLUDED.example_ko, example_en=EXCLUDED.example_en;
INSERT INTO word_pack_members (pack_id, word_id, sort_order, is_free_sample) VALUES ('premium-pack-001', 'w-pr-167', 166, FALSE) ON CONFLICT (pack_id, word_id) DO UPDATE SET sort_order=EXCLUDED.sort_order, is_free_sample=EXCLUDED.is_free_sample;
INSERT INTO words (word_id, korean, romanization, content_version) VALUES ('w-pr-168', '마셔요', 'ma-syeo-yo', 1) ON CONFLICT (word_id) DO UPDATE SET korean=EXCLUDED.korean, romanization=EXCLUDED.romanization;
INSERT INTO word_translations (word_id, locale, gloss, gloss_short, example_ko, example_en, content_version) VALUES ('w-pr-168', 'en-US', 'I drink', 'I drink', '물 마셔요.', 'I''m drinking water.', 1) ON CONFLICT (word_id, locale) DO UPDATE SET gloss=EXCLUDED.gloss, gloss_short=EXCLUDED.gloss_short, example_ko=EXCLUDED.example_ko, example_en=EXCLUDED.example_en;
INSERT INTO word_pack_members (pack_id, word_id, sort_order, is_free_sample) VALUES ('premium-pack-001', 'w-pr-168', 167, FALSE) ON CONFLICT (pack_id, word_id) DO UPDATE SET sort_order=EXCLUDED.sort_order, is_free_sample=EXCLUDED.is_free_sample;
INSERT INTO words (word_id, korean, romanization, content_version) VALUES ('w-pr-169', '들어요', 'deu-reo-yo', 1) ON CONFLICT (word_id) DO UPDATE SET korean=EXCLUDED.korean, romanization=EXCLUDED.romanization;
INSERT INTO word_translations (word_id, locale, gloss, gloss_short, example_ko, example_en, content_version) VALUES ('w-pr-169', 'en-US', 'I listen / I hold', 'I listen / I hold', '음악 들어요.', 'I''m listening to music.', 1) ON CONFLICT (word_id, locale) DO UPDATE SET gloss=EXCLUDED.gloss, gloss_short=EXCLUDED.gloss_short, example_ko=EXCLUDED.example_ko, example_en=EXCLUDED.example_en;
INSERT INTO word_pack_members (pack_id, word_id, sort_order, is_free_sample) VALUES ('premium-pack-001', 'w-pr-169', 168, FALSE) ON CONFLICT (pack_id, word_id) DO UPDATE SET sort_order=EXCLUDED.sort_order, is_free_sample=EXCLUDED.is_free_sample;
INSERT INTO words (word_id, korean, romanization, content_version) VALUES ('w-pr-170', '말해요', 'mal-hae-yo', 1) ON CONFLICT (word_id) DO UPDATE SET korean=EXCLUDED.korean, romanization=EXCLUDED.romanization;
INSERT INTO word_translations (word_id, locale, gloss, gloss_short, example_ko, example_en, content_version) VALUES ('w-pr-170', 'en-US', 'I speak / I say', 'I speak / I say', '천천히 말해요.', 'I speak slowly.', 1) ON CONFLICT (word_id, locale) DO UPDATE SET gloss=EXCLUDED.gloss, gloss_short=EXCLUDED.gloss_short, example_ko=EXCLUDED.example_ko, example_en=EXCLUDED.example_en;
INSERT INTO word_pack_members (pack_id, word_id, sort_order, is_free_sample) VALUES ('premium-pack-001', 'w-pr-170', 169, FALSE) ON CONFLICT (pack_id, word_id) DO UPDATE SET sort_order=EXCLUDED.sort_order, is_free_sample=EXCLUDED.is_free_sample;
INSERT INTO words (word_id, korean, romanization, content_version) VALUES ('w-pr-171', '갔어요', 'ga-sseo-yo', 1) ON CONFLICT (word_id) DO UPDATE SET korean=EXCLUDED.korean, romanization=EXCLUDED.romanization;
INSERT INTO word_translations (word_id, locale, gloss, gloss_short, example_ko, example_en, content_version) VALUES ('w-pr-171', 'en-US', 'I went', 'I went', '어제 학교에 갔어요.', 'I went to school yesterday.', 1) ON CONFLICT (word_id, locale) DO UPDATE SET gloss=EXCLUDED.gloss, gloss_short=EXCLUDED.gloss_short, example_ko=EXCLUDED.example_ko, example_en=EXCLUDED.example_en;
INSERT INTO word_pack_members (pack_id, word_id, sort_order, is_free_sample) VALUES ('premium-pack-001', 'w-pr-171', 170, FALSE) ON CONFLICT (pack_id, word_id) DO UPDATE SET sort_order=EXCLUDED.sort_order, is_free_sample=EXCLUDED.is_free_sample;
INSERT INTO words (word_id, korean, romanization, content_version) VALUES ('w-pr-172', '왔어요', 'wa-sseo-yo', 1) ON CONFLICT (word_id) DO UPDATE SET korean=EXCLUDED.korean, romanization=EXCLUDED.romanization;
INSERT INTO word_translations (word_id, locale, gloss, gloss_short, example_ko, example_en, content_version) VALUES ('w-pr-172', 'en-US', 'I came', 'I came', '친구가 왔어요.', 'A friend came.', 1) ON CONFLICT (word_id, locale) DO UPDATE SET gloss=EXCLUDED.gloss, gloss_short=EXCLUDED.gloss_short, example_ko=EXCLUDED.example_ko, example_en=EXCLUDED.example_en;
INSERT INTO word_pack_members (pack_id, word_id, sort_order, is_free_sample) VALUES ('premium-pack-001', 'w-pr-172', 171, FALSE) ON CONFLICT (pack_id, word_id) DO UPDATE SET sort_order=EXCLUDED.sort_order, is_free_sample=EXCLUDED.is_free_sample;
INSERT INTO words (word_id, korean, romanization, content_version) VALUES ('w-pr-173', '먹었어요', 'meo-geo-sseo-yo', 1) ON CONFLICT (word_id) DO UPDATE SET korean=EXCLUDED.korean, romanization=EXCLUDED.romanization;
INSERT INTO word_translations (word_id, locale, gloss, gloss_short, example_ko, example_en, content_version) VALUES ('w-pr-173', 'en-US', 'I ate', 'I ate', '밥 먹었어요.', 'I ate (a meal).', 1) ON CONFLICT (word_id, locale) DO UPDATE SET gloss=EXCLUDED.gloss, gloss_short=EXCLUDED.gloss_short, example_ko=EXCLUDED.example_ko, example_en=EXCLUDED.example_en;
INSERT INTO word_pack_members (pack_id, word_id, sort_order, is_free_sample) VALUES ('premium-pack-001', 'w-pr-173', 172, FALSE) ON CONFLICT (pack_id, word_id) DO UPDATE SET sort_order=EXCLUDED.sort_order, is_free_sample=EXCLUDED.is_free_sample;
INSERT INTO words (word_id, korean, romanization, content_version) VALUES ('w-pr-174', '했어요', 'hae-sseo-yo', 1) ON CONFLICT (word_id) DO UPDATE SET korean=EXCLUDED.korean, romanization=EXCLUDED.romanization;
INSERT INTO word_translations (word_id, locale, gloss, gloss_short, example_ko, example_en, content_version) VALUES ('w-pr-174', 'en-US', 'I did', 'I did', '숙제 했어요.', 'I did my homework.', 1) ON CONFLICT (word_id, locale) DO UPDATE SET gloss=EXCLUDED.gloss, gloss_short=EXCLUDED.gloss_short, example_ko=EXCLUDED.example_ko, example_en=EXCLUDED.example_en;
INSERT INTO word_pack_members (pack_id, word_id, sort_order, is_free_sample) VALUES ('premium-pack-001', 'w-pr-174', 173, FALSE) ON CONFLICT (pack_id, word_id) DO UPDATE SET sort_order=EXCLUDED.sort_order, is_free_sample=EXCLUDED.is_free_sample;
INSERT INTO words (word_id, korean, romanization, content_version) VALUES ('w-pr-175', '봤어요', 'bwa-sseo-yo', 1) ON CONFLICT (word_id) DO UPDATE SET korean=EXCLUDED.korean, romanization=EXCLUDED.romanization;
INSERT INTO word_translations (word_id, locale, gloss, gloss_short, example_ko, example_en, content_version) VALUES ('w-pr-175', 'en-US', 'I saw / I watched', 'I saw / I watched', '영화 봤어요.', 'I watched a movie.', 1) ON CONFLICT (word_id, locale) DO UPDATE SET gloss=EXCLUDED.gloss, gloss_short=EXCLUDED.gloss_short, example_ko=EXCLUDED.example_ko, example_en=EXCLUDED.example_en;
INSERT INTO word_pack_members (pack_id, word_id, sort_order, is_free_sample) VALUES ('premium-pack-001', 'w-pr-175', 174, FALSE) ON CONFLICT (pack_id, word_id) DO UPDATE SET sort_order=EXCLUDED.sort_order, is_free_sample=EXCLUDED.is_free_sample;
INSERT INTO words (word_id, korean, romanization, content_version) VALUES ('w-pr-176', '갈 거예요', 'gal-geo-ye-yo', 1) ON CONFLICT (word_id) DO UPDATE SET korean=EXCLUDED.korean, romanization=EXCLUDED.romanization;
INSERT INTO word_translations (word_id, locale, gloss, gloss_short, example_ko, example_en, content_version) VALUES ('w-pr-176', 'en-US', 'I will go', 'I will go', '내일 갈 거예요.', 'I will go tomorrow.', 1) ON CONFLICT (word_id, locale) DO UPDATE SET gloss=EXCLUDED.gloss, gloss_short=EXCLUDED.gloss_short, example_ko=EXCLUDED.example_ko, example_en=EXCLUDED.example_en;
INSERT INTO word_pack_members (pack_id, word_id, sort_order, is_free_sample) VALUES ('premium-pack-001', 'w-pr-176', 175, FALSE) ON CONFLICT (pack_id, word_id) DO UPDATE SET sort_order=EXCLUDED.sort_order, is_free_sample=EXCLUDED.is_free_sample;
INSERT INTO words (word_id, korean, romanization, content_version) VALUES ('w-pr-177', '할 거예요', 'hal-geo-ye-yo', 1) ON CONFLICT (word_id) DO UPDATE SET korean=EXCLUDED.korean, romanization=EXCLUDED.romanization;
INSERT INTO word_translations (word_id, locale, gloss, gloss_short, example_ko, example_en, content_version) VALUES ('w-pr-177', 'en-US', 'I will do', 'I will do', '주말에 할 거예요.', 'I will do it on the weekend.', 1) ON CONFLICT (word_id, locale) DO UPDATE SET gloss=EXCLUDED.gloss, gloss_short=EXCLUDED.gloss_short, example_ko=EXCLUDED.example_ko, example_en=EXCLUDED.example_en;
INSERT INTO word_pack_members (pack_id, word_id, sort_order, is_free_sample) VALUES ('premium-pack-001', 'w-pr-177', 176, FALSE) ON CONFLICT (pack_id, word_id) DO UPDATE SET sort_order=EXCLUDED.sort_order, is_free_sample=EXCLUDED.is_free_sample;
INSERT INTO words (word_id, korean, romanization, content_version) VALUES ('w-pr-178', '끝났어요', 'kkeun-na-sseo-yo', 1) ON CONFLICT (word_id) DO UPDATE SET korean=EXCLUDED.korean, romanization=EXCLUDED.romanization;
INSERT INTO word_translations (word_id, locale, gloss, gloss_short, example_ko, example_en, content_version) VALUES ('w-pr-178', 'en-US', 'it ended', 'it ended', '수업 끝났어요.', 'Class is over.', 1) ON CONFLICT (word_id, locale) DO UPDATE SET gloss=EXCLUDED.gloss, gloss_short=EXCLUDED.gloss_short, example_ko=EXCLUDED.example_ko, example_en=EXCLUDED.example_en;
INSERT INTO word_pack_members (pack_id, word_id, sort_order, is_free_sample) VALUES ('premium-pack-001', 'w-pr-178', 177, FALSE) ON CONFLICT (pack_id, word_id) DO UPDATE SET sort_order=EXCLUDED.sort_order, is_free_sample=EXCLUDED.is_free_sample;
INSERT INTO words (word_id, korean, romanization, content_version) VALUES ('w-pr-179', '시작해요', 'si-ja-kae-yo', 1) ON CONFLICT (word_id) DO UPDATE SET korean=EXCLUDED.korean, romanization=EXCLUDED.romanization;
INSERT INTO word_translations (word_id, locale, gloss, gloss_short, example_ko, example_en, content_version) VALUES ('w-pr-179', 'en-US', 'I start', 'I start', '지금 시작해요.', 'I''m starting now.', 1) ON CONFLICT (word_id, locale) DO UPDATE SET gloss=EXCLUDED.gloss, gloss_short=EXCLUDED.gloss_short, example_ko=EXCLUDED.example_ko, example_en=EXCLUDED.example_en;
INSERT INTO word_pack_members (pack_id, word_id, sort_order, is_free_sample) VALUES ('premium-pack-001', 'w-pr-179', 178, FALSE) ON CONFLICT (pack_id, word_id) DO UPDATE SET sort_order=EXCLUDED.sort_order, is_free_sample=EXCLUDED.is_free_sample;
INSERT INTO words (word_id, korean, romanization, content_version) VALUES ('w-pr-180', '성공했어요', 'seong-gong-hae-sseo-yo', 1) ON CONFLICT (word_id) DO UPDATE SET korean=EXCLUDED.korean, romanization=EXCLUDED.romanization;
INSERT INTO word_translations (word_id, locale, gloss, gloss_short, example_ko, example_en, content_version) VALUES ('w-pr-180', 'en-US', 'I succeeded', 'I succeeded', '시험에 성공했어요.', 'I succeeded on the exam.', 1) ON CONFLICT (word_id, locale) DO UPDATE SET gloss=EXCLUDED.gloss, gloss_short=EXCLUDED.gloss_short, example_ko=EXCLUDED.example_ko, example_en=EXCLUDED.example_en;
INSERT INTO word_pack_members (pack_id, word_id, sort_order, is_free_sample) VALUES ('premium-pack-001', 'w-pr-180', 179, FALSE) ON CONFLICT (pack_id, word_id) DO UPDATE SET sort_order=EXCLUDED.sort_order, is_free_sample=EXCLUDED.is_free_sample;
INSERT INTO words (word_id, korean, romanization, content_version) VALUES ('w-pr-181', '선배', 'seon-bae', 1) ON CONFLICT (word_id) DO UPDATE SET korean=EXCLUDED.korean, romanization=EXCLUDED.romanization;
INSERT INTO word_translations (word_id, locale, gloss, gloss_short, example_ko, example_en, content_version) VALUES ('w-pr-181', 'en-US', 'senior (school/work)', 'senior', '선배가 도와줬어요.', 'My senior helped me.', 1) ON CONFLICT (word_id, locale) DO UPDATE SET gloss=EXCLUDED.gloss, gloss_short=EXCLUDED.gloss_short, example_ko=EXCLUDED.example_ko, example_en=EXCLUDED.example_en;
INSERT INTO word_pack_members (pack_id, word_id, sort_order, is_free_sample) VALUES ('premium-pack-001', 'w-pr-181', 180, FALSE) ON CONFLICT (pack_id, word_id) DO UPDATE SET sort_order=EXCLUDED.sort_order, is_free_sample=EXCLUDED.is_free_sample;
INSERT INTO words (word_id, korean, romanization, content_version) VALUES ('w-pr-182', '후배', 'hu-bae', 1) ON CONFLICT (word_id) DO UPDATE SET korean=EXCLUDED.korean, romanization=EXCLUDED.romanization;
INSERT INTO word_translations (word_id, locale, gloss, gloss_short, example_ko, example_en, content_version) VALUES ('w-pr-182', 'en-US', 'junior (school/work)', 'junior', '후배 만나요.', 'I''m meeting my junior.', 1) ON CONFLICT (word_id, locale) DO UPDATE SET gloss=EXCLUDED.gloss, gloss_short=EXCLUDED.gloss_short, example_ko=EXCLUDED.example_ko, example_en=EXCLUDED.example_en;
INSERT INTO word_pack_members (pack_id, word_id, sort_order, is_free_sample) VALUES ('premium-pack-001', 'w-pr-182', 181, FALSE) ON CONFLICT (pack_id, word_id) DO UPDATE SET sort_order=EXCLUDED.sort_order, is_free_sample=EXCLUDED.is_free_sample;
INSERT INTO words (word_id, korean, romanization, content_version) VALUES ('w-pr-183', '동기', 'dong-gi', 1) ON CONFLICT (word_id) DO UPDATE SET korean=EXCLUDED.korean, romanization=EXCLUDED.romanization;
INSERT INTO word_translations (word_id, locale, gloss, gloss_short, example_ko, example_en, content_version) VALUES ('w-pr-183', 'en-US', 'peer / classmate', 'peer / classmate', '대학 동기예요.', 'We''re college classmates.', 1) ON CONFLICT (word_id, locale) DO UPDATE SET gloss=EXCLUDED.gloss, gloss_short=EXCLUDED.gloss_short, example_ko=EXCLUDED.example_ko, example_en=EXCLUDED.example_en;
INSERT INTO word_pack_members (pack_id, word_id, sort_order, is_free_sample) VALUES ('premium-pack-001', 'w-pr-183', 182, FALSE) ON CONFLICT (pack_id, word_id) DO UPDATE SET sort_order=EXCLUDED.sort_order, is_free_sample=EXCLUDED.is_free_sample;
INSERT INTO words (word_id, korean, romanization, content_version) VALUES ('w-pr-184', '사촌', 'sa-chon', 1) ON CONFLICT (word_id) DO UPDATE SET korean=EXCLUDED.korean, romanization=EXCLUDED.romanization;
INSERT INTO word_translations (word_id, locale, gloss, gloss_short, example_ko, example_en, content_version) VALUES ('w-pr-184', 'en-US', 'cousin', 'cousin', '사촌이랑 놀아요.', 'I''m playing with my cousin.', 1) ON CONFLICT (word_id, locale) DO UPDATE SET gloss=EXCLUDED.gloss, gloss_short=EXCLUDED.gloss_short, example_ko=EXCLUDED.example_ko, example_en=EXCLUDED.example_en;
INSERT INTO word_pack_members (pack_id, word_id, sort_order, is_free_sample) VALUES ('premium-pack-001', 'w-pr-184', 183, FALSE) ON CONFLICT (pack_id, word_id) DO UPDATE SET sort_order=EXCLUDED.sort_order, is_free_sample=EXCLUDED.is_free_sample;
INSERT INTO words (word_id, korean, romanization, content_version) VALUES ('w-pr-185', '이모', 'i-mo', 1) ON CONFLICT (word_id) DO UPDATE SET korean=EXCLUDED.korean, romanization=EXCLUDED.romanization;
INSERT INTO word_translations (word_id, locale, gloss, gloss_short, example_ko, example_en, content_version) VALUES ('w-pr-185', 'en-US', 'aunt (mother''s side)', 'aunt', '이모 댁에 가요.', 'I''m going to my aunt''s house.', 1) ON CONFLICT (word_id, locale) DO UPDATE SET gloss=EXCLUDED.gloss, gloss_short=EXCLUDED.gloss_short, example_ko=EXCLUDED.example_ko, example_en=EXCLUDED.example_en;
INSERT INTO word_pack_members (pack_id, word_id, sort_order, is_free_sample) VALUES ('premium-pack-001', 'w-pr-185', 184, FALSE) ON CONFLICT (pack_id, word_id) DO UPDATE SET sort_order=EXCLUDED.sort_order, is_free_sample=EXCLUDED.is_free_sample;
INSERT INTO words (word_id, korean, romanization, content_version) VALUES ('w-pr-186', '삼촌', 'sam-chon', 1) ON CONFLICT (word_id) DO UPDATE SET korean=EXCLUDED.korean, romanization=EXCLUDED.romanization;
INSERT INTO word_translations (word_id, locale, gloss, gloss_short, example_ko, example_en, content_version) VALUES ('w-pr-186', 'en-US', 'uncle', 'uncle', '삼촌이 와요.', 'My uncle is coming.', 1) ON CONFLICT (word_id, locale) DO UPDATE SET gloss=EXCLUDED.gloss, gloss_short=EXCLUDED.gloss_short, example_ko=EXCLUDED.example_ko, example_en=EXCLUDED.example_en;
INSERT INTO word_pack_members (pack_id, word_id, sort_order, is_free_sample) VALUES ('premium-pack-001', 'w-pr-186', 185, FALSE) ON CONFLICT (pack_id, word_id) DO UPDATE SET sort_order=EXCLUDED.sort_order, is_free_sample=EXCLUDED.is_free_sample;
INSERT INTO words (word_id, korean, romanization, content_version) VALUES ('w-pr-187', '할머니', 'hal-meo-ni', 1) ON CONFLICT (word_id) DO UPDATE SET korean=EXCLUDED.korean, romanization=EXCLUDED.romanization;
INSERT INTO word_translations (word_id, locale, gloss, gloss_short, example_ko, example_en, content_version) VALUES ('w-pr-187', 'en-US', 'grandmother', 'grandmother', '할머니 보고 싶어요.', 'I miss my grandmother.', 1) ON CONFLICT (word_id, locale) DO UPDATE SET gloss=EXCLUDED.gloss, gloss_short=EXCLUDED.gloss_short, example_ko=EXCLUDED.example_ko, example_en=EXCLUDED.example_en;
INSERT INTO word_pack_members (pack_id, word_id, sort_order, is_free_sample) VALUES ('premium-pack-001', 'w-pr-187', 186, FALSE) ON CONFLICT (pack_id, word_id) DO UPDATE SET sort_order=EXCLUDED.sort_order, is_free_sample=EXCLUDED.is_free_sample;
INSERT INTO words (word_id, korean, romanization, content_version) VALUES ('w-pr-188', '할아버지', 'ha-ra-beo-ji', 1) ON CONFLICT (word_id) DO UPDATE SET korean=EXCLUDED.korean, romanization=EXCLUDED.romanization;
INSERT INTO word_translations (word_id, locale, gloss, gloss_short, example_ko, example_en, content_version) VALUES ('w-pr-188', 'en-US', 'grandfather', 'grandfather', '할아버지 건강하세요?', 'Grandfather, are you well?', 1) ON CONFLICT (word_id, locale) DO UPDATE SET gloss=EXCLUDED.gloss, gloss_short=EXCLUDED.gloss_short, example_ko=EXCLUDED.example_ko, example_en=EXCLUDED.example_en;
INSERT INTO word_pack_members (pack_id, word_id, sort_order, is_free_sample) VALUES ('premium-pack-001', 'w-pr-188', 187, FALSE) ON CONFLICT (pack_id, word_id) DO UPDATE SET sort_order=EXCLUDED.sort_order, is_free_sample=EXCLUDED.is_free_sample;
INSERT INTO words (word_id, korean, romanization, content_version) VALUES ('w-pr-189', '이웃', 'i-ut', 1) ON CONFLICT (word_id) DO UPDATE SET korean=EXCLUDED.korean, romanization=EXCLUDED.romanization;
INSERT INTO word_translations (word_id, locale, gloss, gloss_short, example_ko, example_en, content_version) VALUES ('w-pr-189', 'en-US', 'neighbor', 'neighbor', '이웃이 친절해요.', 'My neighbor is kind.', 1) ON CONFLICT (word_id, locale) DO UPDATE SET gloss=EXCLUDED.gloss, gloss_short=EXCLUDED.gloss_short, example_ko=EXCLUDED.example_ko, example_en=EXCLUDED.example_en;
INSERT INTO word_pack_members (pack_id, word_id, sort_order, is_free_sample) VALUES ('premium-pack-001', 'w-pr-189', 188, FALSE) ON CONFLICT (pack_id, word_id) DO UPDATE SET sort_order=EXCLUDED.sort_order, is_free_sample=EXCLUDED.is_free_sample;
INSERT INTO words (word_id, korean, romanization, content_version) VALUES ('w-pr-190', '어른', 'eo-reun', 1) ON CONFLICT (word_id) DO UPDATE SET korean=EXCLUDED.korean, romanization=EXCLUDED.romanization;
INSERT INTO word_translations (word_id, locale, gloss, gloss_short, example_ko, example_en, content_version) VALUES ('w-pr-190', 'en-US', 'adult', 'adult', '어른들 인사하세요.', 'Greet the adults.', 1) ON CONFLICT (word_id, locale) DO UPDATE SET gloss=EXCLUDED.gloss, gloss_short=EXCLUDED.gloss_short, example_ko=EXCLUDED.example_ko, example_en=EXCLUDED.example_en;
INSERT INTO word_pack_members (pack_id, word_id, sort_order, is_free_sample) VALUES ('premium-pack-001', 'w-pr-190', 189, FALSE) ON CONFLICT (pack_id, word_id) DO UPDATE SET sort_order=EXCLUDED.sort_order, is_free_sample=EXCLUDED.is_free_sample;
INSERT INTO words (word_id, korean, romanization, content_version) VALUES ('w-pr-191', '아이', 'a-i', 1) ON CONFLICT (word_id) DO UPDATE SET korean=EXCLUDED.korean, romanization=EXCLUDED.romanization;
INSERT INTO word_translations (word_id, locale, gloss, gloss_short, example_ko, example_en, content_version) VALUES ('w-pr-191', 'en-US', 'child', 'child', '아이가 귀여워요.', 'The child is cute.', 1) ON CONFLICT (word_id, locale) DO UPDATE SET gloss=EXCLUDED.gloss, gloss_short=EXCLUDED.gloss_short, example_ko=EXCLUDED.example_ko, example_en=EXCLUDED.example_en;
INSERT INTO word_pack_members (pack_id, word_id, sort_order, is_free_sample) VALUES ('premium-pack-001', 'w-pr-191', 190, FALSE) ON CONFLICT (pack_id, word_id) DO UPDATE SET sort_order=EXCLUDED.sort_order, is_free_sample=EXCLUDED.is_free_sample;
INSERT INTO words (word_id, korean, romanization, content_version) VALUES ('w-pr-192', '아기', 'a-gi', 1) ON CONFLICT (word_id) DO UPDATE SET korean=EXCLUDED.korean, romanization=EXCLUDED.romanization;
INSERT INTO word_translations (word_id, locale, gloss, gloss_short, example_ko, example_en, content_version) VALUES ('w-pr-192', 'en-US', 'baby', 'baby', '아기가 자요.', 'The baby is sleeping.', 1) ON CONFLICT (word_id, locale) DO UPDATE SET gloss=EXCLUDED.gloss, gloss_short=EXCLUDED.gloss_short, example_ko=EXCLUDED.example_ko, example_en=EXCLUDED.example_en;
INSERT INTO word_pack_members (pack_id, word_id, sort_order, is_free_sample) VALUES ('premium-pack-001', 'w-pr-192', 191, FALSE) ON CONFLICT (pack_id, word_id) DO UPDATE SET sort_order=EXCLUDED.sort_order, is_free_sample=EXCLUDED.is_free_sample;
INSERT INTO words (word_id, korean, romanization, content_version) VALUES ('w-pr-193', '정말', 'jeong-mal', 1) ON CONFLICT (word_id) DO UPDATE SET korean=EXCLUDED.korean, romanization=EXCLUDED.romanization;
INSERT INTO word_translations (word_id, locale, gloss, gloss_short, example_ko, example_en, content_version) VALUES ('w-pr-193', 'en-US', 'really', 'really', '정말 고마워요.', 'Thank you, really.', 1) ON CONFLICT (word_id, locale) DO UPDATE SET gloss=EXCLUDED.gloss, gloss_short=EXCLUDED.gloss_short, example_ko=EXCLUDED.example_ko, example_en=EXCLUDED.example_en;
INSERT INTO word_pack_members (pack_id, word_id, sort_order, is_free_sample) VALUES ('premium-pack-001', 'w-pr-193', 192, FALSE) ON CONFLICT (pack_id, word_id) DO UPDATE SET sort_order=EXCLUDED.sort_order, is_free_sample=EXCLUDED.is_free_sample;
INSERT INTO words (word_id, korean, romanization, content_version) VALUES ('w-pr-194', '진짜', 'jin-jja', 1) ON CONFLICT (word_id) DO UPDATE SET korean=EXCLUDED.korean, romanization=EXCLUDED.romanization;
INSERT INTO word_translations (word_id, locale, gloss, gloss_short, example_ko, example_en, content_version) VALUES ('w-pr-194', 'en-US', 'really (casual)', 'really', '진짜 멋있어요!', 'It''s really awesome!', 1) ON CONFLICT (word_id, locale) DO UPDATE SET gloss=EXCLUDED.gloss, gloss_short=EXCLUDED.gloss_short, example_ko=EXCLUDED.example_ko, example_en=EXCLUDED.example_en;
INSERT INTO word_pack_members (pack_id, word_id, sort_order, is_free_sample) VALUES ('premium-pack-001', 'w-pr-194', 193, FALSE) ON CONFLICT (pack_id, word_id) DO UPDATE SET sort_order=EXCLUDED.sort_order, is_free_sample=EXCLUDED.is_free_sample;
INSERT INTO words (word_id, korean, romanization, content_version) VALUES ('w-pr-195', '아주', 'a-ju', 1) ON CONFLICT (word_id) DO UPDATE SET korean=EXCLUDED.korean, romanization=EXCLUDED.romanization;
INSERT INTO word_translations (word_id, locale, gloss, gloss_short, example_ko, example_en, content_version) VALUES ('w-pr-195', 'en-US', 'very', 'very', '아주 맛있어요.', 'It''s very tasty.', 1) ON CONFLICT (word_id, locale) DO UPDATE SET gloss=EXCLUDED.gloss, gloss_short=EXCLUDED.gloss_short, example_ko=EXCLUDED.example_ko, example_en=EXCLUDED.example_en;
INSERT INTO word_pack_members (pack_id, word_id, sort_order, is_free_sample) VALUES ('premium-pack-001', 'w-pr-195', 194, FALSE) ON CONFLICT (pack_id, word_id) DO UPDATE SET sort_order=EXCLUDED.sort_order, is_free_sample=EXCLUDED.is_free_sample;
INSERT INTO words (word_id, korean, romanization, content_version) VALUES ('w-pr-196', '좀', 'jom', 1) ON CONFLICT (word_id) DO UPDATE SET korean=EXCLUDED.korean, romanization=EXCLUDED.romanization;
INSERT INTO word_translations (word_id, locale, gloss, gloss_short, example_ko, example_en, content_version) VALUES ('w-pr-196', 'en-US', 'a bit (casual)', 'a bit', '좀 도와주세요.', 'Help me a bit, please.', 1) ON CONFLICT (word_id, locale) DO UPDATE SET gloss=EXCLUDED.gloss, gloss_short=EXCLUDED.gloss_short, example_ko=EXCLUDED.example_ko, example_en=EXCLUDED.example_en;
INSERT INTO word_pack_members (pack_id, word_id, sort_order, is_free_sample) VALUES ('premium-pack-001', 'w-pr-196', 195, FALSE) ON CONFLICT (pack_id, word_id) DO UPDATE SET sort_order=EXCLUDED.sort_order, is_free_sample=EXCLUDED.is_free_sample;
INSERT INTO words (word_id, korean, romanization, content_version) VALUES ('w-pr-197', '꼭', 'kkok', 1) ON CONFLICT (word_id) DO UPDATE SET korean=EXCLUDED.korean, romanization=EXCLUDED.romanization;
INSERT INTO word_translations (word_id, locale, gloss, gloss_short, example_ko, example_en, content_version) VALUES ('w-pr-197', 'en-US', 'for sure / must', 'for sure / must', '꼭 와요.', 'Come for sure.', 1) ON CONFLICT (word_id, locale) DO UPDATE SET gloss=EXCLUDED.gloss, gloss_short=EXCLUDED.gloss_short, example_ko=EXCLUDED.example_ko, example_en=EXCLUDED.example_en;
INSERT INTO word_pack_members (pack_id, word_id, sort_order, is_free_sample) VALUES ('premium-pack-001', 'w-pr-197', 196, FALSE) ON CONFLICT (pack_id, word_id) DO UPDATE SET sort_order=EXCLUDED.sort_order, is_free_sample=EXCLUDED.is_free_sample;
INSERT INTO words (word_id, korean, romanization, content_version) VALUES ('w-pr-198', '특히', 'teu-ki', 1) ON CONFLICT (word_id) DO UPDATE SET korean=EXCLUDED.korean, romanization=EXCLUDED.romanization;
INSERT INTO word_translations (word_id, locale, gloss, gloss_short, example_ko, example_en, content_version) VALUES ('w-pr-198', 'en-US', 'especially', 'especially', '특히 좋아해요.', 'I especially like it.', 1) ON CONFLICT (word_id, locale) DO UPDATE SET gloss=EXCLUDED.gloss, gloss_short=EXCLUDED.gloss_short, example_ko=EXCLUDED.example_ko, example_en=EXCLUDED.example_en;
INSERT INTO word_pack_members (pack_id, word_id, sort_order, is_free_sample) VALUES ('premium-pack-001', 'w-pr-198', 197, FALSE) ON CONFLICT (pack_id, word_id) DO UPDATE SET sort_order=EXCLUDED.sort_order, is_free_sample=EXCLUDED.is_free_sample;
INSERT INTO words (word_id, korean, romanization, content_version) VALUES ('w-pr-199', '더', 'deo', 1) ON CONFLICT (word_id) DO UPDATE SET korean=EXCLUDED.korean, romanization=EXCLUDED.romanization;
INSERT INTO word_translations (word_id, locale, gloss, gloss_short, example_ko, example_en, content_version) VALUES ('w-pr-199', 'en-US', 'more', 'more', '더 주세요.', 'More, please.', 1) ON CONFLICT (word_id, locale) DO UPDATE SET gloss=EXCLUDED.gloss, gloss_short=EXCLUDED.gloss_short, example_ko=EXCLUDED.example_ko, example_en=EXCLUDED.example_en;
INSERT INTO word_pack_members (pack_id, word_id, sort_order, is_free_sample) VALUES ('premium-pack-001', 'w-pr-199', 198, FALSE) ON CONFLICT (pack_id, word_id) DO UPDATE SET sort_order=EXCLUDED.sort_order, is_free_sample=EXCLUDED.is_free_sample;
INSERT INTO words (word_id, korean, romanization, content_version) VALUES ('w-pr-200', '덜', 'deol', 1) ON CONFLICT (word_id) DO UPDATE SET korean=EXCLUDED.korean, romanization=EXCLUDED.romanization;
INSERT INTO word_translations (word_id, locale, gloss, gloss_short, example_ko, example_en, content_version) VALUES ('w-pr-200', 'en-US', 'less', 'less', '덜 매워요.', 'It''s less spicy.', 1) ON CONFLICT (word_id, locale) DO UPDATE SET gloss=EXCLUDED.gloss, gloss_short=EXCLUDED.gloss_short, example_ko=EXCLUDED.example_ko, example_en=EXCLUDED.example_en;
INSERT INTO word_pack_members (pack_id, word_id, sort_order, is_free_sample) VALUES ('premium-pack-001', 'w-pr-200', 199, FALSE) ON CONFLICT (pack_id, word_id) DO UPDATE SET sort_order=EXCLUDED.sort_order, is_free_sample=EXCLUDED.is_free_sample;
INSERT INTO words (word_id, korean, romanization, content_version) VALUES ('w-pr-201', '산', 'san', 1) ON CONFLICT (word_id) DO UPDATE SET korean=EXCLUDED.korean, romanization=EXCLUDED.romanization;
INSERT INTO word_translations (word_id, locale, gloss, gloss_short, example_ko, example_en, content_version) VALUES ('w-pr-201', 'en-US', 'mountain', 'mountain', '산이 예뻐요.', 'The mountain is beautiful.', 1) ON CONFLICT (word_id, locale) DO UPDATE SET gloss=EXCLUDED.gloss, gloss_short=EXCLUDED.gloss_short, example_ko=EXCLUDED.example_ko, example_en=EXCLUDED.example_en;
INSERT INTO word_pack_members (pack_id, word_id, sort_order, is_free_sample) VALUES ('premium-pack-001', 'w-pr-201', 200, FALSE) ON CONFLICT (pack_id, word_id) DO UPDATE SET sort_order=EXCLUDED.sort_order, is_free_sample=EXCLUDED.is_free_sample;
INSERT INTO words (word_id, korean, romanization, content_version) VALUES ('w-pr-202', '강', 'gang', 1) ON CONFLICT (word_id) DO UPDATE SET korean=EXCLUDED.korean, romanization=EXCLUDED.romanization;
INSERT INTO word_translations (word_id, locale, gloss, gloss_short, example_ko, example_en, content_version) VALUES ('w-pr-202', 'en-US', 'river', 'river', '한강 산책 가요.', 'Let''s walk by the Han River.', 1) ON CONFLICT (word_id, locale) DO UPDATE SET gloss=EXCLUDED.gloss, gloss_short=EXCLUDED.gloss_short, example_ko=EXCLUDED.example_ko, example_en=EXCLUDED.example_en;
INSERT INTO word_pack_members (pack_id, word_id, sort_order, is_free_sample) VALUES ('premium-pack-001', 'w-pr-202', 201, FALSE) ON CONFLICT (pack_id, word_id) DO UPDATE SET sort_order=EXCLUDED.sort_order, is_free_sample=EXCLUDED.is_free_sample;
INSERT INTO words (word_id, korean, romanization, content_version) VALUES ('w-pr-203', '바다', 'ba-da', 1) ON CONFLICT (word_id) DO UPDATE SET korean=EXCLUDED.korean, romanization=EXCLUDED.romanization;
INSERT INTO word_translations (word_id, locale, gloss, gloss_short, example_ko, example_en, content_version) VALUES ('w-pr-203', 'en-US', 'sea / ocean', 'sea / ocean', '바다 보러 가요.', 'Let''s go see the sea.', 1) ON CONFLICT (word_id, locale) DO UPDATE SET gloss=EXCLUDED.gloss, gloss_short=EXCLUDED.gloss_short, example_ko=EXCLUDED.example_ko, example_en=EXCLUDED.example_en;
INSERT INTO word_pack_members (pack_id, word_id, sort_order, is_free_sample) VALUES ('premium-pack-001', 'w-pr-203', 202, FALSE) ON CONFLICT (pack_id, word_id) DO UPDATE SET sort_order=EXCLUDED.sort_order, is_free_sample=EXCLUDED.is_free_sample;
INSERT INTO words (word_id, korean, romanization, content_version) VALUES ('w-pr-204', '하늘', 'ha-neul', 1) ON CONFLICT (word_id) DO UPDATE SET korean=EXCLUDED.korean, romanization=EXCLUDED.romanization;
INSERT INTO word_translations (word_id, locale, gloss, gloss_short, example_ko, example_en, content_version) VALUES ('w-pr-204', 'en-US', 'sky', 'sky', '하늘이 파래요.', 'The sky is blue.', 1) ON CONFLICT (word_id, locale) DO UPDATE SET gloss=EXCLUDED.gloss, gloss_short=EXCLUDED.gloss_short, example_ko=EXCLUDED.example_ko, example_en=EXCLUDED.example_en;
INSERT INTO word_pack_members (pack_id, word_id, sort_order, is_free_sample) VALUES ('premium-pack-001', 'w-pr-204', 203, FALSE) ON CONFLICT (pack_id, word_id) DO UPDATE SET sort_order=EXCLUDED.sort_order, is_free_sample=EXCLUDED.is_free_sample;
INSERT INTO words (word_id, korean, romanization, content_version) VALUES ('w-pr-205', '별', 'byeol', 1) ON CONFLICT (word_id) DO UPDATE SET korean=EXCLUDED.korean, romanization=EXCLUDED.romanization;
INSERT INTO word_translations (word_id, locale, gloss, gloss_short, example_ko, example_en, content_version) VALUES ('w-pr-205', 'en-US', 'star', 'star', '별이 빛나요.', 'The stars are shining.', 1) ON CONFLICT (word_id, locale) DO UPDATE SET gloss=EXCLUDED.gloss, gloss_short=EXCLUDED.gloss_short, example_ko=EXCLUDED.example_ko, example_en=EXCLUDED.example_en;
INSERT INTO word_pack_members (pack_id, word_id, sort_order, is_free_sample) VALUES ('premium-pack-001', 'w-pr-205', 204, FALSE) ON CONFLICT (pack_id, word_id) DO UPDATE SET sort_order=EXCLUDED.sort_order, is_free_sample=EXCLUDED.is_free_sample;
INSERT INTO words (word_id, korean, romanization, content_version) VALUES ('w-pr-206', '달', 'dal', 1) ON CONFLICT (word_id) DO UPDATE SET korean=EXCLUDED.korean, romanization=EXCLUDED.romanization;
INSERT INTO word_translations (word_id, locale, gloss, gloss_short, example_ko, example_en, content_version) VALUES ('w-pr-206', 'en-US', 'moon', 'moon', '달이 밝아요.', 'The moon is bright.', 1) ON CONFLICT (word_id, locale) DO UPDATE SET gloss=EXCLUDED.gloss, gloss_short=EXCLUDED.gloss_short, example_ko=EXCLUDED.example_ko, example_en=EXCLUDED.example_en;
INSERT INTO word_pack_members (pack_id, word_id, sort_order, is_free_sample) VALUES ('premium-pack-001', 'w-pr-206', 205, FALSE) ON CONFLICT (pack_id, word_id) DO UPDATE SET sort_order=EXCLUDED.sort_order, is_free_sample=EXCLUDED.is_free_sample;
INSERT INTO words (word_id, korean, romanization, content_version) VALUES ('w-pr-207', '해', 'hae', 1) ON CONFLICT (word_id) DO UPDATE SET korean=EXCLUDED.korean, romanization=EXCLUDED.romanization;
INSERT INTO word_translations (word_id, locale, gloss, gloss_short, example_ko, example_en, content_version) VALUES ('w-pr-207', 'en-US', 'sun', 'sun', '해가 떴어요.', 'The sun has risen.', 1) ON CONFLICT (word_id, locale) DO UPDATE SET gloss=EXCLUDED.gloss, gloss_short=EXCLUDED.gloss_short, example_ko=EXCLUDED.example_ko, example_en=EXCLUDED.example_en;
INSERT INTO word_pack_members (pack_id, word_id, sort_order, is_free_sample) VALUES ('premium-pack-001', 'w-pr-207', 206, FALSE) ON CONFLICT (pack_id, word_id) DO UPDATE SET sort_order=EXCLUDED.sort_order, is_free_sample=EXCLUDED.is_free_sample;
INSERT INTO words (word_id, korean, romanization, content_version) VALUES ('w-pr-208', '꽃', 'kkot', 1) ON CONFLICT (word_id) DO UPDATE SET korean=EXCLUDED.korean, romanization=EXCLUDED.romanization;
INSERT INTO word_translations (word_id, locale, gloss, gloss_short, example_ko, example_en, content_version) VALUES ('w-pr-208', 'en-US', 'flower', 'flower', '꽃이 폈어요.', 'The flower bloomed.', 1) ON CONFLICT (word_id, locale) DO UPDATE SET gloss=EXCLUDED.gloss, gloss_short=EXCLUDED.gloss_short, example_ko=EXCLUDED.example_ko, example_en=EXCLUDED.example_en;
INSERT INTO word_pack_members (pack_id, word_id, sort_order, is_free_sample) VALUES ('premium-pack-001', 'w-pr-208', 207, FALSE) ON CONFLICT (pack_id, word_id) DO UPDATE SET sort_order=EXCLUDED.sort_order, is_free_sample=EXCLUDED.is_free_sample;
INSERT INTO words (word_id, korean, romanization, content_version) VALUES ('w-pr-209', '나무', 'na-mu', 1) ON CONFLICT (word_id) DO UPDATE SET korean=EXCLUDED.korean, romanization=EXCLUDED.romanization;
INSERT INTO word_translations (word_id, locale, gloss, gloss_short, example_ko, example_en, content_version) VALUES ('w-pr-209', 'en-US', 'tree', 'tree', '나무가 커요.', 'The tree is big.', 1) ON CONFLICT (word_id, locale) DO UPDATE SET gloss=EXCLUDED.gloss, gloss_short=EXCLUDED.gloss_short, example_ko=EXCLUDED.example_ko, example_en=EXCLUDED.example_en;
INSERT INTO word_pack_members (pack_id, word_id, sort_order, is_free_sample) VALUES ('premium-pack-001', 'w-pr-209', 208, FALSE) ON CONFLICT (pack_id, word_id) DO UPDATE SET sort_order=EXCLUDED.sort_order, is_free_sample=EXCLUDED.is_free_sample;
INSERT INTO words (word_id, korean, romanization, content_version) VALUES ('w-pr-210', '공원', 'gong-won', 1) ON CONFLICT (word_id) DO UPDATE SET korean=EXCLUDED.korean, romanization=EXCLUDED.romanization;
INSERT INTO word_translations (word_id, locale, gloss, gloss_short, example_ko, example_en, content_version) VALUES ('w-pr-210', 'en-US', 'park', 'park', '공원에서 만나요.', 'Let''s meet at the park.', 1) ON CONFLICT (word_id, locale) DO UPDATE SET gloss=EXCLUDED.gloss, gloss_short=EXCLUDED.gloss_short, example_ko=EXCLUDED.example_ko, example_en=EXCLUDED.example_en;
INSERT INTO word_pack_members (pack_id, word_id, sort_order, is_free_sample) VALUES ('premium-pack-001', 'w-pr-210', 209, FALSE) ON CONFLICT (pack_id, word_id) DO UPDATE SET sort_order=EXCLUDED.sort_order, is_free_sample=EXCLUDED.is_free_sample;
INSERT INTO words (word_id, korean, romanization, content_version) VALUES ('w-pr-211', '강아지', 'gang-a-ji', 1) ON CONFLICT (word_id) DO UPDATE SET korean=EXCLUDED.korean, romanization=EXCLUDED.romanization;
INSERT INTO word_translations (word_id, locale, gloss, gloss_short, example_ko, example_en, content_version) VALUES ('w-pr-211', 'en-US', 'puppy / dog', 'puppy / dog', '강아지 귀여워요.', 'The puppy is cute.', 1) ON CONFLICT (word_id, locale) DO UPDATE SET gloss=EXCLUDED.gloss, gloss_short=EXCLUDED.gloss_short, example_ko=EXCLUDED.example_ko, example_en=EXCLUDED.example_en;
INSERT INTO word_pack_members (pack_id, word_id, sort_order, is_free_sample) VALUES ('premium-pack-001', 'w-pr-211', 210, FALSE) ON CONFLICT (pack_id, word_id) DO UPDATE SET sort_order=EXCLUDED.sort_order, is_free_sample=EXCLUDED.is_free_sample;
INSERT INTO words (word_id, korean, romanization, content_version) VALUES ('w-pr-212', '고양이', 'go-yang-i', 1) ON CONFLICT (word_id) DO UPDATE SET korean=EXCLUDED.korean, romanization=EXCLUDED.romanization;
INSERT INTO word_translations (word_id, locale, gloss, gloss_short, example_ko, example_en, content_version) VALUES ('w-pr-212', 'en-US', 'cat', 'cat', '고양이가 자요.', 'The cat is sleeping.', 1) ON CONFLICT (word_id, locale) DO UPDATE SET gloss=EXCLUDED.gloss, gloss_short=EXCLUDED.gloss_short, example_ko=EXCLUDED.example_ko, example_en=EXCLUDED.example_en;
INSERT INTO word_pack_members (pack_id, word_id, sort_order, is_free_sample) VALUES ('premium-pack-001', 'w-pr-212', 211, FALSE) ON CONFLICT (pack_id, word_id) DO UPDATE SET sort_order=EXCLUDED.sort_order, is_free_sample=EXCLUDED.is_free_sample;
INSERT INTO words (word_id, korean, romanization, content_version) VALUES ('w-pr-213', '새', 'sae', 1) ON CONFLICT (word_id) DO UPDATE SET korean=EXCLUDED.korean, romanization=EXCLUDED.romanization;
INSERT INTO word_translations (word_id, locale, gloss, gloss_short, example_ko, example_en, content_version) VALUES ('w-pr-213', 'en-US', 'bird', 'bird', '새가 날아요.', 'The bird is flying.', 1) ON CONFLICT (word_id, locale) DO UPDATE SET gloss=EXCLUDED.gloss, gloss_short=EXCLUDED.gloss_short, example_ko=EXCLUDED.example_ko, example_en=EXCLUDED.example_en;
INSERT INTO word_pack_members (pack_id, word_id, sort_order, is_free_sample) VALUES ('premium-pack-001', 'w-pr-213', 212, FALSE) ON CONFLICT (pack_id, word_id) DO UPDATE SET sort_order=EXCLUDED.sort_order, is_free_sample=EXCLUDED.is_free_sample;
INSERT INTO words (word_id, korean, romanization, content_version) VALUES ('w-pr-214', '물고기', 'mul-go-gi', 1) ON CONFLICT (word_id) DO UPDATE SET korean=EXCLUDED.korean, romanization=EXCLUDED.romanization;
INSERT INTO word_translations (word_id, locale, gloss, gloss_short, example_ko, example_en, content_version) VALUES ('w-pr-214', 'en-US', 'fish', 'fish', '물고기 봐요.', 'Look at the fish.', 1) ON CONFLICT (word_id, locale) DO UPDATE SET gloss=EXCLUDED.gloss, gloss_short=EXCLUDED.gloss_short, example_ko=EXCLUDED.example_ko, example_en=EXCLUDED.example_en;
INSERT INTO word_pack_members (pack_id, word_id, sort_order, is_free_sample) VALUES ('premium-pack-001', 'w-pr-214', 213, FALSE) ON CONFLICT (pack_id, word_id) DO UPDATE SET sort_order=EXCLUDED.sort_order, is_free_sample=EXCLUDED.is_free_sample;
INSERT INTO words (word_id, korean, romanization, content_version) VALUES ('w-pr-215', '돼지', 'dwae-ji', 1) ON CONFLICT (word_id) DO UPDATE SET korean=EXCLUDED.korean, romanization=EXCLUDED.romanization;
INSERT INTO word_translations (word_id, locale, gloss, gloss_short, example_ko, example_en, content_version) VALUES ('w-pr-215', 'en-US', 'pig', 'pig', '돼지가 귀여워요.', 'The pig is cute.', 1) ON CONFLICT (word_id, locale) DO UPDATE SET gloss=EXCLUDED.gloss, gloss_short=EXCLUDED.gloss_short, example_ko=EXCLUDED.example_ko, example_en=EXCLUDED.example_en;
INSERT INTO word_pack_members (pack_id, word_id, sort_order, is_free_sample) VALUES ('premium-pack-001', 'w-pr-215', 214, FALSE) ON CONFLICT (pack_id, word_id) DO UPDATE SET sort_order=EXCLUDED.sort_order, is_free_sample=EXCLUDED.is_free_sample;
INSERT INTO words (word_id, korean, romanization, content_version) VALUES ('w-pr-216', '소', 'so', 1) ON CONFLICT (word_id) DO UPDATE SET korean=EXCLUDED.korean, romanization=EXCLUDED.romanization;
INSERT INTO word_translations (word_id, locale, gloss, gloss_short, example_ko, example_en, content_version) VALUES ('w-pr-216', 'en-US', 'cow', 'cow', '소가 풀 먹어요.', 'The cow is eating grass.', 1) ON CONFLICT (word_id, locale) DO UPDATE SET gloss=EXCLUDED.gloss, gloss_short=EXCLUDED.gloss_short, example_ko=EXCLUDED.example_ko, example_en=EXCLUDED.example_en;
INSERT INTO word_pack_members (pack_id, word_id, sort_order, is_free_sample) VALUES ('premium-pack-001', 'w-pr-216', 215, FALSE) ON CONFLICT (pack_id, word_id) DO UPDATE SET sort_order=EXCLUDED.sort_order, is_free_sample=EXCLUDED.is_free_sample;
INSERT INTO words (word_id, korean, romanization, content_version) VALUES ('w-pr-217', '곰', 'gom', 1) ON CONFLICT (word_id) DO UPDATE SET korean=EXCLUDED.korean, romanization=EXCLUDED.romanization;
INSERT INTO word_translations (word_id, locale, gloss, gloss_short, example_ko, example_en, content_version) VALUES ('w-pr-217', 'en-US', 'bear', 'bear', '곰이 커요.', 'The bear is big.', 1) ON CONFLICT (word_id, locale) DO UPDATE SET gloss=EXCLUDED.gloss, gloss_short=EXCLUDED.gloss_short, example_ko=EXCLUDED.example_ko, example_en=EXCLUDED.example_en;
INSERT INTO word_pack_members (pack_id, word_id, sort_order, is_free_sample) VALUES ('premium-pack-001', 'w-pr-217', 216, FALSE) ON CONFLICT (pack_id, word_id) DO UPDATE SET sort_order=EXCLUDED.sort_order, is_free_sample=EXCLUDED.is_free_sample;
INSERT INTO words (word_id, korean, romanization, content_version) VALUES ('w-pr-218', '토끼', 'to-kki', 1) ON CONFLICT (word_id) DO UPDATE SET korean=EXCLUDED.korean, romanization=EXCLUDED.romanization;
INSERT INTO word_translations (word_id, locale, gloss, gloss_short, example_ko, example_en, content_version) VALUES ('w-pr-218', 'en-US', 'rabbit', 'rabbit', '토끼가 빨라요.', 'The rabbit is fast.', 1) ON CONFLICT (word_id, locale) DO UPDATE SET gloss=EXCLUDED.gloss, gloss_short=EXCLUDED.gloss_short, example_ko=EXCLUDED.example_ko, example_en=EXCLUDED.example_en;
INSERT INTO word_pack_members (pack_id, word_id, sort_order, is_free_sample) VALUES ('premium-pack-001', 'w-pr-218', 217, FALSE) ON CONFLICT (pack_id, word_id) DO UPDATE SET sort_order=EXCLUDED.sort_order, is_free_sample=EXCLUDED.is_free_sample;
INSERT INTO words (word_id, korean, romanization, content_version) VALUES ('w-pr-219', '의자', 'ui-ja', 1) ON CONFLICT (word_id) DO UPDATE SET korean=EXCLUDED.korean, romanization=EXCLUDED.romanization;
INSERT INTO word_translations (word_id, locale, gloss, gloss_short, example_ko, example_en, content_version) VALUES ('w-pr-219', 'en-US', 'chair', 'chair', '의자에 앉아요.', 'I sit on the chair.', 1) ON CONFLICT (word_id, locale) DO UPDATE SET gloss=EXCLUDED.gloss, gloss_short=EXCLUDED.gloss_short, example_ko=EXCLUDED.example_ko, example_en=EXCLUDED.example_en;
INSERT INTO word_pack_members (pack_id, word_id, sort_order, is_free_sample) VALUES ('premium-pack-001', 'w-pr-219', 218, FALSE) ON CONFLICT (pack_id, word_id) DO UPDATE SET sort_order=EXCLUDED.sort_order, is_free_sample=EXCLUDED.is_free_sample;
INSERT INTO words (word_id, korean, romanization, content_version) VALUES ('w-pr-220', '책상', 'chaek-sang', 1) ON CONFLICT (word_id) DO UPDATE SET korean=EXCLUDED.korean, romanization=EXCLUDED.romanization;
INSERT INTO word_translations (word_id, locale, gloss, gloss_short, example_ko, example_en, content_version) VALUES ('w-pr-220', 'en-US', 'desk', 'desk', '책상 위에 책 있어요.', 'There''s a book on the desk.', 1) ON CONFLICT (word_id, locale) DO UPDATE SET gloss=EXCLUDED.gloss, gloss_short=EXCLUDED.gloss_short, example_ko=EXCLUDED.example_ko, example_en=EXCLUDED.example_en;
INSERT INTO word_pack_members (pack_id, word_id, sort_order, is_free_sample) VALUES ('premium-pack-001', 'w-pr-220', 219, FALSE) ON CONFLICT (pack_id, word_id) DO UPDATE SET sort_order=EXCLUDED.sort_order, is_free_sample=EXCLUDED.is_free_sample;
INSERT INTO words (word_id, korean, romanization, content_version) VALUES ('w-pr-221', '거울', 'geo-ul', 1) ON CONFLICT (word_id) DO UPDATE SET korean=EXCLUDED.korean, romanization=EXCLUDED.romanization;
INSERT INTO word_translations (word_id, locale, gloss, gloss_short, example_ko, example_en, content_version) VALUES ('w-pr-221', 'en-US', 'mirror', 'mirror', '거울 봐요.', 'I look in the mirror.', 1) ON CONFLICT (word_id, locale) DO UPDATE SET gloss=EXCLUDED.gloss, gloss_short=EXCLUDED.gloss_short, example_ko=EXCLUDED.example_ko, example_en=EXCLUDED.example_en;
INSERT INTO word_pack_members (pack_id, word_id, sort_order, is_free_sample) VALUES ('premium-pack-001', 'w-pr-221', 220, FALSE) ON CONFLICT (pack_id, word_id) DO UPDATE SET sort_order=EXCLUDED.sort_order, is_free_sample=EXCLUDED.is_free_sample;
INSERT INTO words (word_id, korean, romanization, content_version) VALUES ('w-pr-222', '창문', 'chang-mun', 1) ON CONFLICT (word_id) DO UPDATE SET korean=EXCLUDED.korean, romanization=EXCLUDED.romanization;
INSERT INTO word_translations (word_id, locale, gloss, gloss_short, example_ko, example_en, content_version) VALUES ('w-pr-222', 'en-US', 'window', 'window', '창문 열어요.', 'I''m opening the window.', 1) ON CONFLICT (word_id, locale) DO UPDATE SET gloss=EXCLUDED.gloss, gloss_short=EXCLUDED.gloss_short, example_ko=EXCLUDED.example_ko, example_en=EXCLUDED.example_en;
INSERT INTO word_pack_members (pack_id, word_id, sort_order, is_free_sample) VALUES ('premium-pack-001', 'w-pr-222', 221, FALSE) ON CONFLICT (pack_id, word_id) DO UPDATE SET sort_order=EXCLUDED.sort_order, is_free_sample=EXCLUDED.is_free_sample;
INSERT INTO words (word_id, korean, romanization, content_version) VALUES ('w-pr-223', '문', 'mun', 1) ON CONFLICT (word_id) DO UPDATE SET korean=EXCLUDED.korean, romanization=EXCLUDED.romanization;
INSERT INTO word_translations (word_id, locale, gloss, gloss_short, example_ko, example_en, content_version) VALUES ('w-pr-223', 'en-US', 'door', 'door', '문 닫아 주세요.', 'Please close the door.', 1) ON CONFLICT (word_id, locale) DO UPDATE SET gloss=EXCLUDED.gloss, gloss_short=EXCLUDED.gloss_short, example_ko=EXCLUDED.example_ko, example_en=EXCLUDED.example_en;
INSERT INTO word_pack_members (pack_id, word_id, sort_order, is_free_sample) VALUES ('premium-pack-001', 'w-pr-223', 222, FALSE) ON CONFLICT (pack_id, word_id) DO UPDATE SET sort_order=EXCLUDED.sort_order, is_free_sample=EXCLUDED.is_free_sample;
INSERT INTO words (word_id, korean, romanization, content_version) VALUES ('w-pr-224', '컴퓨터', 'keom-pyu-teo', 1) ON CONFLICT (word_id) DO UPDATE SET korean=EXCLUDED.korean, romanization=EXCLUDED.romanization;
INSERT INTO word_translations (word_id, locale, gloss, gloss_short, example_ko, example_en, content_version) VALUES ('w-pr-224', 'en-US', 'computer', 'computer', '컴퓨터 켜요.', 'I''m turning on the computer.', 1) ON CONFLICT (word_id, locale) DO UPDATE SET gloss=EXCLUDED.gloss, gloss_short=EXCLUDED.gloss_short, example_ko=EXCLUDED.example_ko, example_en=EXCLUDED.example_en;
INSERT INTO word_pack_members (pack_id, word_id, sort_order, is_free_sample) VALUES ('premium-pack-001', 'w-pr-224', 223, FALSE) ON CONFLICT (pack_id, word_id) DO UPDATE SET sort_order=EXCLUDED.sort_order, is_free_sample=EXCLUDED.is_free_sample;
INSERT INTO words (word_id, korean, romanization, content_version) VALUES ('w-pr-225', '핸드폰', 'haen-deu-pon', 1) ON CONFLICT (word_id) DO UPDATE SET korean=EXCLUDED.korean, romanization=EXCLUDED.romanization;
INSERT INTO word_translations (word_id, locale, gloss, gloss_short, example_ko, example_en, content_version) VALUES ('w-pr-225', 'en-US', 'cellphone', 'cellphone', '핸드폰 어디 있어요?', 'Where is my phone?', 1) ON CONFLICT (word_id, locale) DO UPDATE SET gloss=EXCLUDED.gloss, gloss_short=EXCLUDED.gloss_short, example_ko=EXCLUDED.example_ko, example_en=EXCLUDED.example_en;
INSERT INTO word_pack_members (pack_id, word_id, sort_order, is_free_sample) VALUES ('premium-pack-001', 'w-pr-225', 224, FALSE) ON CONFLICT (pack_id, word_id) DO UPDATE SET sort_order=EXCLUDED.sort_order, is_free_sample=EXCLUDED.is_free_sample;
INSERT INTO words (word_id, korean, romanization, content_version) VALUES ('w-pr-226', '우산', 'u-san', 1) ON CONFLICT (word_id) DO UPDATE SET korean=EXCLUDED.korean, romanization=EXCLUDED.romanization;
INSERT INTO word_translations (word_id, locale, gloss, gloss_short, example_ko, example_en, content_version) VALUES ('w-pr-226', 'en-US', 'umbrella', 'umbrella', '우산 가져왔어요.', 'I brought an umbrella.', 1) ON CONFLICT (word_id, locale) DO UPDATE SET gloss=EXCLUDED.gloss, gloss_short=EXCLUDED.gloss_short, example_ko=EXCLUDED.example_ko, example_en=EXCLUDED.example_en;
INSERT INTO word_pack_members (pack_id, word_id, sort_order, is_free_sample) VALUES ('premium-pack-001', 'w-pr-226', 225, FALSE) ON CONFLICT (pack_id, word_id) DO UPDATE SET sort_order=EXCLUDED.sort_order, is_free_sample=EXCLUDED.is_free_sample;
INSERT INTO words (word_id, korean, romanization, content_version) VALUES ('w-pr-227', '열쇠', 'yeol-soe', 1) ON CONFLICT (word_id) DO UPDATE SET korean=EXCLUDED.korean, romanization=EXCLUDED.romanization;
INSERT INTO word_translations (word_id, locale, gloss, gloss_short, example_ko, example_en, content_version) VALUES ('w-pr-227', 'en-US', 'key', 'key', '열쇠 잃어버렸어요.', 'I lost the key.', 1) ON CONFLICT (word_id, locale) DO UPDATE SET gloss=EXCLUDED.gloss, gloss_short=EXCLUDED.gloss_short, example_ko=EXCLUDED.example_ko, example_en=EXCLUDED.example_en;
INSERT INTO word_pack_members (pack_id, word_id, sort_order, is_free_sample) VALUES ('premium-pack-001', 'w-pr-227', 226, FALSE) ON CONFLICT (pack_id, word_id) DO UPDATE SET sort_order=EXCLUDED.sort_order, is_free_sample=EXCLUDED.is_free_sample;
INSERT INTO words (word_id, korean, romanization, content_version) VALUES ('w-pr-228', '사전', 'sa-jeon', 1) ON CONFLICT (word_id) DO UPDATE SET korean=EXCLUDED.korean, romanization=EXCLUDED.romanization;
INSERT INTO word_translations (word_id, locale, gloss, gloss_short, example_ko, example_en, content_version) VALUES ('w-pr-228', 'en-US', 'dictionary', 'dictionary', '사전 보세요.', 'Please look at the dictionary.', 1) ON CONFLICT (word_id, locale) DO UPDATE SET gloss=EXCLUDED.gloss, gloss_short=EXCLUDED.gloss_short, example_ko=EXCLUDED.example_ko, example_en=EXCLUDED.example_en;
INSERT INTO word_pack_members (pack_id, word_id, sort_order, is_free_sample) VALUES ('premium-pack-001', 'w-pr-228', 227, FALSE) ON CONFLICT (pack_id, word_id) DO UPDATE SET sort_order=EXCLUDED.sort_order, is_free_sample=EXCLUDED.is_free_sample;
INSERT INTO words (word_id, korean, romanization, content_version) VALUES ('w-pr-229', '가요', 'ga-yo', 1) ON CONFLICT (word_id) DO UPDATE SET korean=EXCLUDED.korean, romanization=EXCLUDED.romanization;
INSERT INTO word_translations (word_id, locale, gloss, gloss_short, example_ko, example_en, content_version) VALUES ('w-pr-229', 'en-US', 'I go', 'I go', '학교에 가요.', 'I''m going to school.', 1) ON CONFLICT (word_id, locale) DO UPDATE SET gloss=EXCLUDED.gloss, gloss_short=EXCLUDED.gloss_short, example_ko=EXCLUDED.example_ko, example_en=EXCLUDED.example_en;
INSERT INTO word_pack_members (pack_id, word_id, sort_order, is_free_sample) VALUES ('premium-pack-001', 'w-pr-229', 228, FALSE) ON CONFLICT (pack_id, word_id) DO UPDATE SET sort_order=EXCLUDED.sort_order, is_free_sample=EXCLUDED.is_free_sample;
INSERT INTO words (word_id, korean, romanization, content_version) VALUES ('w-pr-230', '와요', 'wa-yo', 1) ON CONFLICT (word_id) DO UPDATE SET korean=EXCLUDED.korean, romanization=EXCLUDED.romanization;
INSERT INTO word_translations (word_id, locale, gloss, gloss_short, example_ko, example_en, content_version) VALUES ('w-pr-230', 'en-US', 'I come', 'I come', '친구가 와요.', 'My friend is coming.', 1) ON CONFLICT (word_id, locale) DO UPDATE SET gloss=EXCLUDED.gloss, gloss_short=EXCLUDED.gloss_short, example_ko=EXCLUDED.example_ko, example_en=EXCLUDED.example_en;
INSERT INTO word_pack_members (pack_id, word_id, sort_order, is_free_sample) VALUES ('premium-pack-001', 'w-pr-230', 229, FALSE) ON CONFLICT (pack_id, word_id) DO UPDATE SET sort_order=EXCLUDED.sort_order, is_free_sample=EXCLUDED.is_free_sample;
INSERT INTO words (word_id, korean, romanization, content_version) VALUES ('w-pr-231', '보세요', 'bo-se-yo', 1) ON CONFLICT (word_id) DO UPDATE SET korean=EXCLUDED.korean, romanization=EXCLUDED.romanization;
INSERT INTO word_translations (word_id, locale, gloss, gloss_short, example_ko, example_en, content_version) VALUES ('w-pr-231', 'en-US', 'please look', 'please look', '이거 보세요.', 'Please look at this.', 1) ON CONFLICT (word_id, locale) DO UPDATE SET gloss=EXCLUDED.gloss, gloss_short=EXCLUDED.gloss_short, example_ko=EXCLUDED.example_ko, example_en=EXCLUDED.example_en;
INSERT INTO word_pack_members (pack_id, word_id, sort_order, is_free_sample) VALUES ('premium-pack-001', 'w-pr-231', 230, FALSE) ON CONFLICT (pack_id, word_id) DO UPDATE SET sort_order=EXCLUDED.sort_order, is_free_sample=EXCLUDED.is_free_sample;
INSERT INTO words (word_id, korean, romanization, content_version) VALUES ('w-pr-232', '찾아요', 'cha-ja-yo', 1) ON CONFLICT (word_id) DO UPDATE SET korean=EXCLUDED.korean, romanization=EXCLUDED.romanization;
INSERT INTO word_translations (word_id, locale, gloss, gloss_short, example_ko, example_en, content_version) VALUES ('w-pr-232', 'en-US', 'I search', 'I search', '지갑 찾아요.', 'I''m looking for my wallet.', 1) ON CONFLICT (word_id, locale) DO UPDATE SET gloss=EXCLUDED.gloss, gloss_short=EXCLUDED.gloss_short, example_ko=EXCLUDED.example_ko, example_en=EXCLUDED.example_en;
INSERT INTO word_pack_members (pack_id, word_id, sort_order, is_free_sample) VALUES ('premium-pack-001', 'w-pr-232', 231, FALSE) ON CONFLICT (pack_id, word_id) DO UPDATE SET sort_order=EXCLUDED.sort_order, is_free_sample=EXCLUDED.is_free_sample;
INSERT INTO words (word_id, korean, romanization, content_version) VALUES ('w-pr-233', '기다려요', 'gi-da-ryeo-yo', 1) ON CONFLICT (word_id) DO UPDATE SET korean=EXCLUDED.korean, romanization=EXCLUDED.romanization;
INSERT INTO word_translations (word_id, locale, gloss, gloss_short, example_ko, example_en, content_version) VALUES ('w-pr-233', 'en-US', 'I wait', 'I wait', '여기서 기다려요.', 'I''m waiting here.', 1) ON CONFLICT (word_id, locale) DO UPDATE SET gloss=EXCLUDED.gloss, gloss_short=EXCLUDED.gloss_short, example_ko=EXCLUDED.example_ko, example_en=EXCLUDED.example_en;
INSERT INTO word_pack_members (pack_id, word_id, sort_order, is_free_sample) VALUES ('premium-pack-001', 'w-pr-233', 232, FALSE) ON CONFLICT (pack_id, word_id) DO UPDATE SET sort_order=EXCLUDED.sort_order, is_free_sample=EXCLUDED.is_free_sample;
INSERT INTO words (word_id, korean, romanization, content_version) VALUES ('w-pr-234', '만나요', 'man-na-yo', 1) ON CONFLICT (word_id) DO UPDATE SET korean=EXCLUDED.korean, romanization=EXCLUDED.romanization;
INSERT INTO word_translations (word_id, locale, gloss, gloss_short, example_ko, example_en, content_version) VALUES ('w-pr-234', 'en-US', 'I meet', 'I meet', '친구를 만나요.', 'I''m meeting a friend.', 1) ON CONFLICT (word_id, locale) DO UPDATE SET gloss=EXCLUDED.gloss, gloss_short=EXCLUDED.gloss_short, example_ko=EXCLUDED.example_ko, example_en=EXCLUDED.example_en;
INSERT INTO word_pack_members (pack_id, word_id, sort_order, is_free_sample) VALUES ('premium-pack-001', 'w-pr-234', 233, FALSE) ON CONFLICT (pack_id, word_id) DO UPDATE SET sort_order=EXCLUDED.sort_order, is_free_sample=EXCLUDED.is_free_sample;
INSERT INTO words (word_id, korean, romanization, content_version) VALUES ('w-pr-235', '사요', 'sa-yo', 1) ON CONFLICT (word_id) DO UPDATE SET korean=EXCLUDED.korean, romanization=EXCLUDED.romanization;
INSERT INTO word_translations (word_id, locale, gloss, gloss_short, example_ko, example_en, content_version) VALUES ('w-pr-235', 'en-US', 'I buy', 'I buy', '옷 사요.', 'I''m buying clothes.', 1) ON CONFLICT (word_id, locale) DO UPDATE SET gloss=EXCLUDED.gloss, gloss_short=EXCLUDED.gloss_short, example_ko=EXCLUDED.example_ko, example_en=EXCLUDED.example_en;
INSERT INTO word_pack_members (pack_id, word_id, sort_order, is_free_sample) VALUES ('premium-pack-001', 'w-pr-235', 234, FALSE) ON CONFLICT (pack_id, word_id) DO UPDATE SET sort_order=EXCLUDED.sort_order, is_free_sample=EXCLUDED.is_free_sample;
INSERT INTO words (word_id, korean, romanization, content_version) VALUES ('w-pr-236', '팔아요', 'pa-ra-yo', 1) ON CONFLICT (word_id) DO UPDATE SET korean=EXCLUDED.korean, romanization=EXCLUDED.romanization;
INSERT INTO word_translations (word_id, locale, gloss, gloss_short, example_ko, example_en, content_version) VALUES ('w-pr-236', 'en-US', 'I sell', 'I sell', '이거 팔아요?', 'Do you sell this?', 1) ON CONFLICT (word_id, locale) DO UPDATE SET gloss=EXCLUDED.gloss, gloss_short=EXCLUDED.gloss_short, example_ko=EXCLUDED.example_ko, example_en=EXCLUDED.example_en;
INSERT INTO word_pack_members (pack_id, word_id, sort_order, is_free_sample) VALUES ('premium-pack-001', 'w-pr-236', 235, FALSE) ON CONFLICT (pack_id, word_id) DO UPDATE SET sort_order=EXCLUDED.sort_order, is_free_sample=EXCLUDED.is_free_sample;
INSERT INTO words (word_id, korean, romanization, content_version) VALUES ('w-pr-237', '도와요', 'do-wa-yo', 1) ON CONFLICT (word_id) DO UPDATE SET korean=EXCLUDED.korean, romanization=EXCLUDED.romanization;
INSERT INTO word_translations (word_id, locale, gloss, gloss_short, example_ko, example_en, content_version) VALUES ('w-pr-237', 'en-US', 'I help', 'I help', '친구를 도와요.', 'I''m helping my friend.', 1) ON CONFLICT (word_id, locale) DO UPDATE SET gloss=EXCLUDED.gloss, gloss_short=EXCLUDED.gloss_short, example_ko=EXCLUDED.example_ko, example_en=EXCLUDED.example_en;
INSERT INTO word_pack_members (pack_id, word_id, sort_order, is_free_sample) VALUES ('premium-pack-001', 'w-pr-237', 236, FALSE) ON CONFLICT (pack_id, word_id) DO UPDATE SET sort_order=EXCLUDED.sort_order, is_free_sample=EXCLUDED.is_free_sample;
INSERT INTO words (word_id, korean, romanization, content_version) VALUES ('w-pr-238', '주워요', 'ju-wo-yo', 1) ON CONFLICT (word_id) DO UPDATE SET korean=EXCLUDED.korean, romanization=EXCLUDED.romanization;
INSERT INTO word_translations (word_id, locale, gloss, gloss_short, example_ko, example_en, content_version) VALUES ('w-pr-238', 'en-US', 'I pick up', 'I pick up', '쓰레기 주워요.', 'I''m picking up trash.', 1) ON CONFLICT (word_id, locale) DO UPDATE SET gloss=EXCLUDED.gloss, gloss_short=EXCLUDED.gloss_short, example_ko=EXCLUDED.example_ko, example_en=EXCLUDED.example_en;
INSERT INTO word_pack_members (pack_id, word_id, sort_order, is_free_sample) VALUES ('premium-pack-001', 'w-pr-238', 237, FALSE) ON CONFLICT (pack_id, word_id) DO UPDATE SET sort_order=EXCLUDED.sort_order, is_free_sample=EXCLUDED.is_free_sample;
INSERT INTO words (word_id, korean, romanization, content_version) VALUES ('w-pr-239', '버려요', 'beo-ryeo-yo', 1) ON CONFLICT (word_id) DO UPDATE SET korean=EXCLUDED.korean, romanization=EXCLUDED.romanization;
INSERT INTO word_translations (word_id, locale, gloss, gloss_short, example_ko, example_en, content_version) VALUES ('w-pr-239', 'en-US', 'I throw away', 'I throw away', '쓰레기 버려요.', 'I''m throwing away the trash.', 1) ON CONFLICT (word_id, locale) DO UPDATE SET gloss=EXCLUDED.gloss, gloss_short=EXCLUDED.gloss_short, example_ko=EXCLUDED.example_ko, example_en=EXCLUDED.example_en;
INSERT INTO word_pack_members (pack_id, word_id, sort_order, is_free_sample) VALUES ('premium-pack-001', 'w-pr-239', 238, FALSE) ON CONFLICT (pack_id, word_id) DO UPDATE SET sort_order=EXCLUDED.sort_order, is_free_sample=EXCLUDED.is_free_sample;
INSERT INTO words (word_id, korean, romanization, content_version) VALUES ('w-pr-240', '닫아요', 'da-da-yo', 1) ON CONFLICT (word_id) DO UPDATE SET korean=EXCLUDED.korean, romanization=EXCLUDED.romanization;
INSERT INTO word_translations (word_id, locale, gloss, gloss_short, example_ko, example_en, content_version) VALUES ('w-pr-240', 'en-US', 'I close', 'I close', '문 닫아요.', 'I''m closing the door.', 1) ON CONFLICT (word_id, locale) DO UPDATE SET gloss=EXCLUDED.gloss, gloss_short=EXCLUDED.gloss_short, example_ko=EXCLUDED.example_ko, example_en=EXCLUDED.example_en;
INSERT INTO word_pack_members (pack_id, word_id, sort_order, is_free_sample) VALUES ('premium-pack-001', 'w-pr-240', 239, FALSE) ON CONFLICT (pack_id, word_id) DO UPDATE SET sort_order=EXCLUDED.sort_order, is_free_sample=EXCLUDED.is_free_sample;
INSERT INTO words (word_id, korean, romanization, content_version) VALUES ('w-pr-241', '김밥', 'gim-bap', 1) ON CONFLICT (word_id) DO UPDATE SET korean=EXCLUDED.korean, romanization=EXCLUDED.romanization;
INSERT INTO word_translations (word_id, locale, gloss, gloss_short, example_ko, example_en, content_version) VALUES ('w-pr-241', 'en-US', 'gimbap (seaweed rice roll)', 'gimbap', '김밥 시켜요.', 'Let''s order gimbap.', 1) ON CONFLICT (word_id, locale) DO UPDATE SET gloss=EXCLUDED.gloss, gloss_short=EXCLUDED.gloss_short, example_ko=EXCLUDED.example_ko, example_en=EXCLUDED.example_en;
INSERT INTO word_pack_members (pack_id, word_id, sort_order, is_free_sample) VALUES ('premium-pack-001', 'w-pr-241', 240, FALSE) ON CONFLICT (pack_id, word_id) DO UPDATE SET sort_order=EXCLUDED.sort_order, is_free_sample=EXCLUDED.is_free_sample;
INSERT INTO words (word_id, korean, romanization, content_version) VALUES ('w-pr-242', '비빔밥', 'bi-bim-bap', 1) ON CONFLICT (word_id) DO UPDATE SET korean=EXCLUDED.korean, romanization=EXCLUDED.romanization;
INSERT INTO word_translations (word_id, locale, gloss, gloss_short, example_ko, example_en, content_version) VALUES ('w-pr-242', 'en-US', 'bibimbap (mixed rice)', 'bibimbap', '비빔밥 먹어요.', 'I''m eating bibimbap.', 1) ON CONFLICT (word_id, locale) DO UPDATE SET gloss=EXCLUDED.gloss, gloss_short=EXCLUDED.gloss_short, example_ko=EXCLUDED.example_ko, example_en=EXCLUDED.example_en;
INSERT INTO word_pack_members (pack_id, word_id, sort_order, is_free_sample) VALUES ('premium-pack-001', 'w-pr-242', 241, FALSE) ON CONFLICT (pack_id, word_id) DO UPDATE SET sort_order=EXCLUDED.sort_order, is_free_sample=EXCLUDED.is_free_sample;
INSERT INTO words (word_id, korean, romanization, content_version) VALUES ('w-pr-243', '된장찌개', 'doen-jang-jji-gae', 1) ON CONFLICT (word_id) DO UPDATE SET korean=EXCLUDED.korean, romanization=EXCLUDED.romanization;
INSERT INTO word_translations (word_id, locale, gloss, gloss_short, example_ko, example_en, content_version) VALUES ('w-pr-243', 'en-US', 'soybean paste stew', 'soybean paste stew', '된장찌개 맛있어요.', 'The doenjang stew is tasty.', 1) ON CONFLICT (word_id, locale) DO UPDATE SET gloss=EXCLUDED.gloss, gloss_short=EXCLUDED.gloss_short, example_ko=EXCLUDED.example_ko, example_en=EXCLUDED.example_en;
INSERT INTO word_pack_members (pack_id, word_id, sort_order, is_free_sample) VALUES ('premium-pack-001', 'w-pr-243', 242, FALSE) ON CONFLICT (pack_id, word_id) DO UPDATE SET sort_order=EXCLUDED.sort_order, is_free_sample=EXCLUDED.is_free_sample;
INSERT INTO words (word_id, korean, romanization, content_version) VALUES ('w-pr-244', '삼겹살', 'sam-gyeop-sal', 1) ON CONFLICT (word_id) DO UPDATE SET korean=EXCLUDED.korean, romanization=EXCLUDED.romanization;
INSERT INTO word_translations (word_id, locale, gloss, gloss_short, example_ko, example_en, content_version) VALUES ('w-pr-244', 'en-US', 'pork belly', 'pork belly', '삼겹살 먹어요.', 'Let''s eat samgyeopsal.', 1) ON CONFLICT (word_id, locale) DO UPDATE SET gloss=EXCLUDED.gloss, gloss_short=EXCLUDED.gloss_short, example_ko=EXCLUDED.example_ko, example_en=EXCLUDED.example_en;
INSERT INTO word_pack_members (pack_id, word_id, sort_order, is_free_sample) VALUES ('premium-pack-001', 'w-pr-244', 243, FALSE) ON CONFLICT (pack_id, word_id) DO UPDATE SET sort_order=EXCLUDED.sort_order, is_free_sample=EXCLUDED.is_free_sample;
INSERT INTO words (word_id, korean, romanization, content_version) VALUES ('w-pr-245', '막걸리', 'mak-geol-li', 1) ON CONFLICT (word_id) DO UPDATE SET korean=EXCLUDED.korean, romanization=EXCLUDED.romanization;
INSERT INTO word_translations (word_id, locale, gloss, gloss_short, example_ko, example_en, content_version) VALUES ('w-pr-245', 'en-US', 'rice wine', 'rice wine', '막걸리 한 잔 해요.', 'Let''s have makgeolli.', 1) ON CONFLICT (word_id, locale) DO UPDATE SET gloss=EXCLUDED.gloss, gloss_short=EXCLUDED.gloss_short, example_ko=EXCLUDED.example_ko, example_en=EXCLUDED.example_en;
INSERT INTO word_pack_members (pack_id, word_id, sort_order, is_free_sample) VALUES ('premium-pack-001', 'w-pr-245', 244, FALSE) ON CONFLICT (pack_id, word_id) DO UPDATE SET sort_order=EXCLUDED.sort_order, is_free_sample=EXCLUDED.is_free_sample;
INSERT INTO words (word_id, korean, romanization, content_version) VALUES ('w-pr-246', '맥주', 'maek-ju', 1) ON CONFLICT (word_id) DO UPDATE SET korean=EXCLUDED.korean, romanization=EXCLUDED.romanization;
INSERT INTO word_translations (word_id, locale, gloss, gloss_short, example_ko, example_en, content_version) VALUES ('w-pr-246', 'en-US', 'beer', 'beer', '맥주 시원해요.', 'The beer is cold.', 1) ON CONFLICT (word_id, locale) DO UPDATE SET gloss=EXCLUDED.gloss, gloss_short=EXCLUDED.gloss_short, example_ko=EXCLUDED.example_ko, example_en=EXCLUDED.example_en;
INSERT INTO word_pack_members (pack_id, word_id, sort_order, is_free_sample) VALUES ('premium-pack-001', 'w-pr-246', 245, FALSE) ON CONFLICT (pack_id, word_id) DO UPDATE SET sort_order=EXCLUDED.sort_order, is_free_sample=EXCLUDED.is_free_sample;
INSERT INTO words (word_id, korean, romanization, content_version) VALUES ('w-pr-247', '과일', 'gwa-il', 1) ON CONFLICT (word_id) DO UPDATE SET korean=EXCLUDED.korean, romanization=EXCLUDED.romanization;
INSERT INTO word_translations (word_id, locale, gloss, gloss_short, example_ko, example_en, content_version) VALUES ('w-pr-247', 'en-US', 'fruit', 'fruit', '과일 좋아해요.', 'I like fruit.', 1) ON CONFLICT (word_id, locale) DO UPDATE SET gloss=EXCLUDED.gloss, gloss_short=EXCLUDED.gloss_short, example_ko=EXCLUDED.example_ko, example_en=EXCLUDED.example_en;
INSERT INTO word_pack_members (pack_id, word_id, sort_order, is_free_sample) VALUES ('premium-pack-001', 'w-pr-247', 246, FALSE) ON CONFLICT (pack_id, word_id) DO UPDATE SET sort_order=EXCLUDED.sort_order, is_free_sample=EXCLUDED.is_free_sample;
INSERT INTO words (word_id, korean, romanization, content_version) VALUES ('w-pr-248', '채소', 'chae-so', 1) ON CONFLICT (word_id) DO UPDATE SET korean=EXCLUDED.korean, romanization=EXCLUDED.romanization;
INSERT INTO word_translations (word_id, locale, gloss, gloss_short, example_ko, example_en, content_version) VALUES ('w-pr-248', 'en-US', 'vegetable', 'vegetable', '채소 많이 먹어요.', 'I eat lots of vegetables.', 1) ON CONFLICT (word_id, locale) DO UPDATE SET gloss=EXCLUDED.gloss, gloss_short=EXCLUDED.gloss_short, example_ko=EXCLUDED.example_ko, example_en=EXCLUDED.example_en;
INSERT INTO word_pack_members (pack_id, word_id, sort_order, is_free_sample) VALUES ('premium-pack-001', 'w-pr-248', 247, FALSE) ON CONFLICT (pack_id, word_id) DO UPDATE SET sort_order=EXCLUDED.sort_order, is_free_sample=EXCLUDED.is_free_sample;
INSERT INTO words (word_id, korean, romanization, content_version) VALUES ('w-pr-249', '디저트', 'di-jeo-teu', 1) ON CONFLICT (word_id) DO UPDATE SET korean=EXCLUDED.korean, romanization=EXCLUDED.romanization;
INSERT INTO word_translations (word_id, locale, gloss, gloss_short, example_ko, example_en, content_version) VALUES ('w-pr-249', 'en-US', 'dessert', 'dessert', '디저트 먹을래요?', 'Want some dessert?', 1) ON CONFLICT (word_id, locale) DO UPDATE SET gloss=EXCLUDED.gloss, gloss_short=EXCLUDED.gloss_short, example_ko=EXCLUDED.example_ko, example_en=EXCLUDED.example_en;
INSERT INTO word_pack_members (pack_id, word_id, sort_order, is_free_sample) VALUES ('premium-pack-001', 'w-pr-249', 248, FALSE) ON CONFLICT (pack_id, word_id) DO UPDATE SET sort_order=EXCLUDED.sort_order, is_free_sample=EXCLUDED.is_free_sample;
INSERT INTO words (word_id, korean, romanization, content_version) VALUES ('w-pr-250', '음료', 'eum-nyo', 1) ON CONFLICT (word_id) DO UPDATE SET korean=EXCLUDED.korean, romanization=EXCLUDED.romanization;
INSERT INTO word_translations (word_id, locale, gloss, gloss_short, example_ko, example_en, content_version) VALUES ('w-pr-250', 'en-US', 'beverage / drink', 'beverage / drink', '음료 뭐 드릴까요?', 'What can I get you to drink?', 1) ON CONFLICT (word_id, locale) DO UPDATE SET gloss=EXCLUDED.gloss, gloss_short=EXCLUDED.gloss_short, example_ko=EXCLUDED.example_ko, example_en=EXCLUDED.example_en;
INSERT INTO word_pack_members (pack_id, word_id, sort_order, is_free_sample) VALUES ('premium-pack-001', 'w-pr-250', 249, FALSE) ON CONFLICT (pack_id, word_id) DO UPDATE SET sort_order=EXCLUDED.sort_order, is_free_sample=EXCLUDED.is_free_sample;
INSERT INTO words (word_id, korean, romanization, content_version) VALUES ('w-pr-251', '계약', 'gye-yak', 1) ON CONFLICT (word_id) DO UPDATE SET korean=EXCLUDED.korean, romanization=EXCLUDED.romanization;
INSERT INTO word_translations (word_id, locale, gloss, gloss_short, example_ko, example_en, content_version) VALUES ('w-pr-251', 'en-US', 'contract', 'contract', '계약 체결했어요.', 'We signed the contract.', 1) ON CONFLICT (word_id, locale) DO UPDATE SET gloss=EXCLUDED.gloss, gloss_short=EXCLUDED.gloss_short, example_ko=EXCLUDED.example_ko, example_en=EXCLUDED.example_en;
INSERT INTO word_pack_members (pack_id, word_id, sort_order, is_free_sample) VALUES ('premium-pack-001', 'w-pr-251', 250, FALSE) ON CONFLICT (pack_id, word_id) DO UPDATE SET sort_order=EXCLUDED.sort_order, is_free_sample=EXCLUDED.is_free_sample;
INSERT INTO words (word_id, korean, romanization, content_version) VALUES ('w-pr-252', '협의', 'hyeo-bui', 1) ON CONFLICT (word_id) DO UPDATE SET korean=EXCLUDED.korean, romanization=EXCLUDED.romanization;
INSERT INTO word_translations (word_id, locale, gloss, gloss_short, example_ko, example_en, content_version) VALUES ('w-pr-252', 'en-US', 'discussion / negotiation', 'discussion / negotiation', '협의 중이에요.', 'It''s under discussion.', 1) ON CONFLICT (word_id, locale) DO UPDATE SET gloss=EXCLUDED.gloss, gloss_short=EXCLUDED.gloss_short, example_ko=EXCLUDED.example_ko, example_en=EXCLUDED.example_en;
INSERT INTO word_pack_members (pack_id, word_id, sort_order, is_free_sample) VALUES ('premium-pack-001', 'w-pr-252', 251, FALSE) ON CONFLICT (pack_id, word_id) DO UPDATE SET sort_order=EXCLUDED.sort_order, is_free_sample=EXCLUDED.is_free_sample;
INSERT INTO words (word_id, korean, romanization, content_version) VALUES ('w-pr-253', '결정', 'gyeol-jeong', 1) ON CONFLICT (word_id) DO UPDATE SET korean=EXCLUDED.korean, romanization=EXCLUDED.romanization;
INSERT INTO word_translations (word_id, locale, gloss, gloss_short, example_ko, example_en, content_version) VALUES ('w-pr-253', 'en-US', 'decision', 'decision', '결정했어요.', 'I''ve decided.', 1) ON CONFLICT (word_id, locale) DO UPDATE SET gloss=EXCLUDED.gloss, gloss_short=EXCLUDED.gloss_short, example_ko=EXCLUDED.example_ko, example_en=EXCLUDED.example_en;
INSERT INTO word_pack_members (pack_id, word_id, sort_order, is_free_sample) VALUES ('premium-pack-001', 'w-pr-253', 252, FALSE) ON CONFLICT (pack_id, word_id) DO UPDATE SET sort_order=EXCLUDED.sort_order, is_free_sample=EXCLUDED.is_free_sample;
INSERT INTO words (word_id, korean, romanization, content_version) VALUES ('w-pr-254', '선택', 'seon-taek', 1) ON CONFLICT (word_id) DO UPDATE SET korean=EXCLUDED.korean, romanization=EXCLUDED.romanization;
INSERT INTO word_translations (word_id, locale, gloss, gloss_short, example_ko, example_en, content_version) VALUES ('w-pr-254', 'en-US', 'choice / selection', 'choice / selection', '선택하세요.', 'Please choose.', 1) ON CONFLICT (word_id, locale) DO UPDATE SET gloss=EXCLUDED.gloss, gloss_short=EXCLUDED.gloss_short, example_ko=EXCLUDED.example_ko, example_en=EXCLUDED.example_en;
INSERT INTO word_pack_members (pack_id, word_id, sort_order, is_free_sample) VALUES ('premium-pack-001', 'w-pr-254', 253, FALSE) ON CONFLICT (pack_id, word_id) DO UPDATE SET sort_order=EXCLUDED.sort_order, is_free_sample=EXCLUDED.is_free_sample;
INSERT INTO words (word_id, korean, romanization, content_version) VALUES ('w-pr-255', '공지', 'gong-ji', 1) ON CONFLICT (word_id) DO UPDATE SET korean=EXCLUDED.korean, romanization=EXCLUDED.romanization;
INSERT INTO word_translations (word_id, locale, gloss, gloss_short, example_ko, example_en, content_version) VALUES ('w-pr-255', 'en-US', 'announcement', 'announcement', '공지 확인했어요?', 'Did you see the announcement?', 1) ON CONFLICT (word_id, locale) DO UPDATE SET gloss=EXCLUDED.gloss, gloss_short=EXCLUDED.gloss_short, example_ko=EXCLUDED.example_ko, example_en=EXCLUDED.example_en;
INSERT INTO word_pack_members (pack_id, word_id, sort_order, is_free_sample) VALUES ('premium-pack-001', 'w-pr-255', 254, FALSE) ON CONFLICT (pack_id, word_id) DO UPDATE SET sort_order=EXCLUDED.sort_order, is_free_sample=EXCLUDED.is_free_sample;
INSERT INTO words (word_id, korean, romanization, content_version) VALUES ('w-pr-256', '안내', 'an-nae', 1) ON CONFLICT (word_id) DO UPDATE SET korean=EXCLUDED.korean, romanization=EXCLUDED.romanization;
INSERT INTO word_translations (word_id, locale, gloss, gloss_short, example_ko, example_en, content_version) VALUES ('w-pr-256', 'en-US', 'guidance / information', 'guidance / information', '안내 도와드릴게요.', 'I''ll help guide you.', 1) ON CONFLICT (word_id, locale) DO UPDATE SET gloss=EXCLUDED.gloss, gloss_short=EXCLUDED.gloss_short, example_ko=EXCLUDED.example_ko, example_en=EXCLUDED.example_en;
INSERT INTO word_pack_members (pack_id, word_id, sort_order, is_free_sample) VALUES ('premium-pack-001', 'w-pr-256', 255, FALSE) ON CONFLICT (pack_id, word_id) DO UPDATE SET sort_order=EXCLUDED.sort_order, is_free_sample=EXCLUDED.is_free_sample;
INSERT INTO words (word_id, korean, romanization, content_version) VALUES ('w-pr-257', '권유', 'gwo-nyu', 1) ON CONFLICT (word_id) DO UPDATE SET korean=EXCLUDED.korean, romanization=EXCLUDED.romanization;
INSERT INTO word_translations (word_id, locale, gloss, gloss_short, example_ko, example_en, content_version) VALUES ('w-pr-257', 'en-US', 'urging / recommendation', 'urging / recommendation', '친구가 권유했어요.', 'My friend recommended it.', 1) ON CONFLICT (word_id, locale) DO UPDATE SET gloss=EXCLUDED.gloss, gloss_short=EXCLUDED.gloss_short, example_ko=EXCLUDED.example_ko, example_en=EXCLUDED.example_en;
INSERT INTO word_pack_members (pack_id, word_id, sort_order, is_free_sample) VALUES ('premium-pack-001', 'w-pr-257', 256, FALSE) ON CONFLICT (pack_id, word_id) DO UPDATE SET sort_order=EXCLUDED.sort_order, is_free_sample=EXCLUDED.is_free_sample;
INSERT INTO words (word_id, korean, romanization, content_version) VALUES ('w-pr-258', '제안', 'je-an', 1) ON CONFLICT (word_id) DO UPDATE SET korean=EXCLUDED.korean, romanization=EXCLUDED.romanization;
INSERT INTO word_translations (word_id, locale, gloss, gloss_short, example_ko, example_en, content_version) VALUES ('w-pr-258', 'en-US', 'proposal', 'proposal', '좋은 제안이에요.', 'It''s a good proposal.', 1) ON CONFLICT (word_id, locale) DO UPDATE SET gloss=EXCLUDED.gloss, gloss_short=EXCLUDED.gloss_short, example_ko=EXCLUDED.example_ko, example_en=EXCLUDED.example_en;
INSERT INTO word_pack_members (pack_id, word_id, sort_order, is_free_sample) VALUES ('premium-pack-001', 'w-pr-258', 257, FALSE) ON CONFLICT (pack_id, word_id) DO UPDATE SET sort_order=EXCLUDED.sort_order, is_free_sample=EXCLUDED.is_free_sample;
INSERT INTO words (word_id, korean, romanization, content_version) VALUES ('w-pr-259', '발표', 'bal-pyo', 1) ON CONFLICT (word_id) DO UPDATE SET korean=EXCLUDED.korean, romanization=EXCLUDED.romanization;
INSERT INTO word_translations (word_id, locale, gloss, gloss_short, example_ko, example_en, content_version) VALUES ('w-pr-259', 'en-US', 'presentation', 'presentation', '내일 발표해요.', 'I''m presenting tomorrow.', 1) ON CONFLICT (word_id, locale) DO UPDATE SET gloss=EXCLUDED.gloss, gloss_short=EXCLUDED.gloss_short, example_ko=EXCLUDED.example_ko, example_en=EXCLUDED.example_en;
INSERT INTO word_pack_members (pack_id, word_id, sort_order, is_free_sample) VALUES ('premium-pack-001', 'w-pr-259', 258, FALSE) ON CONFLICT (pack_id, word_id) DO UPDATE SET sort_order=EXCLUDED.sort_order, is_free_sample=EXCLUDED.is_free_sample;
INSERT INTO words (word_id, korean, romanization, content_version) VALUES ('w-pr-260', '결과', 'gyeol-gwa', 1) ON CONFLICT (word_id) DO UPDATE SET korean=EXCLUDED.korean, romanization=EXCLUDED.romanization;
INSERT INTO word_translations (word_id, locale, gloss, gloss_short, example_ko, example_en, content_version) VALUES ('w-pr-260', 'en-US', 'result / outcome', 'result / outcome', '결과 좋아요.', 'The result is good.', 1) ON CONFLICT (word_id, locale) DO UPDATE SET gloss=EXCLUDED.gloss, gloss_short=EXCLUDED.gloss_short, example_ko=EXCLUDED.example_ko, example_en=EXCLUDED.example_en;
INSERT INTO word_pack_members (pack_id, word_id, sort_order, is_free_sample) VALUES ('premium-pack-001', 'w-pr-260', 259, FALSE) ON CONFLICT (pack_id, word_id) DO UPDATE SET sort_order=EXCLUDED.sort_order, is_free_sample=EXCLUDED.is_free_sample;
INSERT INTO words (word_id, korean, romanization, content_version) VALUES ('w-pr-261', '새것', 'sae-geot', 1) ON CONFLICT (word_id) DO UPDATE SET korean=EXCLUDED.korean, romanization=EXCLUDED.romanization;
INSERT INTO word_translations (word_id, locale, gloss, gloss_short, example_ko, example_en, content_version) VALUES ('w-pr-261', 'en-US', 'new (thing)', 'new', '새것이에요.', 'It''s a new one.', 1) ON CONFLICT (word_id, locale) DO UPDATE SET gloss=EXCLUDED.gloss, gloss_short=EXCLUDED.gloss_short, example_ko=EXCLUDED.example_ko, example_en=EXCLUDED.example_en;
INSERT INTO word_pack_members (pack_id, word_id, sort_order, is_free_sample) VALUES ('premium-pack-001', 'w-pr-261', 260, FALSE) ON CONFLICT (pack_id, word_id) DO UPDATE SET sort_order=EXCLUDED.sort_order, is_free_sample=EXCLUDED.is_free_sample;
INSERT INTO words (word_id, korean, romanization, content_version) VALUES ('w-pr-262', '오래됐어요', 'o-rae-dwae-sseo-yo', 1) ON CONFLICT (word_id) DO UPDATE SET korean=EXCLUDED.korean, romanization=EXCLUDED.romanization;
INSERT INTO word_translations (word_id, locale, gloss, gloss_short, example_ko, example_en, content_version) VALUES ('w-pr-262', 'en-US', 'it''s old', 'it''s old', '이 차 오래됐어요.', 'This car is old.', 1) ON CONFLICT (word_id, locale) DO UPDATE SET gloss=EXCLUDED.gloss, gloss_short=EXCLUDED.gloss_short, example_ko=EXCLUDED.example_ko, example_en=EXCLUDED.example_en;
INSERT INTO word_pack_members (pack_id, word_id, sort_order, is_free_sample) VALUES ('premium-pack-001', 'w-pr-262', 261, FALSE) ON CONFLICT (pack_id, word_id) DO UPDATE SET sort_order=EXCLUDED.sort_order, is_free_sample=EXCLUDED.is_free_sample;
INSERT INTO words (word_id, korean, romanization, content_version) VALUES ('w-pr-263', '깨끗해요', 'kkae-kkeu-tae-yo', 1) ON CONFLICT (word_id) DO UPDATE SET korean=EXCLUDED.korean, romanization=EXCLUDED.romanization;
INSERT INTO word_translations (word_id, locale, gloss, gloss_short, example_ko, example_en, content_version) VALUES ('w-pr-263', 'en-US', 'it''s clean', 'it''s clean', '방이 깨끗해요.', 'The room is clean.', 1) ON CONFLICT (word_id, locale) DO UPDATE SET gloss=EXCLUDED.gloss, gloss_short=EXCLUDED.gloss_short, example_ko=EXCLUDED.example_ko, example_en=EXCLUDED.example_en;
INSERT INTO word_pack_members (pack_id, word_id, sort_order, is_free_sample) VALUES ('premium-pack-001', 'w-pr-263', 262, FALSE) ON CONFLICT (pack_id, word_id) DO UPDATE SET sort_order=EXCLUDED.sort_order, is_free_sample=EXCLUDED.is_free_sample;
INSERT INTO words (word_id, korean, romanization, content_version) VALUES ('w-pr-264', '더러워요', 'deo-reo-wo-yo', 1) ON CONFLICT (word_id) DO UPDATE SET korean=EXCLUDED.korean, romanization=EXCLUDED.romanization;
INSERT INTO word_translations (word_id, locale, gloss, gloss_short, example_ko, example_en, content_version) VALUES ('w-pr-264', 'en-US', 'it''s dirty', 'it''s dirty', '신발이 더러워요.', 'The shoes are dirty.', 1) ON CONFLICT (word_id, locale) DO UPDATE SET gloss=EXCLUDED.gloss, gloss_short=EXCLUDED.gloss_short, example_ko=EXCLUDED.example_ko, example_en=EXCLUDED.example_en;
INSERT INTO word_pack_members (pack_id, word_id, sort_order, is_free_sample) VALUES ('premium-pack-001', 'w-pr-264', 263, FALSE) ON CONFLICT (pack_id, word_id) DO UPDATE SET sort_order=EXCLUDED.sort_order, is_free_sample=EXCLUDED.is_free_sample;
INSERT INTO words (word_id, korean, romanization, content_version) VALUES ('w-pr-265', '커요', 'keo-yo', 1) ON CONFLICT (word_id) DO UPDATE SET korean=EXCLUDED.korean, romanization=EXCLUDED.romanization;
INSERT INTO word_translations (word_id, locale, gloss, gloss_short, example_ko, example_en, content_version) VALUES ('w-pr-265', 'en-US', 'it''s big', 'it''s big', '방이 커요.', 'The room is big.', 1) ON CONFLICT (word_id, locale) DO UPDATE SET gloss=EXCLUDED.gloss, gloss_short=EXCLUDED.gloss_short, example_ko=EXCLUDED.example_ko, example_en=EXCLUDED.example_en;
INSERT INTO word_pack_members (pack_id, word_id, sort_order, is_free_sample) VALUES ('premium-pack-001', 'w-pr-265', 264, FALSE) ON CONFLICT (pack_id, word_id) DO UPDATE SET sort_order=EXCLUDED.sort_order, is_free_sample=EXCLUDED.is_free_sample;
INSERT INTO words (word_id, korean, romanization, content_version) VALUES ('w-pr-266', '작아요', 'ja-ga-yo', 1) ON CONFLICT (word_id) DO UPDATE SET korean=EXCLUDED.korean, romanization=EXCLUDED.romanization;
INSERT INTO word_translations (word_id, locale, gloss, gloss_short, example_ko, example_en, content_version) VALUES ('w-pr-266', 'en-US', 'it''s small', 'it''s small', '신발이 작아요.', 'The shoes are small.', 1) ON CONFLICT (word_id, locale) DO UPDATE SET gloss=EXCLUDED.gloss, gloss_short=EXCLUDED.gloss_short, example_ko=EXCLUDED.example_ko, example_en=EXCLUDED.example_en;
INSERT INTO word_pack_members (pack_id, word_id, sort_order, is_free_sample) VALUES ('premium-pack-001', 'w-pr-266', 265, FALSE) ON CONFLICT (pack_id, word_id) DO UPDATE SET sort_order=EXCLUDED.sort_order, is_free_sample=EXCLUDED.is_free_sample;
INSERT INTO words (word_id, korean, romanization, content_version) VALUES ('w-pr-267', '무거워요', 'mu-geo-wo-yo', 1) ON CONFLICT (word_id) DO UPDATE SET korean=EXCLUDED.korean, romanization=EXCLUDED.romanization;
INSERT INTO word_translations (word_id, locale, gloss, gloss_short, example_ko, example_en, content_version) VALUES ('w-pr-267', 'en-US', 'it''s heavy', 'it''s heavy', '가방이 무거워요.', 'The bag is heavy.', 1) ON CONFLICT (word_id, locale) DO UPDATE SET gloss=EXCLUDED.gloss, gloss_short=EXCLUDED.gloss_short, example_ko=EXCLUDED.example_ko, example_en=EXCLUDED.example_en;
INSERT INTO word_pack_members (pack_id, word_id, sort_order, is_free_sample) VALUES ('premium-pack-001', 'w-pr-267', 266, FALSE) ON CONFLICT (pack_id, word_id) DO UPDATE SET sort_order=EXCLUDED.sort_order, is_free_sample=EXCLUDED.is_free_sample;
INSERT INTO words (word_id, korean, romanization, content_version) VALUES ('w-pr-268', '가벼워요', 'ga-byeo-wo-yo', 1) ON CONFLICT (word_id) DO UPDATE SET korean=EXCLUDED.korean, romanization=EXCLUDED.romanization;
INSERT INTO word_translations (word_id, locale, gloss, gloss_short, example_ko, example_en, content_version) VALUES ('w-pr-268', 'en-US', 'it''s light', 'it''s light', '이 가방 가벼워요.', 'This bag is light.', 1) ON CONFLICT (word_id, locale) DO UPDATE SET gloss=EXCLUDED.gloss, gloss_short=EXCLUDED.gloss_short, example_ko=EXCLUDED.example_ko, example_en=EXCLUDED.example_en;
INSERT INTO word_pack_members (pack_id, word_id, sort_order, is_free_sample) VALUES ('premium-pack-001', 'w-pr-268', 267, FALSE) ON CONFLICT (pack_id, word_id) DO UPDATE SET sort_order=EXCLUDED.sort_order, is_free_sample=EXCLUDED.is_free_sample;
INSERT INTO words (word_id, korean, romanization, content_version) VALUES ('w-pr-269', '빨라요', 'ppal-la-yo', 1) ON CONFLICT (word_id) DO UPDATE SET korean=EXCLUDED.korean, romanization=EXCLUDED.romanization;
INSERT INTO word_translations (word_id, locale, gloss, gloss_short, example_ko, example_en, content_version) VALUES ('w-pr-269', 'en-US', 'it''s fast', 'it''s fast', '기차가 빨라요.', 'The train is fast.', 1) ON CONFLICT (word_id, locale) DO UPDATE SET gloss=EXCLUDED.gloss, gloss_short=EXCLUDED.gloss_short, example_ko=EXCLUDED.example_ko, example_en=EXCLUDED.example_en;
INSERT INTO word_pack_members (pack_id, word_id, sort_order, is_free_sample) VALUES ('premium-pack-001', 'w-pr-269', 268, FALSE) ON CONFLICT (pack_id, word_id) DO UPDATE SET sort_order=EXCLUDED.sort_order, is_free_sample=EXCLUDED.is_free_sample;
INSERT INTO words (word_id, korean, romanization, content_version) VALUES ('w-pr-270', '느려요', 'neu-ryeo-yo', 1) ON CONFLICT (word_id) DO UPDATE SET korean=EXCLUDED.korean, romanization=EXCLUDED.romanization;
INSERT INTO word_translations (word_id, locale, gloss, gloss_short, example_ko, example_en, content_version) VALUES ('w-pr-270', 'en-US', 'it''s slow', 'it''s slow', '버스가 느려요.', 'The bus is slow.', 1) ON CONFLICT (word_id, locale) DO UPDATE SET gloss=EXCLUDED.gloss, gloss_short=EXCLUDED.gloss_short, example_ko=EXCLUDED.example_ko, example_en=EXCLUDED.example_en;
INSERT INTO word_pack_members (pack_id, word_id, sort_order, is_free_sample) VALUES ('premium-pack-001', 'w-pr-270', 269, FALSE) ON CONFLICT (pack_id, word_id) DO UPDATE SET sort_order=EXCLUDED.sort_order, is_free_sample=EXCLUDED.is_free_sample;
INSERT INTO words (word_id, korean, romanization, content_version) VALUES ('w-pr-271', '완전', 'wan-jeon', 1) ON CONFLICT (word_id) DO UPDATE SET korean=EXCLUDED.korean, romanization=EXCLUDED.romanization;
INSERT INTO word_translations (word_id, locale, gloss, gloss_short, example_ko, example_en, content_version) VALUES ('w-pr-271', 'en-US', 'completely', 'completely', '완전 좋아요!', 'Completely good!', 1) ON CONFLICT (word_id, locale) DO UPDATE SET gloss=EXCLUDED.gloss, gloss_short=EXCLUDED.gloss_short, example_ko=EXCLUDED.example_ko, example_en=EXCLUDED.example_en;
INSERT INTO word_pack_members (pack_id, word_id, sort_order, is_free_sample) VALUES ('premium-pack-001', 'w-pr-271', 270, FALSE) ON CONFLICT (pack_id, word_id) DO UPDATE SET sort_order=EXCLUDED.sort_order, is_free_sample=EXCLUDED.is_free_sample;
INSERT INTO words (word_id, korean, romanization, content_version) VALUES ('w-pr-272', '갑자기', 'gap-ja-gi', 1) ON CONFLICT (word_id) DO UPDATE SET korean=EXCLUDED.korean, romanization=EXCLUDED.romanization;
INSERT INTO word_translations (word_id, locale, gloss, gloss_short, example_ko, example_en, content_version) VALUES ('w-pr-272', 'en-US', 'suddenly', 'suddenly', '갑자기 비 와요.', 'It''s suddenly raining.', 1) ON CONFLICT (word_id, locale) DO UPDATE SET gloss=EXCLUDED.gloss, gloss_short=EXCLUDED.gloss_short, example_ko=EXCLUDED.example_ko, example_en=EXCLUDED.example_en;
INSERT INTO word_pack_members (pack_id, word_id, sort_order, is_free_sample) VALUES ('premium-pack-001', 'w-pr-272', 271, FALSE) ON CONFLICT (pack_id, word_id) DO UPDATE SET sort_order=EXCLUDED.sort_order, is_free_sample=EXCLUDED.is_free_sample;
INSERT INTO words (word_id, korean, romanization, content_version) VALUES ('w-pr-273', '다행이에요', 'da-haeng-i-e-yo', 1) ON CONFLICT (word_id) DO UPDATE SET korean=EXCLUDED.korean, romanization=EXCLUDED.romanization;
INSERT INTO word_translations (word_id, locale, gloss, gloss_short, example_ko, example_en, content_version) VALUES ('w-pr-273', 'en-US', 'it''s a relief', 'it''s a relief', '다행이에요.', 'What a relief.', 1) ON CONFLICT (word_id, locale) DO UPDATE SET gloss=EXCLUDED.gloss, gloss_short=EXCLUDED.gloss_short, example_ko=EXCLUDED.example_ko, example_en=EXCLUDED.example_en;
INSERT INTO word_pack_members (pack_id, word_id, sort_order, is_free_sample) VALUES ('premium-pack-001', 'w-pr-273', 272, FALSE) ON CONFLICT (pack_id, word_id) DO UPDATE SET sort_order=EXCLUDED.sort_order, is_free_sample=EXCLUDED.is_free_sample;
INSERT INTO words (word_id, korean, romanization, content_version) VALUES ('w-pr-274', '혼자', 'hon-ja', 1) ON CONFLICT (word_id) DO UPDATE SET korean=EXCLUDED.korean, romanization=EXCLUDED.romanization;
INSERT INTO word_translations (word_id, locale, gloss, gloss_short, example_ko, example_en, content_version) VALUES ('w-pr-274', 'en-US', 'alone', 'alone', '혼자 가요.', 'I''m going alone.', 1) ON CONFLICT (word_id, locale) DO UPDATE SET gloss=EXCLUDED.gloss, gloss_short=EXCLUDED.gloss_short, example_ko=EXCLUDED.example_ko, example_en=EXCLUDED.example_en;
INSERT INTO word_pack_members (pack_id, word_id, sort_order, is_free_sample) VALUES ('premium-pack-001', 'w-pr-274', 273, FALSE) ON CONFLICT (pack_id, word_id) DO UPDATE SET sort_order=EXCLUDED.sort_order, is_free_sample=EXCLUDED.is_free_sample;
INSERT INTO words (word_id, korean, romanization, content_version) VALUES ('w-pr-275', '함께', 'ham-kke', 1) ON CONFLICT (word_id) DO UPDATE SET korean=EXCLUDED.korean, romanization=EXCLUDED.romanization;
INSERT INTO word_translations (word_id, locale, gloss, gloss_short, example_ko, example_en, content_version) VALUES ('w-pr-275', 'en-US', 'together', 'together', '함께 가요.', 'Let''s go together.', 1) ON CONFLICT (word_id, locale) DO UPDATE SET gloss=EXCLUDED.gloss, gloss_short=EXCLUDED.gloss_short, example_ko=EXCLUDED.example_ko, example_en=EXCLUDED.example_en;
INSERT INTO word_pack_members (pack_id, word_id, sort_order, is_free_sample) VALUES ('premium-pack-001', 'w-pr-275', 274, FALSE) ON CONFLICT (pack_id, word_id) DO UPDATE SET sort_order=EXCLUDED.sort_order, is_free_sample=EXCLUDED.is_free_sample;
INSERT INTO words (word_id, korean, romanization, content_version) VALUES ('w-pr-276', '처음', 'cheo-eum', 1) ON CONFLICT (word_id) DO UPDATE SET korean=EXCLUDED.korean, romanization=EXCLUDED.romanization;
INSERT INTO word_translations (word_id, locale, gloss, gloss_short, example_ko, example_en, content_version) VALUES ('w-pr-276', 'en-US', 'first / beginning', 'first / beginning', '처음이에요.', 'It''s my first time.', 1) ON CONFLICT (word_id, locale) DO UPDATE SET gloss=EXCLUDED.gloss, gloss_short=EXCLUDED.gloss_short, example_ko=EXCLUDED.example_ko, example_en=EXCLUDED.example_en;
INSERT INTO word_pack_members (pack_id, word_id, sort_order, is_free_sample) VALUES ('premium-pack-001', 'w-pr-276', 275, FALSE) ON CONFLICT (pack_id, word_id) DO UPDATE SET sort_order=EXCLUDED.sort_order, is_free_sample=EXCLUDED.is_free_sample;
INSERT INTO words (word_id, korean, romanization, content_version) VALUES ('w-pr-277', '마지막', 'ma-ji-mak', 1) ON CONFLICT (word_id) DO UPDATE SET korean=EXCLUDED.korean, romanization=EXCLUDED.romanization;
INSERT INTO word_translations (word_id, locale, gloss, gloss_short, example_ko, example_en, content_version) VALUES ('w-pr-277', 'en-US', 'last / final', 'last / final', '마지막 기회예요.', 'It''s the last chance.', 1) ON CONFLICT (word_id, locale) DO UPDATE SET gloss=EXCLUDED.gloss, gloss_short=EXCLUDED.gloss_short, example_ko=EXCLUDED.example_ko, example_en=EXCLUDED.example_en;
INSERT INTO word_pack_members (pack_id, word_id, sort_order, is_free_sample) VALUES ('premium-pack-001', 'w-pr-277', 276, FALSE) ON CONFLICT (pack_id, word_id) DO UPDATE SET sort_order=EXCLUDED.sort_order, is_free_sample=EXCLUDED.is_free_sample;
INSERT INTO words (word_id, korean, romanization, content_version) VALUES ('w-pr-278', '다', 'da', 1) ON CONFLICT (word_id) DO UPDATE SET korean=EXCLUDED.korean, romanization=EXCLUDED.romanization;
INSERT INTO word_translations (word_id, locale, gloss, gloss_short, example_ko, example_en, content_version) VALUES ('w-pr-278', 'en-US', 'all / done', 'all / done', '다 끝났어요.', 'It''s all over.', 1) ON CONFLICT (word_id, locale) DO UPDATE SET gloss=EXCLUDED.gloss, gloss_short=EXCLUDED.gloss_short, example_ko=EXCLUDED.example_ko, example_en=EXCLUDED.example_en;
INSERT INTO word_pack_members (pack_id, word_id, sort_order, is_free_sample) VALUES ('premium-pack-001', 'w-pr-278', 277, FALSE) ON CONFLICT (pack_id, word_id) DO UPDATE SET sort_order=EXCLUDED.sort_order, is_free_sample=EXCLUDED.is_free_sample;
INSERT INTO words (word_id, korean, romanization, content_version) VALUES ('w-pr-279', '샤워', 'sya-wo', 1) ON CONFLICT (word_id) DO UPDATE SET korean=EXCLUDED.korean, romanization=EXCLUDED.romanization;
INSERT INTO word_translations (word_id, locale, gloss, gloss_short, example_ko, example_en, content_version) VALUES ('w-pr-279', 'en-US', 'shower', 'shower', '샤워해요.', 'I''m taking a shower.', 1) ON CONFLICT (word_id, locale) DO UPDATE SET gloss=EXCLUDED.gloss, gloss_short=EXCLUDED.gloss_short, example_ko=EXCLUDED.example_ko, example_en=EXCLUDED.example_en;
INSERT INTO word_pack_members (pack_id, word_id, sort_order, is_free_sample) VALUES ('premium-pack-001', 'w-pr-279', 278, FALSE) ON CONFLICT (pack_id, word_id) DO UPDATE SET sort_order=EXCLUDED.sort_order, is_free_sample=EXCLUDED.is_free_sample;
INSERT INTO words (word_id, korean, romanization, content_version) VALUES ('w-pr-280', '세수', 'se-su', 1) ON CONFLICT (word_id) DO UPDATE SET korean=EXCLUDED.korean, romanization=EXCLUDED.romanization;
INSERT INTO word_translations (word_id, locale, gloss, gloss_short, example_ko, example_en, content_version) VALUES ('w-pr-280', 'en-US', 'washing face', 'washing face', '아침에 세수해요.', 'I wash my face in the morning.', 1) ON CONFLICT (word_id, locale) DO UPDATE SET gloss=EXCLUDED.gloss, gloss_short=EXCLUDED.gloss_short, example_ko=EXCLUDED.example_ko, example_en=EXCLUDED.example_en;
INSERT INTO word_pack_members (pack_id, word_id, sort_order, is_free_sample) VALUES ('premium-pack-001', 'w-pr-280', 279, FALSE) ON CONFLICT (pack_id, word_id) DO UPDATE SET sort_order=EXCLUDED.sort_order, is_free_sample=EXCLUDED.is_free_sample;
INSERT INTO words (word_id, korean, romanization, content_version) VALUES ('w-pr-281', '양치', 'yang-chi', 1) ON CONFLICT (word_id) DO UPDATE SET korean=EXCLUDED.korean, romanization=EXCLUDED.romanization;
INSERT INTO word_translations (word_id, locale, gloss, gloss_short, example_ko, example_en, content_version) VALUES ('w-pr-281', 'en-US', 'brushing teeth', 'brushing teeth', '양치해요.', 'I''m brushing my teeth.', 1) ON CONFLICT (word_id, locale) DO UPDATE SET gloss=EXCLUDED.gloss, gloss_short=EXCLUDED.gloss_short, example_ko=EXCLUDED.example_ko, example_en=EXCLUDED.example_en;
INSERT INTO word_pack_members (pack_id, word_id, sort_order, is_free_sample) VALUES ('premium-pack-001', 'w-pr-281', 280, FALSE) ON CONFLICT (pack_id, word_id) DO UPDATE SET sort_order=EXCLUDED.sort_order, is_free_sample=EXCLUDED.is_free_sample;
INSERT INTO words (word_id, korean, romanization, content_version) VALUES ('w-pr-282', '운전', 'un-jeon', 1) ON CONFLICT (word_id) DO UPDATE SET korean=EXCLUDED.korean, romanization=EXCLUDED.romanization;
INSERT INTO word_translations (word_id, locale, gloss, gloss_short, example_ko, example_en, content_version) VALUES ('w-pr-282', 'en-US', 'driving', 'driving', '운전 조심해요.', 'Drive carefully.', 1) ON CONFLICT (word_id, locale) DO UPDATE SET gloss=EXCLUDED.gloss, gloss_short=EXCLUDED.gloss_short, example_ko=EXCLUDED.example_ko, example_en=EXCLUDED.example_en;
INSERT INTO word_pack_members (pack_id, word_id, sort_order, is_free_sample) VALUES ('premium-pack-001', 'w-pr-282', 281, FALSE) ON CONFLICT (pack_id, word_id) DO UPDATE SET sort_order=EXCLUDED.sort_order, is_free_sample=EXCLUDED.is_free_sample;
INSERT INTO words (word_id, korean, romanization, content_version) VALUES ('w-pr-283', '장보기', 'jang-bo-gi', 1) ON CONFLICT (word_id) DO UPDATE SET korean=EXCLUDED.korean, romanization=EXCLUDED.romanization;
INSERT INTO word_translations (word_id, locale, gloss, gloss_short, example_ko, example_en, content_version) VALUES ('w-pr-283', 'en-US', 'grocery shopping', 'grocery shopping', '장보러 가요.', 'I''m going grocery shopping.', 1) ON CONFLICT (word_id, locale) DO UPDATE SET gloss=EXCLUDED.gloss, gloss_short=EXCLUDED.gloss_short, example_ko=EXCLUDED.example_ko, example_en=EXCLUDED.example_en;
INSERT INTO word_pack_members (pack_id, word_id, sort_order, is_free_sample) VALUES ('premium-pack-001', 'w-pr-283', 282, FALSE) ON CONFLICT (pack_id, word_id) DO UPDATE SET sort_order=EXCLUDED.sort_order, is_free_sample=EXCLUDED.is_free_sample;
INSERT INTO words (word_id, korean, romanization, content_version) VALUES ('w-pr-284', '정돈', 'jeong-don', 1) ON CONFLICT (word_id) DO UPDATE SET korean=EXCLUDED.korean, romanization=EXCLUDED.romanization;
INSERT INTO word_translations (word_id, locale, gloss, gloss_short, example_ko, example_en, content_version) VALUES ('w-pr-284', 'en-US', 'tidying up', 'tidying up', '책상 정돈해요.', 'I''m tidying my desk.', 1) ON CONFLICT (word_id, locale) DO UPDATE SET gloss=EXCLUDED.gloss, gloss_short=EXCLUDED.gloss_short, example_ko=EXCLUDED.example_ko, example_en=EXCLUDED.example_en;
INSERT INTO word_pack_members (pack_id, word_id, sort_order, is_free_sample) VALUES ('premium-pack-001', 'w-pr-284', 283, FALSE) ON CONFLICT (pack_id, word_id) DO UPDATE SET sort_order=EXCLUDED.sort_order, is_free_sample=EXCLUDED.is_free_sample;
INSERT INTO words (word_id, korean, romanization, content_version) VALUES ('w-pr-285', '빨래', 'ppal-lae', 1) ON CONFLICT (word_id) DO UPDATE SET korean=EXCLUDED.korean, romanization=EXCLUDED.romanization;
INSERT INTO word_translations (word_id, locale, gloss, gloss_short, example_ko, example_en, content_version) VALUES ('w-pr-285', 'en-US', 'laundry', 'laundry', '빨래해요.', 'I''m doing laundry.', 1) ON CONFLICT (word_id, locale) DO UPDATE SET gloss=EXCLUDED.gloss, gloss_short=EXCLUDED.gloss_short, example_ko=EXCLUDED.example_ko, example_en=EXCLUDED.example_en;
INSERT INTO word_pack_members (pack_id, word_id, sort_order, is_free_sample) VALUES ('premium-pack-001', 'w-pr-285', 284, FALSE) ON CONFLICT (pack_id, word_id) DO UPDATE SET sort_order=EXCLUDED.sort_order, is_free_sample=EXCLUDED.is_free_sample;
INSERT INTO words (word_id, korean, romanization, content_version) VALUES ('w-pr-286', '설거지', 'seol-geo-ji', 1) ON CONFLICT (word_id) DO UPDATE SET korean=EXCLUDED.korean, romanization=EXCLUDED.romanization;
INSERT INTO word_translations (word_id, locale, gloss, gloss_short, example_ko, example_en, content_version) VALUES ('w-pr-286', 'en-US', 'doing dishes', 'doing dishes', '설거지해요.', 'I''m doing the dishes.', 1) ON CONFLICT (word_id, locale) DO UPDATE SET gloss=EXCLUDED.gloss, gloss_short=EXCLUDED.gloss_short, example_ko=EXCLUDED.example_ko, example_en=EXCLUDED.example_en;
INSERT INTO word_pack_members (pack_id, word_id, sort_order, is_free_sample) VALUES ('premium-pack-001', 'w-pr-286', 285, FALSE) ON CONFLICT (pack_id, word_id) DO UPDATE SET sort_order=EXCLUDED.sort_order, is_free_sample=EXCLUDED.is_free_sample;
INSERT INTO words (word_id, korean, romanization, content_version) VALUES ('w-pr-287', '외출', 'oe-chul', 1) ON CONFLICT (word_id) DO UPDATE SET korean=EXCLUDED.korean, romanization=EXCLUDED.romanization;
INSERT INTO word_translations (word_id, locale, gloss, gloss_short, example_ko, example_en, content_version) VALUES ('w-pr-287', 'en-US', 'going out', 'going out', '외출해요.', 'I''m going out.', 1) ON CONFLICT (word_id, locale) DO UPDATE SET gloss=EXCLUDED.gloss, gloss_short=EXCLUDED.gloss_short, example_ko=EXCLUDED.example_ko, example_en=EXCLUDED.example_en;
INSERT INTO word_pack_members (pack_id, word_id, sort_order, is_free_sample) VALUES ('premium-pack-001', 'w-pr-287', 286, FALSE) ON CONFLICT (pack_id, word_id) DO UPDATE SET sort_order=EXCLUDED.sort_order, is_free_sample=EXCLUDED.is_free_sample;
INSERT INTO words (word_id, korean, romanization, content_version) VALUES ('w-pr-288', '귀가', 'gwi-ga', 1) ON CONFLICT (word_id) DO UPDATE SET korean=EXCLUDED.korean, romanization=EXCLUDED.romanization;
INSERT INTO word_translations (word_id, locale, gloss, gloss_short, example_ko, example_en, content_version) VALUES ('w-pr-288', 'en-US', 'coming home', 'coming home', '지금 귀가해요.', 'I''m heading home now.', 1) ON CONFLICT (word_id, locale) DO UPDATE SET gloss=EXCLUDED.gloss, gloss_short=EXCLUDED.gloss_short, example_ko=EXCLUDED.example_ko, example_en=EXCLUDED.example_en;
INSERT INTO word_pack_members (pack_id, word_id, sort_order, is_free_sample) VALUES ('premium-pack-001', 'w-pr-288', 287, FALSE) ON CONFLICT (pack_id, word_id) DO UPDATE SET sort_order=EXCLUDED.sort_order, is_free_sample=EXCLUDED.is_free_sample;
INSERT INTO words (word_id, korean, romanization, content_version) VALUES ('w-pr-289', '준비', 'jun-bi', 1) ON CONFLICT (word_id) DO UPDATE SET korean=EXCLUDED.korean, romanization=EXCLUDED.romanization;
INSERT INTO word_translations (word_id, locale, gloss, gloss_short, example_ko, example_en, content_version) VALUES ('w-pr-289', 'en-US', 'preparation', 'preparation', '준비 다 됐어요.', 'I''m all ready.', 1) ON CONFLICT (word_id, locale) DO UPDATE SET gloss=EXCLUDED.gloss, gloss_short=EXCLUDED.gloss_short, example_ko=EXCLUDED.example_ko, example_en=EXCLUDED.example_en;
INSERT INTO word_pack_members (pack_id, word_id, sort_order, is_free_sample) VALUES ('premium-pack-001', 'w-pr-289', 288, FALSE) ON CONFLICT (pack_id, word_id) DO UPDATE SET sort_order=EXCLUDED.sort_order, is_free_sample=EXCLUDED.is_free_sample;
INSERT INTO words (word_id, korean, romanization, content_version) VALUES ('w-pr-290', '정리', 'jeong-ri', 1) ON CONFLICT (word_id) DO UPDATE SET korean=EXCLUDED.korean, romanization=EXCLUDED.romanization;
INSERT INTO word_translations (word_id, locale, gloss, gloss_short, example_ko, example_en, content_version) VALUES ('w-pr-290', 'en-US', 'organizing', 'organizing', '방 정리해요.', 'I''m organizing my room.', 1) ON CONFLICT (word_id, locale) DO UPDATE SET gloss=EXCLUDED.gloss, gloss_short=EXCLUDED.gloss_short, example_ko=EXCLUDED.example_ko, example_en=EXCLUDED.example_en;
INSERT INTO word_pack_members (pack_id, word_id, sort_order, is_free_sample) VALUES ('premium-pack-001', 'w-pr-290', 289, FALSE) ON CONFLICT (pack_id, word_id) DO UPDATE SET sort_order=EXCLUDED.sort_order, is_free_sample=EXCLUDED.is_free_sample;
INSERT INTO words (word_id, korean, romanization, content_version) VALUES ('w-pr-291', '어휘', 'eo-hwi', 1) ON CONFLICT (word_id) DO UPDATE SET korean=EXCLUDED.korean, romanization=EXCLUDED.romanization;
INSERT INTO word_translations (word_id, locale, gloss, gloss_short, example_ko, example_en, content_version) VALUES ('w-pr-291', 'en-US', 'vocabulary', 'vocabulary', '어휘 많이 늘었어요.', 'My vocabulary improved a lot.', 1) ON CONFLICT (word_id, locale) DO UPDATE SET gloss=EXCLUDED.gloss, gloss_short=EXCLUDED.gloss_short, example_ko=EXCLUDED.example_ko, example_en=EXCLUDED.example_en;
INSERT INTO word_pack_members (pack_id, word_id, sort_order, is_free_sample) VALUES ('premium-pack-001', 'w-pr-291', 290, FALSE) ON CONFLICT (pack_id, word_id) DO UPDATE SET sort_order=EXCLUDED.sort_order, is_free_sample=EXCLUDED.is_free_sample;
INSERT INTO words (word_id, korean, romanization, content_version) VALUES ('w-pr-292', '문법', 'mun-beop', 1) ON CONFLICT (word_id) DO UPDATE SET korean=EXCLUDED.korean, romanization=EXCLUDED.romanization;
INSERT INTO word_translations (word_id, locale, gloss, gloss_short, example_ko, example_en, content_version) VALUES ('w-pr-292', 'en-US', 'grammar', 'grammar', '문법 공부해요.', 'I study grammar.', 1) ON CONFLICT (word_id, locale) DO UPDATE SET gloss=EXCLUDED.gloss, gloss_short=EXCLUDED.gloss_short, example_ko=EXCLUDED.example_ko, example_en=EXCLUDED.example_en;
INSERT INTO word_pack_members (pack_id, word_id, sort_order, is_free_sample) VALUES ('premium-pack-001', 'w-pr-292', 291, FALSE) ON CONFLICT (pack_id, word_id) DO UPDATE SET sort_order=EXCLUDED.sort_order, is_free_sample=EXCLUDED.is_free_sample;
INSERT INTO words (word_id, korean, romanization, content_version) VALUES ('w-pr-293', '발음', 'ba-reum', 1) ON CONFLICT (word_id) DO UPDATE SET korean=EXCLUDED.korean, romanization=EXCLUDED.romanization;
INSERT INTO word_translations (word_id, locale, gloss, gloss_short, example_ko, example_en, content_version) VALUES ('w-pr-293', 'en-US', 'pronunciation', 'pronunciation', '발음 좋아요.', 'Your pronunciation is good.', 1) ON CONFLICT (word_id, locale) DO UPDATE SET gloss=EXCLUDED.gloss, gloss_short=EXCLUDED.gloss_short, example_ko=EXCLUDED.example_ko, example_en=EXCLUDED.example_en;
INSERT INTO word_pack_members (pack_id, word_id, sort_order, is_free_sample) VALUES ('premium-pack-001', 'w-pr-293', 292, FALSE) ON CONFLICT (pack_id, word_id) DO UPDATE SET sort_order=EXCLUDED.sort_order, is_free_sample=EXCLUDED.is_free_sample;
INSERT INTO words (word_id, korean, romanization, content_version) VALUES ('w-pr-294', '듣기', 'deut-gi', 1) ON CONFLICT (word_id) DO UPDATE SET korean=EXCLUDED.korean, romanization=EXCLUDED.romanization;
INSERT INTO word_translations (word_id, locale, gloss, gloss_short, example_ko, example_en, content_version) VALUES ('w-pr-294', 'en-US', 'listening (skill)', 'listening', '듣기 연습해요.', 'I practice listening.', 1) ON CONFLICT (word_id, locale) DO UPDATE SET gloss=EXCLUDED.gloss, gloss_short=EXCLUDED.gloss_short, example_ko=EXCLUDED.example_ko, example_en=EXCLUDED.example_en;
INSERT INTO word_pack_members (pack_id, word_id, sort_order, is_free_sample) VALUES ('premium-pack-001', 'w-pr-294', 293, FALSE) ON CONFLICT (pack_id, word_id) DO UPDATE SET sort_order=EXCLUDED.sort_order, is_free_sample=EXCLUDED.is_free_sample;
INSERT INTO words (word_id, korean, romanization, content_version) VALUES ('w-pr-295', '말하기', 'mal-ha-gi', 1) ON CONFLICT (word_id) DO UPDATE SET korean=EXCLUDED.korean, romanization=EXCLUDED.romanization;
INSERT INTO word_translations (word_id, locale, gloss, gloss_short, example_ko, example_en, content_version) VALUES ('w-pr-295', 'en-US', 'speaking (skill)', 'speaking', '말하기 어려워요.', 'Speaking is hard.', 1) ON CONFLICT (word_id, locale) DO UPDATE SET gloss=EXCLUDED.gloss, gloss_short=EXCLUDED.gloss_short, example_ko=EXCLUDED.example_ko, example_en=EXCLUDED.example_en;
INSERT INTO word_pack_members (pack_id, word_id, sort_order, is_free_sample) VALUES ('premium-pack-001', 'w-pr-295', 294, FALSE) ON CONFLICT (pack_id, word_id) DO UPDATE SET sort_order=EXCLUDED.sort_order, is_free_sample=EXCLUDED.is_free_sample;
INSERT INTO words (word_id, korean, romanization, content_version) VALUES ('w-pr-296', '읽기', 'il-gi', 1) ON CONFLICT (word_id) DO UPDATE SET korean=EXCLUDED.korean, romanization=EXCLUDED.romanization;
INSERT INTO word_translations (word_id, locale, gloss, gloss_short, example_ko, example_en, content_version) VALUES ('w-pr-296', 'en-US', 'reading (skill)', 'reading', '한국어 읽기 잘해요.', 'I read Korean well.', 1) ON CONFLICT (word_id, locale) DO UPDATE SET gloss=EXCLUDED.gloss, gloss_short=EXCLUDED.gloss_short, example_ko=EXCLUDED.example_ko, example_en=EXCLUDED.example_en;
INSERT INTO word_pack_members (pack_id, word_id, sort_order, is_free_sample) VALUES ('premium-pack-001', 'w-pr-296', 295, FALSE) ON CONFLICT (pack_id, word_id) DO UPDATE SET sort_order=EXCLUDED.sort_order, is_free_sample=EXCLUDED.is_free_sample;
INSERT INTO words (word_id, korean, romanization, content_version) VALUES ('w-pr-297', '쓰기', 'sseu-gi', 1) ON CONFLICT (word_id) DO UPDATE SET korean=EXCLUDED.korean, romanization=EXCLUDED.romanization;
INSERT INTO word_translations (word_id, locale, gloss, gloss_short, example_ko, example_en, content_version) VALUES ('w-pr-297', 'en-US', 'writing (skill)', 'writing', '쓰기 어려워요.', 'Writing is difficult.', 1) ON CONFLICT (word_id, locale) DO UPDATE SET gloss=EXCLUDED.gloss, gloss_short=EXCLUDED.gloss_short, example_ko=EXCLUDED.example_ko, example_en=EXCLUDED.example_en;
INSERT INTO word_pack_members (pack_id, word_id, sort_order, is_free_sample) VALUES ('premium-pack-001', 'w-pr-297', 296, FALSE) ON CONFLICT (pack_id, word_id) DO UPDATE SET sort_order=EXCLUDED.sort_order, is_free_sample=EXCLUDED.is_free_sample;
INSERT INTO words (word_id, korean, romanization, content_version) VALUES ('w-pr-298', '복습', 'bok-seup', 1) ON CONFLICT (word_id) DO UPDATE SET korean=EXCLUDED.korean, romanization=EXCLUDED.romanization;
INSERT INTO word_translations (word_id, locale, gloss, gloss_short, example_ko, example_en, content_version) VALUES ('w-pr-298', 'en-US', 'review', 'review', '매일 복습해요.', 'I review every day.', 1) ON CONFLICT (word_id, locale) DO UPDATE SET gloss=EXCLUDED.gloss, gloss_short=EXCLUDED.gloss_short, example_ko=EXCLUDED.example_ko, example_en=EXCLUDED.example_en;
INSERT INTO word_pack_members (pack_id, word_id, sort_order, is_free_sample) VALUES ('premium-pack-001', 'w-pr-298', 297, FALSE) ON CONFLICT (pack_id, word_id) DO UPDATE SET sort_order=EXCLUDED.sort_order, is_free_sample=EXCLUDED.is_free_sample;
INSERT INTO words (word_id, korean, romanization, content_version) VALUES ('w-pr-299', '예습', 'ye-seup', 1) ON CONFLICT (word_id) DO UPDATE SET korean=EXCLUDED.korean, romanization=EXCLUDED.romanization;
INSERT INTO word_translations (word_id, locale, gloss, gloss_short, example_ko, example_en, content_version) VALUES ('w-pr-299', 'en-US', 'preview / pre-study', 'preview / pre-study', '수업 전에 예습해요.', 'I preview before class.', 1) ON CONFLICT (word_id, locale) DO UPDATE SET gloss=EXCLUDED.gloss, gloss_short=EXCLUDED.gloss_short, example_ko=EXCLUDED.example_ko, example_en=EXCLUDED.example_en;
INSERT INTO word_pack_members (pack_id, word_id, sort_order, is_free_sample) VALUES ('premium-pack-001', 'w-pr-299', 298, FALSE) ON CONFLICT (pack_id, word_id) DO UPDATE SET sort_order=EXCLUDED.sort_order, is_free_sample=EXCLUDED.is_free_sample;
INSERT INTO words (word_id, korean, romanization, content_version) VALUES ('w-pr-300', '훈련', 'hun-ryeon', 1) ON CONFLICT (word_id) DO UPDATE SET korean=EXCLUDED.korean, romanization=EXCLUDED.romanization;
INSERT INTO word_translations (word_id, locale, gloss, gloss_short, example_ko, example_en, content_version) VALUES ('w-pr-300', 'en-US', 'training', 'training', '매일 한국어 훈련해요.', 'I train Korean every day.', 1) ON CONFLICT (word_id, locale) DO UPDATE SET gloss=EXCLUDED.gloss, gloss_short=EXCLUDED.gloss_short, example_ko=EXCLUDED.example_ko, example_en=EXCLUDED.example_en;
INSERT INTO word_pack_members (pack_id, word_id, sort_order, is_free_sample) VALUES ('premium-pack-001', 'w-pr-300', 299, FALSE) ON CONFLICT (pack_id, word_id) DO UPDATE SET sort_order=EXCLUDED.sort_order, is_free_sample=EXCLUDED.is_free_sample;
INSERT INTO words (word_id, korean, romanization, content_version) VALUES ('w-st-001', '안녕하세요', 'an-nyeong-ha-se-yo', 1) ON CONFLICT (word_id) DO UPDATE SET korean=EXCLUDED.korean, romanization=EXCLUDED.romanization;
INSERT INTO word_translations (word_id, locale, gloss, gloss_short, example_ko, example_en, content_version) VALUES ('w-st-001', 'en-US', 'hello (formal)', 'hello', '안녕하세요!', 'Hello!', 1) ON CONFLICT (word_id, locale) DO UPDATE SET gloss=EXCLUDED.gloss, gloss_short=EXCLUDED.gloss_short, example_ko=EXCLUDED.example_ko, example_en=EXCLUDED.example_en;
INSERT INTO word_pack_members (pack_id, word_id, sort_order, is_free_sample) VALUES ('starter-001', 'w-st-001', 0, FALSE) ON CONFLICT (pack_id, word_id) DO UPDATE SET sort_order=EXCLUDED.sort_order, is_free_sample=EXCLUDED.is_free_sample;
INSERT INTO words (word_id, korean, romanization, content_version) VALUES ('w-st-002', '감사합니다', 'gam-sa-ham-ni-da', 1) ON CONFLICT (word_id) DO UPDATE SET korean=EXCLUDED.korean, romanization=EXCLUDED.romanization;
INSERT INTO word_translations (word_id, locale, gloss, gloss_short, example_ko, example_en, content_version) VALUES ('w-st-002', 'en-US', 'thank you', 'thank you', '감사합니다.', 'Thank you.', 1) ON CONFLICT (word_id, locale) DO UPDATE SET gloss=EXCLUDED.gloss, gloss_short=EXCLUDED.gloss_short, example_ko=EXCLUDED.example_ko, example_en=EXCLUDED.example_en;
INSERT INTO word_pack_members (pack_id, word_id, sort_order, is_free_sample) VALUES ('starter-001', 'w-st-002', 1, FALSE) ON CONFLICT (pack_id, word_id) DO UPDATE SET sort_order=EXCLUDED.sort_order, is_free_sample=EXCLUDED.is_free_sample;
INSERT INTO words (word_id, korean, romanization, content_version) VALUES ('w-st-003', '네', 'ne', 1) ON CONFLICT (word_id) DO UPDATE SET korean=EXCLUDED.korean, romanization=EXCLUDED.romanization;
INSERT INTO word_translations (word_id, locale, gloss, gloss_short, example_ko, example_en, content_version) VALUES ('w-st-003', 'en-US', 'yes', 'yes', '네, 좋아요.', 'Yes, sounds good.', 1) ON CONFLICT (word_id, locale) DO UPDATE SET gloss=EXCLUDED.gloss, gloss_short=EXCLUDED.gloss_short, example_ko=EXCLUDED.example_ko, example_en=EXCLUDED.example_en;
INSERT INTO word_pack_members (pack_id, word_id, sort_order, is_free_sample) VALUES ('starter-001', 'w-st-003', 2, FALSE) ON CONFLICT (pack_id, word_id) DO UPDATE SET sort_order=EXCLUDED.sort_order, is_free_sample=EXCLUDED.is_free_sample;
INSERT INTO words (word_id, korean, romanization, content_version) VALUES ('w-st-004', '아니요', 'a-ni-yo', 1) ON CONFLICT (word_id) DO UPDATE SET korean=EXCLUDED.korean, romanization=EXCLUDED.romanization;
INSERT INTO word_translations (word_id, locale, gloss, gloss_short, example_ko, example_en, content_version) VALUES ('w-st-004', 'en-US', 'no', 'no', '아니요, 괜찮아요.', 'No, it''s okay.', 1) ON CONFLICT (word_id, locale) DO UPDATE SET gloss=EXCLUDED.gloss, gloss_short=EXCLUDED.gloss_short, example_ko=EXCLUDED.example_ko, example_en=EXCLUDED.example_en;
INSERT INTO word_pack_members (pack_id, word_id, sort_order, is_free_sample) VALUES ('starter-001', 'w-st-004', 3, FALSE) ON CONFLICT (pack_id, word_id) DO UPDATE SET sort_order=EXCLUDED.sort_order, is_free_sample=EXCLUDED.is_free_sample;
INSERT INTO words (word_id, korean, romanization, content_version) VALUES ('w-st-005', '죄송합니다', 'joe-song-ham-ni-da', 1) ON CONFLICT (word_id) DO UPDATE SET korean=EXCLUDED.korean, romanization=EXCLUDED.romanization;
INSERT INTO word_translations (word_id, locale, gloss, gloss_short, example_ko, example_en, content_version) VALUES ('w-st-005', 'en-US', 'I''m sorry', 'I''m sorry', '죄송합니다.', 'I''m sorry.', 1) ON CONFLICT (word_id, locale) DO UPDATE SET gloss=EXCLUDED.gloss, gloss_short=EXCLUDED.gloss_short, example_ko=EXCLUDED.example_ko, example_en=EXCLUDED.example_en;
INSERT INTO word_pack_members (pack_id, word_id, sort_order, is_free_sample) VALUES ('starter-001', 'w-st-005', 4, FALSE) ON CONFLICT (pack_id, word_id) DO UPDATE SET sort_order=EXCLUDED.sort_order, is_free_sample=EXCLUDED.is_free_sample;
INSERT INTO words (word_id, korean, romanization, content_version) VALUES ('w-st-006', '괜찮아요', 'gwaen-cha-na-yo', 1) ON CONFLICT (word_id) DO UPDATE SET korean=EXCLUDED.korean, romanization=EXCLUDED.romanization;
INSERT INTO word_translations (word_id, locale, gloss, gloss_short, example_ko, example_en, content_version) VALUES ('w-st-006', 'en-US', 'it''s okay', 'it''s okay', '괜찮아요.', 'It''s okay.', 1) ON CONFLICT (word_id, locale) DO UPDATE SET gloss=EXCLUDED.gloss, gloss_short=EXCLUDED.gloss_short, example_ko=EXCLUDED.example_ko, example_en=EXCLUDED.example_en;
INSERT INTO word_pack_members (pack_id, word_id, sort_order, is_free_sample) VALUES ('starter-001', 'w-st-006', 5, FALSE) ON CONFLICT (pack_id, word_id) DO UPDATE SET sort_order=EXCLUDED.sort_order, is_free_sample=EXCLUDED.is_free_sample;
INSERT INTO words (word_id, korean, romanization, content_version) VALUES ('w-st-007', '안녕히 가세요', 'an-nyeong-hi-ga-se-yo', 1) ON CONFLICT (word_id) DO UPDATE SET korean=EXCLUDED.korean, romanization=EXCLUDED.romanization;
INSERT INTO word_translations (word_id, locale, gloss, gloss_short, example_ko, example_en, content_version) VALUES ('w-st-007', 'en-US', 'goodbye (to going)', 'goodbye', '안녕히 가세요.', 'Goodbye.', 1) ON CONFLICT (word_id, locale) DO UPDATE SET gloss=EXCLUDED.gloss, gloss_short=EXCLUDED.gloss_short, example_ko=EXCLUDED.example_ko, example_en=EXCLUDED.example_en;
INSERT INTO word_pack_members (pack_id, word_id, sort_order, is_free_sample) VALUES ('starter-001', 'w-st-007', 6, FALSE) ON CONFLICT (pack_id, word_id) DO UPDATE SET sort_order=EXCLUDED.sort_order, is_free_sample=EXCLUDED.is_free_sample;
INSERT INTO words (word_id, korean, romanization, content_version) VALUES ('w-st-008', '안녕히 계세요', 'an-nyeong-hi-gye-se-yo', 1) ON CONFLICT (word_id) DO UPDATE SET korean=EXCLUDED.korean, romanization=EXCLUDED.romanization;
INSERT INTO word_translations (word_id, locale, gloss, gloss_short, example_ko, example_en, content_version) VALUES ('w-st-008', 'en-US', 'goodbye (to staying)', 'goodbye', '안녕히 계세요.', 'Goodbye.', 1) ON CONFLICT (word_id, locale) DO UPDATE SET gloss=EXCLUDED.gloss, gloss_short=EXCLUDED.gloss_short, example_ko=EXCLUDED.example_ko, example_en=EXCLUDED.example_en;
INSERT INTO word_pack_members (pack_id, word_id, sort_order, is_free_sample) VALUES ('starter-001', 'w-st-008', 7, FALSE) ON CONFLICT (pack_id, word_id) DO UPDATE SET sort_order=EXCLUDED.sort_order, is_free_sample=EXCLUDED.is_free_sample;
INSERT INTO words (word_id, korean, romanization, content_version) VALUES ('w-st-009', '실례합니다', 'sil-rye-ham-ni-da', 1) ON CONFLICT (word_id) DO UPDATE SET korean=EXCLUDED.korean, romanization=EXCLUDED.romanization;
INSERT INTO word_translations (word_id, locale, gloss, gloss_short, example_ko, example_en, content_version) VALUES ('w-st-009', 'en-US', 'excuse me', 'excuse me', '실례합니다.', 'Excuse me.', 1) ON CONFLICT (word_id, locale) DO UPDATE SET gloss=EXCLUDED.gloss, gloss_short=EXCLUDED.gloss_short, example_ko=EXCLUDED.example_ko, example_en=EXCLUDED.example_en;
INSERT INTO word_pack_members (pack_id, word_id, sort_order, is_free_sample) VALUES ('starter-001', 'w-st-009', 8, FALSE) ON CONFLICT (pack_id, word_id) DO UPDATE SET sort_order=EXCLUDED.sort_order, is_free_sample=EXCLUDED.is_free_sample;
INSERT INTO words (word_id, korean, romanization, content_version) VALUES ('w-st-010', '처음 뵙겠습니다', 'cheo-eum-boep-get-seum-ni-da', 1) ON CONFLICT (word_id) DO UPDATE SET korean=EXCLUDED.korean, romanization=EXCLUDED.romanization;
INSERT INTO word_translations (word_id, locale, gloss, gloss_short, example_ko, example_en, content_version) VALUES ('w-st-010', 'en-US', 'nice to meet you', 'nice to meet you', '처음 뵙겠습니다.', 'Nice to meet you.', 1) ON CONFLICT (word_id, locale) DO UPDATE SET gloss=EXCLUDED.gloss, gloss_short=EXCLUDED.gloss_short, example_ko=EXCLUDED.example_ko, example_en=EXCLUDED.example_en;
INSERT INTO word_pack_members (pack_id, word_id, sort_order, is_free_sample) VALUES ('starter-001', 'w-st-010', 9, FALSE) ON CONFLICT (pack_id, word_id) DO UPDATE SET sort_order=EXCLUDED.sort_order, is_free_sample=EXCLUDED.is_free_sample;
INSERT INTO words (word_id, korean, romanization, content_version) VALUES ('w-st-011', '사과', 'sa-gwa', 1) ON CONFLICT (word_id) DO UPDATE SET korean=EXCLUDED.korean, romanization=EXCLUDED.romanization;
INSERT INTO word_translations (word_id, locale, gloss, gloss_short, example_ko, example_en, content_version) VALUES ('w-st-011', 'en-US', 'apple', 'apple', '사과 주세요.', 'Apple, please.', 1) ON CONFLICT (word_id, locale) DO UPDATE SET gloss=EXCLUDED.gloss, gloss_short=EXCLUDED.gloss_short, example_ko=EXCLUDED.example_ko, example_en=EXCLUDED.example_en;
INSERT INTO word_pack_members (pack_id, word_id, sort_order, is_free_sample) VALUES ('starter-001', 'w-st-011', 10, FALSE) ON CONFLICT (pack_id, word_id) DO UPDATE SET sort_order=EXCLUDED.sort_order, is_free_sample=EXCLUDED.is_free_sample;
INSERT INTO words (word_id, korean, romanization, content_version) VALUES ('w-st-012', '물', 'mul', 1) ON CONFLICT (word_id) DO UPDATE SET korean=EXCLUDED.korean, romanization=EXCLUDED.romanization;
INSERT INTO word_translations (word_id, locale, gloss, gloss_short, example_ko, example_en, content_version) VALUES ('w-st-012', 'en-US', 'water', 'water', '물 한 잔 주세요.', 'A glass of water, please.', 1) ON CONFLICT (word_id, locale) DO UPDATE SET gloss=EXCLUDED.gloss, gloss_short=EXCLUDED.gloss_short, example_ko=EXCLUDED.example_ko, example_en=EXCLUDED.example_en;
INSERT INTO word_pack_members (pack_id, word_id, sort_order, is_free_sample) VALUES ('starter-001', 'w-st-012', 11, FALSE) ON CONFLICT (pack_id, word_id) DO UPDATE SET sort_order=EXCLUDED.sort_order, is_free_sample=EXCLUDED.is_free_sample;
INSERT INTO words (word_id, korean, romanization, content_version) VALUES ('w-st-013', '커피', 'keo-pi', 1) ON CONFLICT (word_id) DO UPDATE SET korean=EXCLUDED.korean, romanization=EXCLUDED.romanization;
INSERT INTO word_translations (word_id, locale, gloss, gloss_short, example_ko, example_en, content_version) VALUES ('w-st-013', 'en-US', 'coffee', 'coffee', '커피 한 잔이요.', 'One coffee, please.', 1) ON CONFLICT (word_id, locale) DO UPDATE SET gloss=EXCLUDED.gloss, gloss_short=EXCLUDED.gloss_short, example_ko=EXCLUDED.example_ko, example_en=EXCLUDED.example_en;
INSERT INTO word_pack_members (pack_id, word_id, sort_order, is_free_sample) VALUES ('starter-001', 'w-st-013', 12, FALSE) ON CONFLICT (pack_id, word_id) DO UPDATE SET sort_order=EXCLUDED.sort_order, is_free_sample=EXCLUDED.is_free_sample;
INSERT INTO words (word_id, korean, romanization, content_version) VALUES ('w-st-014', '차', 'cha', 1) ON CONFLICT (word_id) DO UPDATE SET korean=EXCLUDED.korean, romanization=EXCLUDED.romanization;
INSERT INTO word_translations (word_id, locale, gloss, gloss_short, example_ko, example_en, content_version) VALUES ('w-st-014', 'en-US', 'tea', 'tea', '차 주세요.', 'Tea, please.', 1) ON CONFLICT (word_id, locale) DO UPDATE SET gloss=EXCLUDED.gloss, gloss_short=EXCLUDED.gloss_short, example_ko=EXCLUDED.example_ko, example_en=EXCLUDED.example_en;
INSERT INTO word_pack_members (pack_id, word_id, sort_order, is_free_sample) VALUES ('starter-001', 'w-st-014', 13, FALSE) ON CONFLICT (pack_id, word_id) DO UPDATE SET sort_order=EXCLUDED.sort_order, is_free_sample=EXCLUDED.is_free_sample;
INSERT INTO words (word_id, korean, romanization, content_version) VALUES ('w-st-015', '밥', 'bap', 1) ON CONFLICT (word_id) DO UPDATE SET korean=EXCLUDED.korean, romanization=EXCLUDED.romanization;
INSERT INTO word_translations (word_id, locale, gloss, gloss_short, example_ko, example_en, content_version) VALUES ('w-st-015', 'en-US', 'rice / meal', 'rice / meal', '밥 먹었어요?', 'Have you eaten?', 1) ON CONFLICT (word_id, locale) DO UPDATE SET gloss=EXCLUDED.gloss, gloss_short=EXCLUDED.gloss_short, example_ko=EXCLUDED.example_ko, example_en=EXCLUDED.example_en;
INSERT INTO word_pack_members (pack_id, word_id, sort_order, is_free_sample) VALUES ('starter-001', 'w-st-015', 14, FALSE) ON CONFLICT (pack_id, word_id) DO UPDATE SET sort_order=EXCLUDED.sort_order, is_free_sample=EXCLUDED.is_free_sample;
INSERT INTO words (word_id, korean, romanization, content_version) VALUES ('w-st-016', '빵', 'ppang', 1) ON CONFLICT (word_id) DO UPDATE SET korean=EXCLUDED.korean, romanization=EXCLUDED.romanization;
INSERT INTO word_translations (word_id, locale, gloss, gloss_short, example_ko, example_en, content_version) VALUES ('w-st-016', 'en-US', 'bread', 'bread', '빵 주세요.', 'Bread, please.', 1) ON CONFLICT (word_id, locale) DO UPDATE SET gloss=EXCLUDED.gloss, gloss_short=EXCLUDED.gloss_short, example_ko=EXCLUDED.example_ko, example_en=EXCLUDED.example_en;
INSERT INTO word_pack_members (pack_id, word_id, sort_order, is_free_sample) VALUES ('starter-001', 'w-st-016', 15, FALSE) ON CONFLICT (pack_id, word_id) DO UPDATE SET sort_order=EXCLUDED.sort_order, is_free_sample=EXCLUDED.is_free_sample;
INSERT INTO words (word_id, korean, romanization, content_version) VALUES ('w-st-017', '맛있어요', 'ma-si-sseo-yo', 1) ON CONFLICT (word_id) DO UPDATE SET korean=EXCLUDED.korean, romanization=EXCLUDED.romanization;
INSERT INTO word_translations (word_id, locale, gloss, gloss_short, example_ko, example_en, content_version) VALUES ('w-st-017', 'en-US', 'tasty', 'tasty', '맛있어요!', 'It''s tasty!', 1) ON CONFLICT (word_id, locale) DO UPDATE SET gloss=EXCLUDED.gloss, gloss_short=EXCLUDED.gloss_short, example_ko=EXCLUDED.example_ko, example_en=EXCLUDED.example_en;
INSERT INTO word_pack_members (pack_id, word_id, sort_order, is_free_sample) VALUES ('starter-001', 'w-st-017', 16, FALSE) ON CONFLICT (pack_id, word_id) DO UPDATE SET sort_order=EXCLUDED.sort_order, is_free_sample=EXCLUDED.is_free_sample;
INSERT INTO words (word_id, korean, romanization, content_version) VALUES ('w-st-018', '주문', 'ju-mun', 1) ON CONFLICT (word_id) DO UPDATE SET korean=EXCLUDED.korean, romanization=EXCLUDED.romanization;
INSERT INTO word_translations (word_id, locale, gloss, gloss_short, example_ko, example_en, content_version) VALUES ('w-st-018', 'en-US', 'order', 'order', '주문할게요.', 'I''d like to order.', 1) ON CONFLICT (word_id, locale) DO UPDATE SET gloss=EXCLUDED.gloss, gloss_short=EXCLUDED.gloss_short, example_ko=EXCLUDED.example_ko, example_en=EXCLUDED.example_en;
INSERT INTO word_pack_members (pack_id, word_id, sort_order, is_free_sample) VALUES ('starter-001', 'w-st-018', 17, FALSE) ON CONFLICT (pack_id, word_id) DO UPDATE SET sort_order=EXCLUDED.sort_order, is_free_sample=EXCLUDED.is_free_sample;
INSERT INTO words (word_id, korean, romanization, content_version) VALUES ('w-st-019', '메뉴', 'me-nyu', 1) ON CONFLICT (word_id) DO UPDATE SET korean=EXCLUDED.korean, romanization=EXCLUDED.romanization;
INSERT INTO word_translations (word_id, locale, gloss, gloss_short, example_ko, example_en, content_version) VALUES ('w-st-019', 'en-US', 'menu', 'menu', '메뉴 주세요.', 'Menu, please.', 1) ON CONFLICT (word_id, locale) DO UPDATE SET gloss=EXCLUDED.gloss, gloss_short=EXCLUDED.gloss_short, example_ko=EXCLUDED.example_ko, example_en=EXCLUDED.example_en;
INSERT INTO word_pack_members (pack_id, word_id, sort_order, is_free_sample) VALUES ('starter-001', 'w-st-019', 18, FALSE) ON CONFLICT (pack_id, word_id) DO UPDATE SET sort_order=EXCLUDED.sort_order, is_free_sample=EXCLUDED.is_free_sample;
INSERT INTO words (word_id, korean, romanization, content_version) VALUES ('w-st-020', '계산', 'gye-san', 1) ON CONFLICT (word_id) DO UPDATE SET korean=EXCLUDED.korean, romanization=EXCLUDED.romanization;
INSERT INTO word_translations (word_id, locale, gloss, gloss_short, example_ko, example_en, content_version) VALUES ('w-st-020', 'en-US', 'check / payment', 'check / payment', '계산 부탁드려요.', 'The check, please.', 1) ON CONFLICT (word_id, locale) DO UPDATE SET gloss=EXCLUDED.gloss, gloss_short=EXCLUDED.gloss_short, example_ko=EXCLUDED.example_ko, example_en=EXCLUDED.example_en;
INSERT INTO word_pack_members (pack_id, word_id, sort_order, is_free_sample) VALUES ('starter-001', 'w-st-020', 19, FALSE) ON CONFLICT (pack_id, word_id) DO UPDATE SET sort_order=EXCLUDED.sort_order, is_free_sample=EXCLUDED.is_free_sample;
INSERT INTO words (word_id, korean, romanization, content_version) VALUES ('w-st-021', '여기', 'yeo-gi', 1) ON CONFLICT (word_id) DO UPDATE SET korean=EXCLUDED.korean, romanization=EXCLUDED.romanization;
INSERT INTO word_translations (word_id, locale, gloss, gloss_short, example_ko, example_en, content_version) VALUES ('w-st-021', 'en-US', 'here', 'here', '여기 주세요.', 'Right here, please.', 1) ON CONFLICT (word_id, locale) DO UPDATE SET gloss=EXCLUDED.gloss, gloss_short=EXCLUDED.gloss_short, example_ko=EXCLUDED.example_ko, example_en=EXCLUDED.example_en;
INSERT INTO word_pack_members (pack_id, word_id, sort_order, is_free_sample) VALUES ('starter-001', 'w-st-021', 20, FALSE) ON CONFLICT (pack_id, word_id) DO UPDATE SET sort_order=EXCLUDED.sort_order, is_free_sample=EXCLUDED.is_free_sample;
INSERT INTO words (word_id, korean, romanization, content_version) VALUES ('w-st-022', '어디', 'eo-di', 1) ON CONFLICT (word_id) DO UPDATE SET korean=EXCLUDED.korean, romanization=EXCLUDED.romanization;
INSERT INTO word_translations (word_id, locale, gloss, gloss_short, example_ko, example_en, content_version) VALUES ('w-st-022', 'en-US', 'where', 'where', '어디예요?', 'Where is it?', 1) ON CONFLICT (word_id, locale) DO UPDATE SET gloss=EXCLUDED.gloss, gloss_short=EXCLUDED.gloss_short, example_ko=EXCLUDED.example_ko, example_en=EXCLUDED.example_en;
INSERT INTO word_pack_members (pack_id, word_id, sort_order, is_free_sample) VALUES ('starter-001', 'w-st-022', 21, FALSE) ON CONFLICT (pack_id, word_id) DO UPDATE SET sort_order=EXCLUDED.sort_order, is_free_sample=EXCLUDED.is_free_sample;
INSERT INTO words (word_id, korean, romanization, content_version) VALUES ('w-st-023', '저기', 'jeo-gi', 1) ON CONFLICT (word_id) DO UPDATE SET korean=EXCLUDED.korean, romanization=EXCLUDED.romanization;
INSERT INTO word_translations (word_id, locale, gloss, gloss_short, example_ko, example_en, content_version) VALUES ('w-st-023', 'en-US', 'over there', 'over there', '저기 있어요.', 'It''s over there.', 1) ON CONFLICT (word_id, locale) DO UPDATE SET gloss=EXCLUDED.gloss, gloss_short=EXCLUDED.gloss_short, example_ko=EXCLUDED.example_ko, example_en=EXCLUDED.example_en;
INSERT INTO word_pack_members (pack_id, word_id, sort_order, is_free_sample) VALUES ('starter-001', 'w-st-023', 22, FALSE) ON CONFLICT (pack_id, word_id) DO UPDATE SET sort_order=EXCLUDED.sort_order, is_free_sample=EXCLUDED.is_free_sample;
INSERT INTO words (word_id, korean, romanization, content_version) VALUES ('w-st-024', '화장실', 'hwa-jang-sil', 1) ON CONFLICT (word_id) DO UPDATE SET korean=EXCLUDED.korean, romanization=EXCLUDED.romanization;
INSERT INTO word_translations (word_id, locale, gloss, gloss_short, example_ko, example_en, content_version) VALUES ('w-st-024', 'en-US', 'restroom', 'restroom', '화장실 어디예요?', 'Where is the restroom?', 1) ON CONFLICT (word_id, locale) DO UPDATE SET gloss=EXCLUDED.gloss, gloss_short=EXCLUDED.gloss_short, example_ko=EXCLUDED.example_ko, example_en=EXCLUDED.example_en;
INSERT INTO word_pack_members (pack_id, word_id, sort_order, is_free_sample) VALUES ('starter-001', 'w-st-024', 23, FALSE) ON CONFLICT (pack_id, word_id) DO UPDATE SET sort_order=EXCLUDED.sort_order, is_free_sample=EXCLUDED.is_free_sample;
INSERT INTO words (word_id, korean, romanization, content_version) VALUES ('w-st-025', '지하철', 'ji-ha-cheol', 1) ON CONFLICT (word_id) DO UPDATE SET korean=EXCLUDED.korean, romanization=EXCLUDED.romanization;
INSERT INTO word_translations (word_id, locale, gloss, gloss_short, example_ko, example_en, content_version) VALUES ('w-st-025', 'en-US', 'subway', 'subway', '지하철역이요.', 'Subway station.', 1) ON CONFLICT (word_id, locale) DO UPDATE SET gloss=EXCLUDED.gloss, gloss_short=EXCLUDED.gloss_short, example_ko=EXCLUDED.example_ko, example_en=EXCLUDED.example_en;
INSERT INTO word_pack_members (pack_id, word_id, sort_order, is_free_sample) VALUES ('starter-001', 'w-st-025', 24, FALSE) ON CONFLICT (pack_id, word_id) DO UPDATE SET sort_order=EXCLUDED.sort_order, is_free_sample=EXCLUDED.is_free_sample;
INSERT INTO words (word_id, korean, romanization, content_version) VALUES ('w-st-026', '버스', 'beo-seu', 1) ON CONFLICT (word_id) DO UPDATE SET korean=EXCLUDED.korean, romanization=EXCLUDED.romanization;
INSERT INTO word_translations (word_id, locale, gloss, gloss_short, example_ko, example_en, content_version) VALUES ('w-st-026', 'en-US', 'bus', 'bus', '버스 정류장.', 'Bus stop.', 1) ON CONFLICT (word_id, locale) DO UPDATE SET gloss=EXCLUDED.gloss, gloss_short=EXCLUDED.gloss_short, example_ko=EXCLUDED.example_ko, example_en=EXCLUDED.example_en;
INSERT INTO word_pack_members (pack_id, word_id, sort_order, is_free_sample) VALUES ('starter-001', 'w-st-026', 25, FALSE) ON CONFLICT (pack_id, word_id) DO UPDATE SET sort_order=EXCLUDED.sort_order, is_free_sample=EXCLUDED.is_free_sample;
INSERT INTO words (word_id, korean, romanization, content_version) VALUES ('w-st-027', '택시', 'taek-si', 1) ON CONFLICT (word_id) DO UPDATE SET korean=EXCLUDED.korean, romanization=EXCLUDED.romanization;
INSERT INTO word_translations (word_id, locale, gloss, gloss_short, example_ko, example_en, content_version) VALUES ('w-st-027', 'en-US', 'taxi', 'taxi', '택시 주세요.', 'Taxi, please.', 1) ON CONFLICT (word_id, locale) DO UPDATE SET gloss=EXCLUDED.gloss, gloss_short=EXCLUDED.gloss_short, example_ko=EXCLUDED.example_ko, example_en=EXCLUDED.example_en;
INSERT INTO word_pack_members (pack_id, word_id, sort_order, is_free_sample) VALUES ('starter-001', 'w-st-027', 26, FALSE) ON CONFLICT (pack_id, word_id) DO UPDATE SET sort_order=EXCLUDED.sort_order, is_free_sample=EXCLUDED.is_free_sample;
INSERT INTO words (word_id, korean, romanization, content_version) VALUES ('w-st-028', '공항', 'gong-hang', 1) ON CONFLICT (word_id) DO UPDATE SET korean=EXCLUDED.korean, romanization=EXCLUDED.romanization;
INSERT INTO word_translations (word_id, locale, gloss, gloss_short, example_ko, example_en, content_version) VALUES ('w-st-028', 'en-US', 'airport', 'airport', '공항 가요.', 'I''m going to the airport.', 1) ON CONFLICT (word_id, locale) DO UPDATE SET gloss=EXCLUDED.gloss, gloss_short=EXCLUDED.gloss_short, example_ko=EXCLUDED.example_ko, example_en=EXCLUDED.example_en;
INSERT INTO word_pack_members (pack_id, word_id, sort_order, is_free_sample) VALUES ('starter-001', 'w-st-028', 27, FALSE) ON CONFLICT (pack_id, word_id) DO UPDATE SET sort_order=EXCLUDED.sort_order, is_free_sample=EXCLUDED.is_free_sample;
INSERT INTO words (word_id, korean, romanization, content_version) VALUES ('w-st-029', '하나', 'ha-na', 1) ON CONFLICT (word_id) DO UPDATE SET korean=EXCLUDED.korean, romanization=EXCLUDED.romanization;
INSERT INTO word_translations (word_id, locale, gloss, gloss_short, example_ko, example_en, content_version) VALUES ('w-st-029', 'en-US', 'one', 'one', '하나 주세요.', 'One, please.', 1) ON CONFLICT (word_id, locale) DO UPDATE SET gloss=EXCLUDED.gloss, gloss_short=EXCLUDED.gloss_short, example_ko=EXCLUDED.example_ko, example_en=EXCLUDED.example_en;
INSERT INTO word_pack_members (pack_id, word_id, sort_order, is_free_sample) VALUES ('starter-001', 'w-st-029', 28, FALSE) ON CONFLICT (pack_id, word_id) DO UPDATE SET sort_order=EXCLUDED.sort_order, is_free_sample=EXCLUDED.is_free_sample;
INSERT INTO words (word_id, korean, romanization, content_version) VALUES ('w-st-030', '둘', 'dul', 1) ON CONFLICT (word_id) DO UPDATE SET korean=EXCLUDED.korean, romanization=EXCLUDED.romanization;
INSERT INTO word_translations (word_id, locale, gloss, gloss_short, example_ko, example_en, content_version) VALUES ('w-st-030', 'en-US', 'two', 'two', '둘이요.', 'Two of us.', 1) ON CONFLICT (word_id, locale) DO UPDATE SET gloss=EXCLUDED.gloss, gloss_short=EXCLUDED.gloss_short, example_ko=EXCLUDED.example_ko, example_en=EXCLUDED.example_en;
INSERT INTO word_pack_members (pack_id, word_id, sort_order, is_free_sample) VALUES ('starter-001', 'w-st-030', 29, FALSE) ON CONFLICT (pack_id, word_id) DO UPDATE SET sort_order=EXCLUDED.sort_order, is_free_sample=EXCLUDED.is_free_sample;
INSERT INTO words (word_id, korean, romanization, content_version) VALUES ('w-st-031', '셋', 'set', 1) ON CONFLICT (word_id) DO UPDATE SET korean=EXCLUDED.korean, romanization=EXCLUDED.romanization;
INSERT INTO word_translations (word_id, locale, gloss, gloss_short, example_ko, example_en, content_version) VALUES ('w-st-031', 'en-US', 'three', 'three', '셋 주세요.', 'Three, please.', 1) ON CONFLICT (word_id, locale) DO UPDATE SET gloss=EXCLUDED.gloss, gloss_short=EXCLUDED.gloss_short, example_ko=EXCLUDED.example_ko, example_en=EXCLUDED.example_en;
INSERT INTO word_pack_members (pack_id, word_id, sort_order, is_free_sample) VALUES ('starter-001', 'w-st-031', 30, FALSE) ON CONFLICT (pack_id, word_id) DO UPDATE SET sort_order=EXCLUDED.sort_order, is_free_sample=EXCLUDED.is_free_sample;
INSERT INTO words (word_id, korean, romanization, content_version) VALUES ('w-st-032', '넷', 'net', 1) ON CONFLICT (word_id) DO UPDATE SET korean=EXCLUDED.korean, romanization=EXCLUDED.romanization;
INSERT INTO word_translations (word_id, locale, gloss, gloss_short, example_ko, example_en, content_version) VALUES ('w-st-032', 'en-US', 'four', 'four', '넷이요.', 'Four.', 1) ON CONFLICT (word_id, locale) DO UPDATE SET gloss=EXCLUDED.gloss, gloss_short=EXCLUDED.gloss_short, example_ko=EXCLUDED.example_ko, example_en=EXCLUDED.example_en;
INSERT INTO word_pack_members (pack_id, word_id, sort_order, is_free_sample) VALUES ('starter-001', 'w-st-032', 31, FALSE) ON CONFLICT (pack_id, word_id) DO UPDATE SET sort_order=EXCLUDED.sort_order, is_free_sample=EXCLUDED.is_free_sample;
INSERT INTO words (word_id, korean, romanization, content_version) VALUES ('w-st-033', '오늘', 'o-neul', 1) ON CONFLICT (word_id) DO UPDATE SET korean=EXCLUDED.korean, romanization=EXCLUDED.romanization;
INSERT INTO word_translations (word_id, locale, gloss, gloss_short, example_ko, example_en, content_version) VALUES ('w-st-033', 'en-US', 'today', 'today', '오늘 비 와요.', 'It''s raining today.', 1) ON CONFLICT (word_id, locale) DO UPDATE SET gloss=EXCLUDED.gloss, gloss_short=EXCLUDED.gloss_short, example_ko=EXCLUDED.example_ko, example_en=EXCLUDED.example_en;
INSERT INTO word_pack_members (pack_id, word_id, sort_order, is_free_sample) VALUES ('starter-001', 'w-st-033', 32, FALSE) ON CONFLICT (pack_id, word_id) DO UPDATE SET sort_order=EXCLUDED.sort_order, is_free_sample=EXCLUDED.is_free_sample;
INSERT INTO words (word_id, korean, romanization, content_version) VALUES ('w-st-034', '어제', 'eo-je', 1) ON CONFLICT (word_id) DO UPDATE SET korean=EXCLUDED.korean, romanization=EXCLUDED.romanization;
INSERT INTO word_translations (word_id, locale, gloss, gloss_short, example_ko, example_en, content_version) VALUES ('w-st-034', 'en-US', 'yesterday', 'yesterday', '어제 갔어요.', 'I went yesterday.', 1) ON CONFLICT (word_id, locale) DO UPDATE SET gloss=EXCLUDED.gloss, gloss_short=EXCLUDED.gloss_short, example_ko=EXCLUDED.example_ko, example_en=EXCLUDED.example_en;
INSERT INTO word_pack_members (pack_id, word_id, sort_order, is_free_sample) VALUES ('starter-001', 'w-st-034', 33, FALSE) ON CONFLICT (pack_id, word_id) DO UPDATE SET sort_order=EXCLUDED.sort_order, is_free_sample=EXCLUDED.is_free_sample;
INSERT INTO words (word_id, korean, romanization, content_version) VALUES ('w-st-035', '내일', 'nae-il', 1) ON CONFLICT (word_id) DO UPDATE SET korean=EXCLUDED.korean, romanization=EXCLUDED.romanization;
INSERT INTO word_translations (word_id, locale, gloss, gloss_short, example_ko, example_en, content_version) VALUES ('w-st-035', 'en-US', 'tomorrow', 'tomorrow', '내일 봐요.', 'See you tomorrow.', 1) ON CONFLICT (word_id, locale) DO UPDATE SET gloss=EXCLUDED.gloss, gloss_short=EXCLUDED.gloss_short, example_ko=EXCLUDED.example_ko, example_en=EXCLUDED.example_en;
INSERT INTO word_pack_members (pack_id, word_id, sort_order, is_free_sample) VALUES ('starter-001', 'w-st-035', 34, FALSE) ON CONFLICT (pack_id, word_id) DO UPDATE SET sort_order=EXCLUDED.sort_order, is_free_sample=EXCLUDED.is_free_sample;
INSERT INTO words (word_id, korean, romanization, content_version) VALUES ('w-st-036', '지금', 'ji-geum', 1) ON CONFLICT (word_id) DO UPDATE SET korean=EXCLUDED.korean, romanization=EXCLUDED.romanization;
INSERT INTO word_translations (word_id, locale, gloss, gloss_short, example_ko, example_en, content_version) VALUES ('w-st-036', 'en-US', 'now', 'now', '지금 가요.', 'I''m going now.', 1) ON CONFLICT (word_id, locale) DO UPDATE SET gloss=EXCLUDED.gloss, gloss_short=EXCLUDED.gloss_short, example_ko=EXCLUDED.example_ko, example_en=EXCLUDED.example_en;
INSERT INTO word_pack_members (pack_id, word_id, sort_order, is_free_sample) VALUES ('starter-001', 'w-st-036', 35, FALSE) ON CONFLICT (pack_id, word_id) DO UPDATE SET sort_order=EXCLUDED.sort_order, is_free_sample=EXCLUDED.is_free_sample;
INSERT INTO words (word_id, korean, romanization, content_version) VALUES ('w-st-037', '나', 'na', 1) ON CONFLICT (word_id) DO UPDATE SET korean=EXCLUDED.korean, romanization=EXCLUDED.romanization;
INSERT INTO word_translations (word_id, locale, gloss, gloss_short, example_ko, example_en, content_version) VALUES ('w-st-037', 'en-US', 'I (informal)', 'I', '나 좋아요.', 'I like it.', 1) ON CONFLICT (word_id, locale) DO UPDATE SET gloss=EXCLUDED.gloss, gloss_short=EXCLUDED.gloss_short, example_ko=EXCLUDED.example_ko, example_en=EXCLUDED.example_en;
INSERT INTO word_pack_members (pack_id, word_id, sort_order, is_free_sample) VALUES ('starter-001', 'w-st-037', 36, FALSE) ON CONFLICT (pack_id, word_id) DO UPDATE SET sort_order=EXCLUDED.sort_order, is_free_sample=EXCLUDED.is_free_sample;
INSERT INTO words (word_id, korean, romanization, content_version) VALUES ('w-st-038', '저', 'jeo', 1) ON CONFLICT (word_id) DO UPDATE SET korean=EXCLUDED.korean, romanization=EXCLUDED.romanization;
INSERT INTO word_translations (word_id, locale, gloss, gloss_short, example_ko, example_en, content_version) VALUES ('w-st-038', 'en-US', 'I (formal)', 'I', '저는 학생이에요.', 'I am a student.', 1) ON CONFLICT (word_id, locale) DO UPDATE SET gloss=EXCLUDED.gloss, gloss_short=EXCLUDED.gloss_short, example_ko=EXCLUDED.example_ko, example_en=EXCLUDED.example_en;
INSERT INTO word_pack_members (pack_id, word_id, sort_order, is_free_sample) VALUES ('starter-001', 'w-st-038', 37, FALSE) ON CONFLICT (pack_id, word_id) DO UPDATE SET sort_order=EXCLUDED.sort_order, is_free_sample=EXCLUDED.is_free_sample;
INSERT INTO words (word_id, korean, romanization, content_version) VALUES ('w-st-039', '너', 'neo', 1) ON CONFLICT (word_id) DO UPDATE SET korean=EXCLUDED.korean, romanization=EXCLUDED.romanization;
INSERT INTO word_translations (word_id, locale, gloss, gloss_short, example_ko, example_en, content_version) VALUES ('w-st-039', 'en-US', 'you (informal)', 'you', '너 어디 가?', 'Where are you going?', 1) ON CONFLICT (word_id, locale) DO UPDATE SET gloss=EXCLUDED.gloss, gloss_short=EXCLUDED.gloss_short, example_ko=EXCLUDED.example_ko, example_en=EXCLUDED.example_en;
INSERT INTO word_pack_members (pack_id, word_id, sort_order, is_free_sample) VALUES ('starter-001', 'w-st-039', 38, FALSE) ON CONFLICT (pack_id, word_id) DO UPDATE SET sort_order=EXCLUDED.sort_order, is_free_sample=EXCLUDED.is_free_sample;
INSERT INTO words (word_id, korean, romanization, content_version) VALUES ('w-st-040', '우리', 'u-ri', 1) ON CONFLICT (word_id) DO UPDATE SET korean=EXCLUDED.korean, romanization=EXCLUDED.romanization;
INSERT INTO word_translations (word_id, locale, gloss, gloss_short, example_ko, example_en, content_version) VALUES ('w-st-040', 'en-US', 'we / our', 'we / our', '우리 가요.', 'Let''s go.', 1) ON CONFLICT (word_id, locale) DO UPDATE SET gloss=EXCLUDED.gloss, gloss_short=EXCLUDED.gloss_short, example_ko=EXCLUDED.example_ko, example_en=EXCLUDED.example_en;
INSERT INTO word_pack_members (pack_id, word_id, sort_order, is_free_sample) VALUES ('starter-001', 'w-st-040', 39, FALSE) ON CONFLICT (pack_id, word_id) DO UPDATE SET sort_order=EXCLUDED.sort_order, is_free_sample=EXCLUDED.is_free_sample;
INSERT INTO words (word_id, korean, romanization, content_version) VALUES ('w-st-041', '이름', 'i-reum', 1) ON CONFLICT (word_id) DO UPDATE SET korean=EXCLUDED.korean, romanization=EXCLUDED.romanization;
INSERT INTO word_translations (word_id, locale, gloss, gloss_short, example_ko, example_en, content_version) VALUES ('w-st-041', 'en-US', 'name', 'name', '이름이 뭐예요?', 'What''s your name?', 1) ON CONFLICT (word_id, locale) DO UPDATE SET gloss=EXCLUDED.gloss, gloss_short=EXCLUDED.gloss_short, example_ko=EXCLUDED.example_ko, example_en=EXCLUDED.example_en;
INSERT INTO word_pack_members (pack_id, word_id, sort_order, is_free_sample) VALUES ('starter-001', 'w-st-041', 40, FALSE) ON CONFLICT (pack_id, word_id) DO UPDATE SET sort_order=EXCLUDED.sort_order, is_free_sample=EXCLUDED.is_free_sample;
INSERT INTO words (word_id, korean, romanization, content_version) VALUES ('w-st-042', '친구', 'chin-gu', 1) ON CONFLICT (word_id) DO UPDATE SET korean=EXCLUDED.korean, romanization=EXCLUDED.romanization;
INSERT INTO word_translations (word_id, locale, gloss, gloss_short, example_ko, example_en, content_version) VALUES ('w-st-042', 'en-US', 'friend', 'friend', '친구 만나요.', 'I''m meeting a friend.', 1) ON CONFLICT (word_id, locale) DO UPDATE SET gloss=EXCLUDED.gloss, gloss_short=EXCLUDED.gloss_short, example_ko=EXCLUDED.example_ko, example_en=EXCLUDED.example_en;
INSERT INTO word_pack_members (pack_id, word_id, sort_order, is_free_sample) VALUES ('starter-001', 'w-st-042', 41, FALSE) ON CONFLICT (pack_id, word_id) DO UPDATE SET sort_order=EXCLUDED.sort_order, is_free_sample=EXCLUDED.is_free_sample;
INSERT INTO words (word_id, korean, romanization, content_version) VALUES ('w-st-043', '좋아요', 'jo-a-yo', 1) ON CONFLICT (word_id) DO UPDATE SET korean=EXCLUDED.korean, romanization=EXCLUDED.romanization;
INSERT INTO word_translations (word_id, locale, gloss, gloss_short, example_ko, example_en, content_version) VALUES ('w-st-043', 'en-US', 'good / I like it', 'good / I like it', '좋아요!', 'Sounds good!', 1) ON CONFLICT (word_id, locale) DO UPDATE SET gloss=EXCLUDED.gloss, gloss_short=EXCLUDED.gloss_short, example_ko=EXCLUDED.example_ko, example_en=EXCLUDED.example_en;
INSERT INTO word_pack_members (pack_id, word_id, sort_order, is_free_sample) VALUES ('starter-001', 'w-st-043', 42, FALSE) ON CONFLICT (pack_id, word_id) DO UPDATE SET sort_order=EXCLUDED.sort_order, is_free_sample=EXCLUDED.is_free_sample;
INSERT INTO words (word_id, korean, romanization, content_version) VALUES ('w-st-044', '싫어요', 'si-reo-yo', 1) ON CONFLICT (word_id) DO UPDATE SET korean=EXCLUDED.korean, romanization=EXCLUDED.romanization;
INSERT INTO word_translations (word_id, locale, gloss, gloss_short, example_ko, example_en, content_version) VALUES ('w-st-044', 'en-US', 'I don''t like', 'I don''t like', '이거 싫어요.', 'I don''t like this.', 1) ON CONFLICT (word_id, locale) DO UPDATE SET gloss=EXCLUDED.gloss, gloss_short=EXCLUDED.gloss_short, example_ko=EXCLUDED.example_ko, example_en=EXCLUDED.example_en;
INSERT INTO word_pack_members (pack_id, word_id, sort_order, is_free_sample) VALUES ('starter-001', 'w-st-044', 43, FALSE) ON CONFLICT (pack_id, word_id) DO UPDATE SET sort_order=EXCLUDED.sort_order, is_free_sample=EXCLUDED.is_free_sample;
INSERT INTO words (word_id, korean, romanization, content_version) VALUES ('w-st-045', '많아요', 'ma-na-yo', 1) ON CONFLICT (word_id) DO UPDATE SET korean=EXCLUDED.korean, romanization=EXCLUDED.romanization;
INSERT INTO word_translations (word_id, locale, gloss, gloss_short, example_ko, example_en, content_version) VALUES ('w-st-045', 'en-US', 'many / a lot', 'many / a lot', '사람 많아요.', 'There are many people.', 1) ON CONFLICT (word_id, locale) DO UPDATE SET gloss=EXCLUDED.gloss, gloss_short=EXCLUDED.gloss_short, example_ko=EXCLUDED.example_ko, example_en=EXCLUDED.example_en;
INSERT INTO word_pack_members (pack_id, word_id, sort_order, is_free_sample) VALUES ('starter-001', 'w-st-045', 44, FALSE) ON CONFLICT (pack_id, word_id) DO UPDATE SET sort_order=EXCLUDED.sort_order, is_free_sample=EXCLUDED.is_free_sample;
INSERT INTO words (word_id, korean, romanization, content_version) VALUES ('w-st-046', '적어요', 'jeo-geo-yo', 1) ON CONFLICT (word_id) DO UPDATE SET korean=EXCLUDED.korean, romanization=EXCLUDED.romanization;
INSERT INTO word_translations (word_id, locale, gloss, gloss_short, example_ko, example_en, content_version) VALUES ('w-st-046', 'en-US', 'few / a little', 'few / a little', '사람 적어요.', 'Few people.', 1) ON CONFLICT (word_id, locale) DO UPDATE SET gloss=EXCLUDED.gloss, gloss_short=EXCLUDED.gloss_short, example_ko=EXCLUDED.example_ko, example_en=EXCLUDED.example_en;
INSERT INTO word_pack_members (pack_id, word_id, sort_order, is_free_sample) VALUES ('starter-001', 'w-st-046', 45, FALSE) ON CONFLICT (pack_id, word_id) DO UPDATE SET sort_order=EXCLUDED.sort_order, is_free_sample=EXCLUDED.is_free_sample;
INSERT INTO words (word_id, korean, romanization, content_version) VALUES ('w-st-047', '있어요', 'i-sseo-yo', 1) ON CONFLICT (word_id) DO UPDATE SET korean=EXCLUDED.korean, romanization=EXCLUDED.romanization;
INSERT INTO word_translations (word_id, locale, gloss, gloss_short, example_ko, example_en, content_version) VALUES ('w-st-047', 'en-US', 'there is / I have', 'there is / I have', '물 있어요.', 'I have water.', 1) ON CONFLICT (word_id, locale) DO UPDATE SET gloss=EXCLUDED.gloss, gloss_short=EXCLUDED.gloss_short, example_ko=EXCLUDED.example_ko, example_en=EXCLUDED.example_en;
INSERT INTO word_pack_members (pack_id, word_id, sort_order, is_free_sample) VALUES ('starter-001', 'w-st-047', 46, FALSE) ON CONFLICT (pack_id, word_id) DO UPDATE SET sort_order=EXCLUDED.sort_order, is_free_sample=EXCLUDED.is_free_sample;
INSERT INTO words (word_id, korean, romanization, content_version) VALUES ('w-st-048', '없어요', 'eop-seo-yo', 1) ON CONFLICT (word_id) DO UPDATE SET korean=EXCLUDED.korean, romanization=EXCLUDED.romanization;
INSERT INTO word_translations (word_id, locale, gloss, gloss_short, example_ko, example_en, content_version) VALUES ('w-st-048', 'en-US', 'don''t have', 'don''t have', '시간 없어요.', 'I don''t have time.', 1) ON CONFLICT (word_id, locale) DO UPDATE SET gloss=EXCLUDED.gloss, gloss_short=EXCLUDED.gloss_short, example_ko=EXCLUDED.example_ko, example_en=EXCLUDED.example_en;
INSERT INTO word_pack_members (pack_id, word_id, sort_order, is_free_sample) VALUES ('starter-001', 'w-st-048', 47, FALSE) ON CONFLICT (pack_id, word_id) DO UPDATE SET sort_order=EXCLUDED.sort_order, is_free_sample=EXCLUDED.is_free_sample;
INSERT INTO words (word_id, korean, romanization, content_version) VALUES ('w-st-049', '예뻐요', 'ye-ppeo-yo', 1) ON CONFLICT (word_id) DO UPDATE SET korean=EXCLUDED.korean, romanization=EXCLUDED.romanization;
INSERT INTO word_translations (word_id, locale, gloss, gloss_short, example_ko, example_en, content_version) VALUES ('w-st-049', 'en-US', 'pretty', 'pretty', '정말 예뻐요!', 'Really pretty!', 1) ON CONFLICT (word_id, locale) DO UPDATE SET gloss=EXCLUDED.gloss, gloss_short=EXCLUDED.gloss_short, example_ko=EXCLUDED.example_ko, example_en=EXCLUDED.example_en;
INSERT INTO word_pack_members (pack_id, word_id, sort_order, is_free_sample) VALUES ('starter-001', 'w-st-049', 48, FALSE) ON CONFLICT (pack_id, word_id) DO UPDATE SET sort_order=EXCLUDED.sort_order, is_free_sample=EXCLUDED.is_free_sample;
INSERT INTO words (word_id, korean, romanization, content_version) VALUES ('w-st-050', '귀여워요', 'gwi-yeo-wo-yo', 1) ON CONFLICT (word_id) DO UPDATE SET korean=EXCLUDED.korean, romanization=EXCLUDED.romanization;
INSERT INTO word_translations (word_id, locale, gloss, gloss_short, example_ko, example_en, content_version) VALUES ('w-st-050', 'en-US', 'cute', 'cute', '강아지 귀여워요.', 'The puppy is cute.', 1) ON CONFLICT (word_id, locale) DO UPDATE SET gloss=EXCLUDED.gloss, gloss_short=EXCLUDED.gloss_short, example_ko=EXCLUDED.example_ko, example_en=EXCLUDED.example_en;
INSERT INTO word_pack_members (pack_id, word_id, sort_order, is_free_sample) VALUES ('starter-001', 'w-st-050', 49, FALSE) ON CONFLICT (pack_id, word_id) DO UPDATE SET sort_order=EXCLUDED.sort_order, is_free_sample=EXCLUDED.is_free_sample;
INSERT INTO words (word_id, korean, romanization, content_version) VALUES ('w-st-051', '뭐', 'mwo', 1) ON CONFLICT (word_id) DO UPDATE SET korean=EXCLUDED.korean, romanization=EXCLUDED.romanization;
INSERT INTO word_translations (word_id, locale, gloss, gloss_short, example_ko, example_en, content_version) VALUES ('w-st-051', 'en-US', 'what', 'what', '뭐예요?', 'What is it?', 1) ON CONFLICT (word_id, locale) DO UPDATE SET gloss=EXCLUDED.gloss, gloss_short=EXCLUDED.gloss_short, example_ko=EXCLUDED.example_ko, example_en=EXCLUDED.example_en;
INSERT INTO word_pack_members (pack_id, word_id, sort_order, is_free_sample) VALUES ('starter-001', 'w-st-051', 50, FALSE) ON CONFLICT (pack_id, word_id) DO UPDATE SET sort_order=EXCLUDED.sort_order, is_free_sample=EXCLUDED.is_free_sample;
INSERT INTO words (word_id, korean, romanization, content_version) VALUES ('w-st-052', '어떻게', 'eo-tteo-ke', 1) ON CONFLICT (word_id) DO UPDATE SET korean=EXCLUDED.korean, romanization=EXCLUDED.romanization;
INSERT INTO word_translations (word_id, locale, gloss, gloss_short, example_ko, example_en, content_version) VALUES ('w-st-052', 'en-US', 'how', 'how', '어떻게 가요?', 'How do I get there?', 1) ON CONFLICT (word_id, locale) DO UPDATE SET gloss=EXCLUDED.gloss, gloss_short=EXCLUDED.gloss_short, example_ko=EXCLUDED.example_ko, example_en=EXCLUDED.example_en;
INSERT INTO word_pack_members (pack_id, word_id, sort_order, is_free_sample) VALUES ('starter-001', 'w-st-052', 51, FALSE) ON CONFLICT (pack_id, word_id) DO UPDATE SET sort_order=EXCLUDED.sort_order, is_free_sample=EXCLUDED.is_free_sample;
INSERT INTO words (word_id, korean, romanization, content_version) VALUES ('w-st-053', '왜', 'wae', 1) ON CONFLICT (word_id) DO UPDATE SET korean=EXCLUDED.korean, romanization=EXCLUDED.romanization;
INSERT INTO word_translations (word_id, locale, gloss, gloss_short, example_ko, example_en, content_version) VALUES ('w-st-053', 'en-US', 'why', 'why', '왜요?', 'Why?', 1) ON CONFLICT (word_id, locale) DO UPDATE SET gloss=EXCLUDED.gloss, gloss_short=EXCLUDED.gloss_short, example_ko=EXCLUDED.example_ko, example_en=EXCLUDED.example_en;
INSERT INTO word_pack_members (pack_id, word_id, sort_order, is_free_sample) VALUES ('starter-001', 'w-st-053', 52, FALSE) ON CONFLICT (pack_id, word_id) DO UPDATE SET sort_order=EXCLUDED.sort_order, is_free_sample=EXCLUDED.is_free_sample;
INSERT INTO words (word_id, korean, romanization, content_version) VALUES ('w-st-054', '언제', 'eon-je', 1) ON CONFLICT (word_id) DO UPDATE SET korean=EXCLUDED.korean, romanization=EXCLUDED.romanization;
INSERT INTO word_translations (word_id, locale, gloss, gloss_short, example_ko, example_en, content_version) VALUES ('w-st-054', 'en-US', 'when', 'when', '언제 와요?', 'When are you coming?', 1) ON CONFLICT (word_id, locale) DO UPDATE SET gloss=EXCLUDED.gloss, gloss_short=EXCLUDED.gloss_short, example_ko=EXCLUDED.example_ko, example_en=EXCLUDED.example_en;
INSERT INTO word_pack_members (pack_id, word_id, sort_order, is_free_sample) VALUES ('starter-001', 'w-st-054', 53, FALSE) ON CONFLICT (pack_id, word_id) DO UPDATE SET sort_order=EXCLUDED.sort_order, is_free_sample=EXCLUDED.is_free_sample;
INSERT INTO words (word_id, korean, romanization, content_version) VALUES ('w-st-055', '누구', 'nu-gu', 1) ON CONFLICT (word_id) DO UPDATE SET korean=EXCLUDED.korean, romanization=EXCLUDED.romanization;
INSERT INTO word_translations (word_id, locale, gloss, gloss_short, example_ko, example_en, content_version) VALUES ('w-st-055', 'en-US', 'who', 'who', '누구예요?', 'Who is it?', 1) ON CONFLICT (word_id, locale) DO UPDATE SET gloss=EXCLUDED.gloss, gloss_short=EXCLUDED.gloss_short, example_ko=EXCLUDED.example_ko, example_en=EXCLUDED.example_en;
INSERT INTO word_pack_members (pack_id, word_id, sort_order, is_free_sample) VALUES ('starter-001', 'w-st-055', 54, FALSE) ON CONFLICT (pack_id, word_id) DO UPDATE SET sort_order=EXCLUDED.sort_order, is_free_sample=EXCLUDED.is_free_sample;
INSERT INTO words (word_id, korean, romanization, content_version) VALUES ('w-st-056', '주세요', 'ju-se-yo', 1) ON CONFLICT (word_id) DO UPDATE SET korean=EXCLUDED.korean, romanization=EXCLUDED.romanization;
INSERT INTO word_translations (word_id, locale, gloss, gloss_short, example_ko, example_en, content_version) VALUES ('w-st-056', 'en-US', 'please give me', 'please give me', '물 주세요.', 'Water, please.', 1) ON CONFLICT (word_id, locale) DO UPDATE SET gloss=EXCLUDED.gloss, gloss_short=EXCLUDED.gloss_short, example_ko=EXCLUDED.example_ko, example_en=EXCLUDED.example_en;
INSERT INTO word_pack_members (pack_id, word_id, sort_order, is_free_sample) VALUES ('starter-001', 'w-st-056', 55, FALSE) ON CONFLICT (pack_id, word_id) DO UPDATE SET sort_order=EXCLUDED.sort_order, is_free_sample=EXCLUDED.is_free_sample;
INSERT INTO words (word_id, korean, romanization, content_version) VALUES ('w-st-057', '이에요', 'i-e-yo', 1) ON CONFLICT (word_id) DO UPDATE SET korean=EXCLUDED.korean, romanization=EXCLUDED.romanization;
INSERT INTO word_translations (word_id, locale, gloss, gloss_short, example_ko, example_en, content_version) VALUES ('w-st-057', 'en-US', 'is (after consonant)', 'is', '학생이에요.', 'I''m a student.', 1) ON CONFLICT (word_id, locale) DO UPDATE SET gloss=EXCLUDED.gloss, gloss_short=EXCLUDED.gloss_short, example_ko=EXCLUDED.example_ko, example_en=EXCLUDED.example_en;
INSERT INTO word_pack_members (pack_id, word_id, sort_order, is_free_sample) VALUES ('starter-001', 'w-st-057', 56, FALSE) ON CONFLICT (pack_id, word_id) DO UPDATE SET sort_order=EXCLUDED.sort_order, is_free_sample=EXCLUDED.is_free_sample;
INSERT INTO words (word_id, korean, romanization, content_version) VALUES ('w-st-058', '예요', 'ye-yo', 1) ON CONFLICT (word_id) DO UPDATE SET korean=EXCLUDED.korean, romanization=EXCLUDED.romanization;
INSERT INTO word_translations (word_id, locale, gloss, gloss_short, example_ko, example_en, content_version) VALUES ('w-st-058', 'en-US', 'is (after vowel)', 'is', '친구예요.', '(He) is a friend.', 1) ON CONFLICT (word_id, locale) DO UPDATE SET gloss=EXCLUDED.gloss, gloss_short=EXCLUDED.gloss_short, example_ko=EXCLUDED.example_ko, example_en=EXCLUDED.example_en;
INSERT INTO word_pack_members (pack_id, word_id, sort_order, is_free_sample) VALUES ('starter-001', 'w-st-058', 57, FALSE) ON CONFLICT (pack_id, word_id) DO UPDATE SET sort_order=EXCLUDED.sort_order, is_free_sample=EXCLUDED.is_free_sample;
INSERT INTO words (word_id, korean, romanization, content_version) VALUES ('w-st-059', '은/는', 'eun/neun', 1) ON CONFLICT (word_id) DO UPDATE SET korean=EXCLUDED.korean, romanization=EXCLUDED.romanization;
INSERT INTO word_translations (word_id, locale, gloss, gloss_short, example_ko, example_en, content_version) VALUES ('w-st-059', 'en-US', 'topic marker', 'topic marker', '저는 한국 사람이에요.', 'I am Korean.', 1) ON CONFLICT (word_id, locale) DO UPDATE SET gloss=EXCLUDED.gloss, gloss_short=EXCLUDED.gloss_short, example_ko=EXCLUDED.example_ko, example_en=EXCLUDED.example_en;
INSERT INTO word_pack_members (pack_id, word_id, sort_order, is_free_sample) VALUES ('starter-001', 'w-st-059', 58, FALSE) ON CONFLICT (pack_id, word_id) DO UPDATE SET sort_order=EXCLUDED.sort_order, is_free_sample=EXCLUDED.is_free_sample;
INSERT INTO words (word_id, korean, romanization, content_version) VALUES ('w-st-060', '이/가', 'i/ga', 1) ON CONFLICT (word_id) DO UPDATE SET korean=EXCLUDED.korean, romanization=EXCLUDED.romanization;
INSERT INTO word_translations (word_id, locale, gloss, gloss_short, example_ko, example_en, content_version) VALUES ('w-st-060', 'en-US', 'subject marker', 'subject marker', '친구가 와요.', '(My) friend is coming.', 1) ON CONFLICT (word_id, locale) DO UPDATE SET gloss=EXCLUDED.gloss, gloss_short=EXCLUDED.gloss_short, example_ko=EXCLUDED.example_ko, example_en=EXCLUDED.example_en;
INSERT INTO word_pack_members (pack_id, word_id, sort_order, is_free_sample) VALUES ('starter-001', 'w-st-060', 59, FALSE) ON CONFLICT (pack_id, word_id) DO UPDATE SET sort_order=EXCLUDED.sort_order, is_free_sample=EXCLUDED.is_free_sample;
INSERT INTO words (word_id, korean, romanization, content_version) VALUES ('w-adj-001', '크다', 'keu-da', 1) ON CONFLICT (word_id) DO UPDATE SET korean=EXCLUDED.korean, romanization=EXCLUDED.romanization;
INSERT INTO word_translations (word_id, locale, gloss, gloss_short, example_ko, example_en, content_version) VALUES ('w-adj-001', 'en-US', 'to be big', 'to be big', '코끼리는 커요.', 'The elephant is big.', 1) ON CONFLICT (word_id, locale) DO UPDATE SET gloss=EXCLUDED.gloss, gloss_short=EXCLUDED.gloss_short, example_ko=EXCLUDED.example_ko, example_en=EXCLUDED.example_en;
INSERT INTO word_pack_members (pack_id, word_id, sort_order, is_free_sample) VALUES ('theme-adjectives-001', 'w-adj-001', 0, TRUE) ON CONFLICT (pack_id, word_id) DO UPDATE SET sort_order=EXCLUDED.sort_order, is_free_sample=EXCLUDED.is_free_sample;
INSERT INTO words (word_id, korean, romanization, content_version) VALUES ('w-adj-002', '작다', 'jak-tta', 1) ON CONFLICT (word_id) DO UPDATE SET korean=EXCLUDED.korean, romanization=EXCLUDED.romanization;
INSERT INTO word_translations (word_id, locale, gloss, gloss_short, example_ko, example_en, content_version) VALUES ('w-adj-002', 'en-US', 'to be small', 'to be small', '개미는 작아요.', 'The ant is small.', 1) ON CONFLICT (word_id, locale) DO UPDATE SET gloss=EXCLUDED.gloss, gloss_short=EXCLUDED.gloss_short, example_ko=EXCLUDED.example_ko, example_en=EXCLUDED.example_en;
INSERT INTO word_pack_members (pack_id, word_id, sort_order, is_free_sample) VALUES ('theme-adjectives-001', 'w-adj-002', 1, TRUE) ON CONFLICT (pack_id, word_id) DO UPDATE SET sort_order=EXCLUDED.sort_order, is_free_sample=EXCLUDED.is_free_sample;
INSERT INTO words (word_id, korean, romanization, content_version) VALUES ('w-adj-003', '많다', 'man-ta', 1) ON CONFLICT (word_id) DO UPDATE SET korean=EXCLUDED.korean, romanization=EXCLUDED.romanization;
INSERT INTO word_translations (word_id, locale, gloss, gloss_short, example_ko, example_en, content_version) VALUES ('w-adj-003', 'en-US', 'to be many', 'to be many', '사람이 많아요.', 'There are many people.', 1) ON CONFLICT (word_id, locale) DO UPDATE SET gloss=EXCLUDED.gloss, gloss_short=EXCLUDED.gloss_short, example_ko=EXCLUDED.example_ko, example_en=EXCLUDED.example_en;
INSERT INTO word_pack_members (pack_id, word_id, sort_order, is_free_sample) VALUES ('theme-adjectives-001', 'w-adj-003', 2, TRUE) ON CONFLICT (pack_id, word_id) DO UPDATE SET sort_order=EXCLUDED.sort_order, is_free_sample=EXCLUDED.is_free_sample;
INSERT INTO words (word_id, korean, romanization, content_version) VALUES ('w-adj-004', '적다', 'jeok-tta', 1) ON CONFLICT (word_id) DO UPDATE SET korean=EXCLUDED.korean, romanization=EXCLUDED.romanization;
INSERT INTO word_translations (word_id, locale, gloss, gloss_short, example_ko, example_en, content_version) VALUES ('w-adj-004', 'en-US', 'to be few', 'to be few', '돈이 적어요.', 'There is little money.', 1) ON CONFLICT (word_id, locale) DO UPDATE SET gloss=EXCLUDED.gloss, gloss_short=EXCLUDED.gloss_short, example_ko=EXCLUDED.example_ko, example_en=EXCLUDED.example_en;
INSERT INTO word_pack_members (pack_id, word_id, sort_order, is_free_sample) VALUES ('theme-adjectives-001', 'w-adj-004', 3, TRUE) ON CONFLICT (pack_id, word_id) DO UPDATE SET sort_order=EXCLUDED.sort_order, is_free_sample=EXCLUDED.is_free_sample;
INSERT INTO words (word_id, korean, romanization, content_version) VALUES ('w-adj-005', '길다', 'gil-da', 1) ON CONFLICT (word_id) DO UPDATE SET korean=EXCLUDED.korean, romanization=EXCLUDED.romanization;
INSERT INTO word_translations (word_id, locale, gloss, gloss_short, example_ko, example_en, content_version) VALUES ('w-adj-005', 'en-US', 'to be long', 'to be long', '이 길은 길어요.', 'This road is long.', 1) ON CONFLICT (word_id, locale) DO UPDATE SET gloss=EXCLUDED.gloss, gloss_short=EXCLUDED.gloss_short, example_ko=EXCLUDED.example_ko, example_en=EXCLUDED.example_en;
INSERT INTO word_pack_members (pack_id, word_id, sort_order, is_free_sample) VALUES ('theme-adjectives-001', 'w-adj-005', 4, TRUE) ON CONFLICT (pack_id, word_id) DO UPDATE SET sort_order=EXCLUDED.sort_order, is_free_sample=EXCLUDED.is_free_sample;
INSERT INTO words (word_id, korean, romanization, content_version) VALUES ('w-adj-006', '짧다', 'jjal-tta', 1) ON CONFLICT (word_id) DO UPDATE SET korean=EXCLUDED.korean, romanization=EXCLUDED.romanization;
INSERT INTO word_translations (word_id, locale, gloss, gloss_short, example_ko, example_en, content_version) VALUES ('w-adj-006', 'en-US', 'to be short', 'to be short', '이 연필은 짧아요.', 'This pencil is short.', 1) ON CONFLICT (word_id, locale) DO UPDATE SET gloss=EXCLUDED.gloss, gloss_short=EXCLUDED.gloss_short, example_ko=EXCLUDED.example_ko, example_en=EXCLUDED.example_en;
INSERT INTO word_pack_members (pack_id, word_id, sort_order, is_free_sample) VALUES ('theme-adjectives-001', 'w-adj-006', 5, TRUE) ON CONFLICT (pack_id, word_id) DO UPDATE SET sort_order=EXCLUDED.sort_order, is_free_sample=EXCLUDED.is_free_sample;
INSERT INTO words (word_id, korean, romanization, content_version) VALUES ('w-adj-007', '높다', 'nop-tta', 1) ON CONFLICT (word_id) DO UPDATE SET korean=EXCLUDED.korean, romanization=EXCLUDED.romanization;
INSERT INTO word_translations (word_id, locale, gloss, gloss_short, example_ko, example_en, content_version) VALUES ('w-adj-007', 'en-US', 'to be high', 'to be high', '산이 높아요.', 'The mountain is high.', 1) ON CONFLICT (word_id, locale) DO UPDATE SET gloss=EXCLUDED.gloss, gloss_short=EXCLUDED.gloss_short, example_ko=EXCLUDED.example_ko, example_en=EXCLUDED.example_en;
INSERT INTO word_pack_members (pack_id, word_id, sort_order, is_free_sample) VALUES ('theme-adjectives-001', 'w-adj-007', 6, TRUE) ON CONFLICT (pack_id, word_id) DO UPDATE SET sort_order=EXCLUDED.sort_order, is_free_sample=EXCLUDED.is_free_sample;
INSERT INTO words (word_id, korean, romanization, content_version) VALUES ('w-adj-008', '낮다', 'nat-tta', 1) ON CONFLICT (word_id) DO UPDATE SET korean=EXCLUDED.korean, romanization=EXCLUDED.romanization;
INSERT INTO word_translations (word_id, locale, gloss, gloss_short, example_ko, example_en, content_version) VALUES ('w-adj-008', 'en-US', 'to be low', 'to be low', '의자가 낮아요.', 'The chair is low.', 1) ON CONFLICT (word_id, locale) DO UPDATE SET gloss=EXCLUDED.gloss, gloss_short=EXCLUDED.gloss_short, example_ko=EXCLUDED.example_ko, example_en=EXCLUDED.example_en;
INSERT INTO word_pack_members (pack_id, word_id, sort_order, is_free_sample) VALUES ('theme-adjectives-001', 'w-adj-008', 7, TRUE) ON CONFLICT (pack_id, word_id) DO UPDATE SET sort_order=EXCLUDED.sort_order, is_free_sample=EXCLUDED.is_free_sample;
INSERT INTO words (word_id, korean, romanization, content_version) VALUES ('w-adj-009', '빠르다', 'ppa-reu-da', 1) ON CONFLICT (word_id) DO UPDATE SET korean=EXCLUDED.korean, romanization=EXCLUDED.romanization;
INSERT INTO word_translations (word_id, locale, gloss, gloss_short, example_ko, example_en, content_version) VALUES ('w-adj-009', 'en-US', 'to be fast', 'to be fast', '차가 빨라요.', 'The car is fast.', 1) ON CONFLICT (word_id, locale) DO UPDATE SET gloss=EXCLUDED.gloss, gloss_short=EXCLUDED.gloss_short, example_ko=EXCLUDED.example_ko, example_en=EXCLUDED.example_en;
INSERT INTO word_pack_members (pack_id, word_id, sort_order, is_free_sample) VALUES ('theme-adjectives-001', 'w-adj-009', 8, TRUE) ON CONFLICT (pack_id, word_id) DO UPDATE SET sort_order=EXCLUDED.sort_order, is_free_sample=EXCLUDED.is_free_sample;
INSERT INTO words (word_id, korean, romanization, content_version) VALUES ('w-adj-010', '느리다', 'neu-ri-da', 1) ON CONFLICT (word_id) DO UPDATE SET korean=EXCLUDED.korean, romanization=EXCLUDED.romanization;
INSERT INTO word_translations (word_id, locale, gloss, gloss_short, example_ko, example_en, content_version) VALUES ('w-adj-010', 'en-US', 'to be slow', 'to be slow', '거북이는 느려요.', 'The turtle is slow.', 1) ON CONFLICT (word_id, locale) DO UPDATE SET gloss=EXCLUDED.gloss, gloss_short=EXCLUDED.gloss_short, example_ko=EXCLUDED.example_ko, example_en=EXCLUDED.example_en;
INSERT INTO word_pack_members (pack_id, word_id, sort_order, is_free_sample) VALUES ('theme-adjectives-001', 'w-adj-010', 9, TRUE) ON CONFLICT (pack_id, word_id) DO UPDATE SET sort_order=EXCLUDED.sort_order, is_free_sample=EXCLUDED.is_free_sample;
INSERT INTO words (word_id, korean, romanization, content_version) VALUES ('w-adj-011', '뜨겁다', 'tteu-geop-tta', 1) ON CONFLICT (word_id) DO UPDATE SET korean=EXCLUDED.korean, romanization=EXCLUDED.romanization;
INSERT INTO word_translations (word_id, locale, gloss, gloss_short, example_ko, example_en, content_version) VALUES ('w-adj-011', 'en-US', 'to be hot', 'to be hot', '커피가 뜨거워요.', 'The coffee is hot.', 1) ON CONFLICT (word_id, locale) DO UPDATE SET gloss=EXCLUDED.gloss, gloss_short=EXCLUDED.gloss_short, example_ko=EXCLUDED.example_ko, example_en=EXCLUDED.example_en;
INSERT INTO word_pack_members (pack_id, word_id, sort_order, is_free_sample) VALUES ('theme-adjectives-001', 'w-adj-011', 10, FALSE) ON CONFLICT (pack_id, word_id) DO UPDATE SET sort_order=EXCLUDED.sort_order, is_free_sample=EXCLUDED.is_free_sample;
INSERT INTO words (word_id, korean, romanization, content_version) VALUES ('w-adj-012', '차갑다', 'cha-gap-tta', 1) ON CONFLICT (word_id) DO UPDATE SET korean=EXCLUDED.korean, romanization=EXCLUDED.romanization;
INSERT INTO word_translations (word_id, locale, gloss, gloss_short, example_ko, example_en, content_version) VALUES ('w-adj-012', 'en-US', 'to be cold', 'to be cold', '물이 차가워요.', 'The water is cold.', 1) ON CONFLICT (word_id, locale) DO UPDATE SET gloss=EXCLUDED.gloss, gloss_short=EXCLUDED.gloss_short, example_ko=EXCLUDED.example_ko, example_en=EXCLUDED.example_en;
INSERT INTO word_pack_members (pack_id, word_id, sort_order, is_free_sample) VALUES ('theme-adjectives-001', 'w-adj-012', 11, FALSE) ON CONFLICT (pack_id, word_id) DO UPDATE SET sort_order=EXCLUDED.sort_order, is_free_sample=EXCLUDED.is_free_sample;
INSERT INTO words (word_id, korean, romanization, content_version) VALUES ('w-adj-013', '새롭다', 'sae-rop-tta', 1) ON CONFLICT (word_id) DO UPDATE SET korean=EXCLUDED.korean, romanization=EXCLUDED.romanization;
INSERT INTO word_translations (word_id, locale, gloss, gloss_short, example_ko, example_en, content_version) VALUES ('w-adj-013', 'en-US', 'to be new', 'to be new', '이 책은 새로워요.', 'This book is new.', 1) ON CONFLICT (word_id, locale) DO UPDATE SET gloss=EXCLUDED.gloss, gloss_short=EXCLUDED.gloss_short, example_ko=EXCLUDED.example_ko, example_en=EXCLUDED.example_en;
INSERT INTO word_pack_members (pack_id, word_id, sort_order, is_free_sample) VALUES ('theme-adjectives-001', 'w-adj-013', 12, FALSE) ON CONFLICT (pack_id, word_id) DO UPDATE SET sort_order=EXCLUDED.sort_order, is_free_sample=EXCLUDED.is_free_sample;
INSERT INTO words (word_id, korean, romanization, content_version) VALUES ('w-adj-014', '낡다', 'nak-tta', 1) ON CONFLICT (word_id) DO UPDATE SET korean=EXCLUDED.korean, romanization=EXCLUDED.romanization;
INSERT INTO word_translations (word_id, locale, gloss, gloss_short, example_ko, example_en, content_version) VALUES ('w-adj-014', 'en-US', 'to be old', 'to be old', '신발이 낡았어요.', 'The shoes are old.', 1) ON CONFLICT (word_id, locale) DO UPDATE SET gloss=EXCLUDED.gloss, gloss_short=EXCLUDED.gloss_short, example_ko=EXCLUDED.example_ko, example_en=EXCLUDED.example_en;
INSERT INTO word_pack_members (pack_id, word_id, sort_order, is_free_sample) VALUES ('theme-adjectives-001', 'w-adj-014', 13, FALSE) ON CONFLICT (pack_id, word_id) DO UPDATE SET sort_order=EXCLUDED.sort_order, is_free_sample=EXCLUDED.is_free_sample;
INSERT INTO words (word_id, korean, romanization, content_version) VALUES ('w-adj-015', '쉽다', 'swip-tta', 1) ON CONFLICT (word_id) DO UPDATE SET korean=EXCLUDED.korean, romanization=EXCLUDED.romanization;
INSERT INTO word_translations (word_id, locale, gloss, gloss_short, example_ko, example_en, content_version) VALUES ('w-adj-015', 'en-US', 'to be easy', 'to be easy', '시험이 쉬워요.', 'The exam is easy.', 1) ON CONFLICT (word_id, locale) DO UPDATE SET gloss=EXCLUDED.gloss, gloss_short=EXCLUDED.gloss_short, example_ko=EXCLUDED.example_ko, example_en=EXCLUDED.example_en;
INSERT INTO word_pack_members (pack_id, word_id, sort_order, is_free_sample) VALUES ('theme-adjectives-001', 'w-adj-015', 14, FALSE) ON CONFLICT (pack_id, word_id) DO UPDATE SET sort_order=EXCLUDED.sort_order, is_free_sample=EXCLUDED.is_free_sample;
INSERT INTO words (word_id, korean, romanization, content_version) VALUES ('w-adj-016', '어렵다', 'eo-ryeop-tta', 1) ON CONFLICT (word_id) DO UPDATE SET korean=EXCLUDED.korean, romanization=EXCLUDED.romanization;
INSERT INTO word_translations (word_id, locale, gloss, gloss_short, example_ko, example_en, content_version) VALUES ('w-adj-016', 'en-US', 'to be difficult', 'to be difficult', '한국어가 어려워요.', 'Korean is difficult.', 1) ON CONFLICT (word_id, locale) DO UPDATE SET gloss=EXCLUDED.gloss, gloss_short=EXCLUDED.gloss_short, example_ko=EXCLUDED.example_ko, example_en=EXCLUDED.example_en;
INSERT INTO word_pack_members (pack_id, word_id, sort_order, is_free_sample) VALUES ('theme-adjectives-001', 'w-adj-016', 15, FALSE) ON CONFLICT (pack_id, word_id) DO UPDATE SET sort_order=EXCLUDED.sort_order, is_free_sample=EXCLUDED.is_free_sample;
INSERT INTO words (word_id, korean, romanization, content_version) VALUES ('w-adj-017', '무겁다', 'mu-geop-tta', 1) ON CONFLICT (word_id) DO UPDATE SET korean=EXCLUDED.korean, romanization=EXCLUDED.romanization;
INSERT INTO word_translations (word_id, locale, gloss, gloss_short, example_ko, example_en, content_version) VALUES ('w-adj-017', 'en-US', 'to be heavy', 'to be heavy', '가방이 무거워요.', 'The bag is heavy.', 1) ON CONFLICT (word_id, locale) DO UPDATE SET gloss=EXCLUDED.gloss, gloss_short=EXCLUDED.gloss_short, example_ko=EXCLUDED.example_ko, example_en=EXCLUDED.example_en;
INSERT INTO word_pack_members (pack_id, word_id, sort_order, is_free_sample) VALUES ('theme-adjectives-001', 'w-adj-017', 16, FALSE) ON CONFLICT (pack_id, word_id) DO UPDATE SET sort_order=EXCLUDED.sort_order, is_free_sample=EXCLUDED.is_free_sample;
INSERT INTO words (word_id, korean, romanization, content_version) VALUES ('w-adj-018', '가볍다', 'ga-byeop-tta', 1) ON CONFLICT (word_id) DO UPDATE SET korean=EXCLUDED.korean, romanization=EXCLUDED.romanization;
INSERT INTO word_translations (word_id, locale, gloss, gloss_short, example_ko, example_en, content_version) VALUES ('w-adj-018', 'en-US', 'to be light', 'to be light', '공이 가벼워요.', 'The ball is light.', 1) ON CONFLICT (word_id, locale) DO UPDATE SET gloss=EXCLUDED.gloss, gloss_short=EXCLUDED.gloss_short, example_ko=EXCLUDED.example_ko, example_en=EXCLUDED.example_en;
INSERT INTO word_pack_members (pack_id, word_id, sort_order, is_free_sample) VALUES ('theme-adjectives-001', 'w-adj-018', 17, FALSE) ON CONFLICT (pack_id, word_id) DO UPDATE SET sort_order=EXCLUDED.sort_order, is_free_sample=EXCLUDED.is_free_sample;
INSERT INTO words (word_id, korean, romanization, content_version) VALUES ('w-adj-019', '밝다', 'bak-tta', 1) ON CONFLICT (word_id) DO UPDATE SET korean=EXCLUDED.korean, romanization=EXCLUDED.romanization;
INSERT INTO word_translations (word_id, locale, gloss, gloss_short, example_ko, example_en, content_version) VALUES ('w-adj-019', 'en-US', 'to be bright', 'to be bright', '방이 밝아요.', 'The room is bright.', 1) ON CONFLICT (word_id, locale) DO UPDATE SET gloss=EXCLUDED.gloss, gloss_short=EXCLUDED.gloss_short, example_ko=EXCLUDED.example_ko, example_en=EXCLUDED.example_en;
INSERT INTO word_pack_members (pack_id, word_id, sort_order, is_free_sample) VALUES ('theme-adjectives-001', 'w-adj-019', 18, FALSE) ON CONFLICT (pack_id, word_id) DO UPDATE SET sort_order=EXCLUDED.sort_order, is_free_sample=EXCLUDED.is_free_sample;
INSERT INTO words (word_id, korean, romanization, content_version) VALUES ('w-adj-020', '어둡다', 'eo-dup-tta', 1) ON CONFLICT (word_id) DO UPDATE SET korean=EXCLUDED.korean, romanization=EXCLUDED.romanization;
INSERT INTO word_translations (word_id, locale, gloss, gloss_short, example_ko, example_en, content_version) VALUES ('w-adj-020', 'en-US', 'to be dark', 'to be dark', '밖이 어두워요.', 'It is dark outside.', 1) ON CONFLICT (word_id, locale) DO UPDATE SET gloss=EXCLUDED.gloss, gloss_short=EXCLUDED.gloss_short, example_ko=EXCLUDED.example_ko, example_en=EXCLUDED.example_en;
INSERT INTO word_pack_members (pack_id, word_id, sort_order, is_free_sample) VALUES ('theme-adjectives-001', 'w-adj-020', 19, FALSE) ON CONFLICT (pack_id, word_id) DO UPDATE SET sort_order=EXCLUDED.sort_order, is_free_sample=EXCLUDED.is_free_sample;
INSERT INTO words (word_id, korean, romanization, content_version) VALUES ('w-adj-021', '예쁘다', 'ye-ppeu-da', 1) ON CONFLICT (word_id) DO UPDATE SET korean=EXCLUDED.korean, romanization=EXCLUDED.romanization;
INSERT INTO word_translations (word_id, locale, gloss, gloss_short, example_ko, example_en, content_version) VALUES ('w-adj-021', 'en-US', 'to be pretty', 'to be pretty', '꽃이 예뻐요.', 'The flower is pretty.', 1) ON CONFLICT (word_id, locale) DO UPDATE SET gloss=EXCLUDED.gloss, gloss_short=EXCLUDED.gloss_short, example_ko=EXCLUDED.example_ko, example_en=EXCLUDED.example_en;
INSERT INTO word_pack_members (pack_id, word_id, sort_order, is_free_sample) VALUES ('theme-adjectives-001', 'w-adj-021', 20, FALSE) ON CONFLICT (pack_id, word_id) DO UPDATE SET sort_order=EXCLUDED.sort_order, is_free_sample=EXCLUDED.is_free_sample;
INSERT INTO words (word_id, korean, romanization, content_version) VALUES ('w-adj-022', '멋있다', 'meo-sit-tta', 1) ON CONFLICT (word_id) DO UPDATE SET korean=EXCLUDED.korean, romanization=EXCLUDED.romanization;
INSERT INTO word_translations (word_id, locale, gloss, gloss_short, example_ko, example_en, content_version) VALUES ('w-adj-022', 'en-US', 'to be cool', 'to be cool', '그 사람은 멋있어요.', 'That person is cool.', 1) ON CONFLICT (word_id, locale) DO UPDATE SET gloss=EXCLUDED.gloss, gloss_short=EXCLUDED.gloss_short, example_ko=EXCLUDED.example_ko, example_en=EXCLUDED.example_en;
INSERT INTO word_pack_members (pack_id, word_id, sort_order, is_free_sample) VALUES ('theme-adjectives-001', 'w-adj-022', 21, FALSE) ON CONFLICT (pack_id, word_id) DO UPDATE SET sort_order=EXCLUDED.sort_order, is_free_sample=EXCLUDED.is_free_sample;
INSERT INTO words (word_id, korean, romanization, content_version) VALUES ('w-adj-023', '깨끗하다', 'kkae-kkeu-ta-da', 1) ON CONFLICT (word_id) DO UPDATE SET korean=EXCLUDED.korean, romanization=EXCLUDED.romanization;
INSERT INTO word_translations (word_id, locale, gloss, gloss_short, example_ko, example_en, content_version) VALUES ('w-adj-023', 'en-US', 'to be clean', 'to be clean', '손이 깨끗해요.', 'The hands are clean.', 1) ON CONFLICT (word_id, locale) DO UPDATE SET gloss=EXCLUDED.gloss, gloss_short=EXCLUDED.gloss_short, example_ko=EXCLUDED.example_ko, example_en=EXCLUDED.example_en;
INSERT INTO word_pack_members (pack_id, word_id, sort_order, is_free_sample) VALUES ('theme-adjectives-001', 'w-adj-023', 22, FALSE) ON CONFLICT (pack_id, word_id) DO UPDATE SET sort_order=EXCLUDED.sort_order, is_free_sample=EXCLUDED.is_free_sample;
INSERT INTO words (word_id, korean, romanization, content_version) VALUES ('w-adj-024', '더럽다', 'deo-reop-tta', 1) ON CONFLICT (word_id) DO UPDATE SET korean=EXCLUDED.korean, romanization=EXCLUDED.romanization;
INSERT INTO word_translations (word_id, locale, gloss, gloss_short, example_ko, example_en, content_version) VALUES ('w-adj-024', 'en-US', 'to be dirty', 'to be dirty', '신발이 더러워요.', 'The shoes are dirty.', 1) ON CONFLICT (word_id, locale) DO UPDATE SET gloss=EXCLUDED.gloss, gloss_short=EXCLUDED.gloss_short, example_ko=EXCLUDED.example_ko, example_en=EXCLUDED.example_en;
INSERT INTO word_pack_members (pack_id, word_id, sort_order, is_free_sample) VALUES ('theme-adjectives-001', 'w-adj-024', 23, FALSE) ON CONFLICT (pack_id, word_id) DO UPDATE SET sort_order=EXCLUDED.sort_order, is_free_sample=EXCLUDED.is_free_sample;
INSERT INTO words (word_id, korean, romanization, content_version) VALUES ('w-bod-001', '몸', 'mom', 1) ON CONFLICT (word_id) DO UPDATE SET korean=EXCLUDED.korean, romanization=EXCLUDED.romanization;
INSERT INTO word_translations (word_id, locale, gloss, gloss_short, example_ko, example_en, content_version) VALUES ('w-bod-001', 'en-US', 'body', 'body', '몸이 아파요.', 'My body hurts.', 1) ON CONFLICT (word_id, locale) DO UPDATE SET gloss=EXCLUDED.gloss, gloss_short=EXCLUDED.gloss_short, example_ko=EXCLUDED.example_ko, example_en=EXCLUDED.example_en;
INSERT INTO word_pack_members (pack_id, word_id, sort_order, is_free_sample) VALUES ('theme-body-001', 'w-bod-001', 0, TRUE) ON CONFLICT (pack_id, word_id) DO UPDATE SET sort_order=EXCLUDED.sort_order, is_free_sample=EXCLUDED.is_free_sample;
INSERT INTO words (word_id, korean, romanization, content_version) VALUES ('w-bod-002', '머리', 'meo-ri', 1) ON CONFLICT (word_id) DO UPDATE SET korean=EXCLUDED.korean, romanization=EXCLUDED.romanization;
INSERT INTO word_translations (word_id, locale, gloss, gloss_short, example_ko, example_en, content_version) VALUES ('w-bod-002', 'en-US', 'head', 'head', '머리가 아파요.', 'My head hurts.', 1) ON CONFLICT (word_id, locale) DO UPDATE SET gloss=EXCLUDED.gloss, gloss_short=EXCLUDED.gloss_short, example_ko=EXCLUDED.example_ko, example_en=EXCLUDED.example_en;
INSERT INTO word_pack_members (pack_id, word_id, sort_order, is_free_sample) VALUES ('theme-body-001', 'w-bod-002', 1, TRUE) ON CONFLICT (pack_id, word_id) DO UPDATE SET sort_order=EXCLUDED.sort_order, is_free_sample=EXCLUDED.is_free_sample;
INSERT INTO words (word_id, korean, romanization, content_version) VALUES ('w-bod-003', '얼굴', 'eol-gul', 1) ON CONFLICT (word_id) DO UPDATE SET korean=EXCLUDED.korean, romanization=EXCLUDED.romanization;
INSERT INTO word_translations (word_id, locale, gloss, gloss_short, example_ko, example_en, content_version) VALUES ('w-bod-003', 'en-US', 'face', 'face', '얼굴이 예뻐요.', 'Your face is pretty.', 1) ON CONFLICT (word_id, locale) DO UPDATE SET gloss=EXCLUDED.gloss, gloss_short=EXCLUDED.gloss_short, example_ko=EXCLUDED.example_ko, example_en=EXCLUDED.example_en;
INSERT INTO word_pack_members (pack_id, word_id, sort_order, is_free_sample) VALUES ('theme-body-001', 'w-bod-003', 2, TRUE) ON CONFLICT (pack_id, word_id) DO UPDATE SET sort_order=EXCLUDED.sort_order, is_free_sample=EXCLUDED.is_free_sample;
INSERT INTO words (word_id, korean, romanization, content_version) VALUES ('w-bod-004', '눈', 'nun', 1) ON CONFLICT (word_id) DO UPDATE SET korean=EXCLUDED.korean, romanization=EXCLUDED.romanization;
INSERT INTO word_translations (word_id, locale, gloss, gloss_short, example_ko, example_en, content_version) VALUES ('w-bod-004', 'en-US', 'eye', 'eye', '눈이 커요.', 'Your eyes are big.', 1) ON CONFLICT (word_id, locale) DO UPDATE SET gloss=EXCLUDED.gloss, gloss_short=EXCLUDED.gloss_short, example_ko=EXCLUDED.example_ko, example_en=EXCLUDED.example_en;
INSERT INTO word_pack_members (pack_id, word_id, sort_order, is_free_sample) VALUES ('theme-body-001', 'w-bod-004', 3, TRUE) ON CONFLICT (pack_id, word_id) DO UPDATE SET sort_order=EXCLUDED.sort_order, is_free_sample=EXCLUDED.is_free_sample;
INSERT INTO words (word_id, korean, romanization, content_version) VALUES ('w-bod-005', '코', 'ko', 1) ON CONFLICT (word_id) DO UPDATE SET korean=EXCLUDED.korean, romanization=EXCLUDED.romanization;
INSERT INTO word_translations (word_id, locale, gloss, gloss_short, example_ko, example_en, content_version) VALUES ('w-bod-005', 'en-US', 'nose', 'nose', '코가 작아요.', 'Your nose is small.', 1) ON CONFLICT (word_id, locale) DO UPDATE SET gloss=EXCLUDED.gloss, gloss_short=EXCLUDED.gloss_short, example_ko=EXCLUDED.example_ko, example_en=EXCLUDED.example_en;
INSERT INTO word_pack_members (pack_id, word_id, sort_order, is_free_sample) VALUES ('theme-body-001', 'w-bod-005', 4, TRUE) ON CONFLICT (pack_id, word_id) DO UPDATE SET sort_order=EXCLUDED.sort_order, is_free_sample=EXCLUDED.is_free_sample;
INSERT INTO words (word_id, korean, romanization, content_version) VALUES ('w-bod-006', '입', 'ip', 1) ON CONFLICT (word_id) DO UPDATE SET korean=EXCLUDED.korean, romanization=EXCLUDED.romanization;
INSERT INTO word_translations (word_id, locale, gloss, gloss_short, example_ko, example_en, content_version) VALUES ('w-bod-006', 'en-US', 'mouth', 'mouth', '입이 커요.', 'Your mouth is big.', 1) ON CONFLICT (word_id, locale) DO UPDATE SET gloss=EXCLUDED.gloss, gloss_short=EXCLUDED.gloss_short, example_ko=EXCLUDED.example_ko, example_en=EXCLUDED.example_en;
INSERT INTO word_pack_members (pack_id, word_id, sort_order, is_free_sample) VALUES ('theme-body-001', 'w-bod-006', 5, TRUE) ON CONFLICT (pack_id, word_id) DO UPDATE SET sort_order=EXCLUDED.sort_order, is_free_sample=EXCLUDED.is_free_sample;
INSERT INTO words (word_id, korean, romanization, content_version) VALUES ('w-bod-007', '귀', 'gwi', 1) ON CONFLICT (word_id) DO UPDATE SET korean=EXCLUDED.korean, romanization=EXCLUDED.romanization;
INSERT INTO word_translations (word_id, locale, gloss, gloss_short, example_ko, example_en, content_version) VALUES ('w-bod-007', 'en-US', 'ear', 'ear', '귀가 아파요.', 'My ear hurts.', 1) ON CONFLICT (word_id, locale) DO UPDATE SET gloss=EXCLUDED.gloss, gloss_short=EXCLUDED.gloss_short, example_ko=EXCLUDED.example_ko, example_en=EXCLUDED.example_en;
INSERT INTO word_pack_members (pack_id, word_id, sort_order, is_free_sample) VALUES ('theme-body-001', 'w-bod-007', 6, TRUE) ON CONFLICT (pack_id, word_id) DO UPDATE SET sort_order=EXCLUDED.sort_order, is_free_sample=EXCLUDED.is_free_sample;
INSERT INTO words (word_id, korean, romanization, content_version) VALUES ('w-bod-008', '이', 'i', 1) ON CONFLICT (word_id) DO UPDATE SET korean=EXCLUDED.korean, romanization=EXCLUDED.romanization;
INSERT INTO word_translations (word_id, locale, gloss, gloss_short, example_ko, example_en, content_version) VALUES ('w-bod-008', 'en-US', 'teeth', 'teeth', '이가 하얘요.', 'The teeth are white.', 1) ON CONFLICT (word_id, locale) DO UPDATE SET gloss=EXCLUDED.gloss, gloss_short=EXCLUDED.gloss_short, example_ko=EXCLUDED.example_ko, example_en=EXCLUDED.example_en;
INSERT INTO word_pack_members (pack_id, word_id, sort_order, is_free_sample) VALUES ('theme-body-001', 'w-bod-008', 7, TRUE) ON CONFLICT (pack_id, word_id) DO UPDATE SET sort_order=EXCLUDED.sort_order, is_free_sample=EXCLUDED.is_free_sample;
INSERT INTO words (word_id, korean, romanization, content_version) VALUES ('w-bod-009', '목', 'mok', 1) ON CONFLICT (word_id) DO UPDATE SET korean=EXCLUDED.korean, romanization=EXCLUDED.romanization;
INSERT INTO word_translations (word_id, locale, gloss, gloss_short, example_ko, example_en, content_version) VALUES ('w-bod-009', 'en-US', 'neck', 'neck', '목이 길어요.', 'Your neck is long.', 1) ON CONFLICT (word_id, locale) DO UPDATE SET gloss=EXCLUDED.gloss, gloss_short=EXCLUDED.gloss_short, example_ko=EXCLUDED.example_ko, example_en=EXCLUDED.example_en;
INSERT INTO word_pack_members (pack_id, word_id, sort_order, is_free_sample) VALUES ('theme-body-001', 'w-bod-009', 8, TRUE) ON CONFLICT (pack_id, word_id) DO UPDATE SET sort_order=EXCLUDED.sort_order, is_free_sample=EXCLUDED.is_free_sample;
INSERT INTO words (word_id, korean, romanization, content_version) VALUES ('w-bod-010', '어깨', 'eo-kkae', 1) ON CONFLICT (word_id) DO UPDATE SET korean=EXCLUDED.korean, romanization=EXCLUDED.romanization;
INSERT INTO word_translations (word_id, locale, gloss, gloss_short, example_ko, example_en, content_version) VALUES ('w-bod-010', 'en-US', 'shoulder', 'shoulder', '어깨가 아파요.', 'My shoulder hurts.', 1) ON CONFLICT (word_id, locale) DO UPDATE SET gloss=EXCLUDED.gloss, gloss_short=EXCLUDED.gloss_short, example_ko=EXCLUDED.example_ko, example_en=EXCLUDED.example_en;
INSERT INTO word_pack_members (pack_id, word_id, sort_order, is_free_sample) VALUES ('theme-body-001', 'w-bod-010', 9, TRUE) ON CONFLICT (pack_id, word_id) DO UPDATE SET sort_order=EXCLUDED.sort_order, is_free_sample=EXCLUDED.is_free_sample;
INSERT INTO words (word_id, korean, romanization, content_version) VALUES ('w-bod-011', '팔', 'pal', 1) ON CONFLICT (word_id) DO UPDATE SET korean=EXCLUDED.korean, romanization=EXCLUDED.romanization;
INSERT INTO word_translations (word_id, locale, gloss, gloss_short, example_ko, example_en, content_version) VALUES ('w-bod-011', 'en-US', 'arm', 'arm', '팔이 길어요.', 'Your arm is long.', 1) ON CONFLICT (word_id, locale) DO UPDATE SET gloss=EXCLUDED.gloss, gloss_short=EXCLUDED.gloss_short, example_ko=EXCLUDED.example_ko, example_en=EXCLUDED.example_en;
INSERT INTO word_pack_members (pack_id, word_id, sort_order, is_free_sample) VALUES ('theme-body-001', 'w-bod-011', 10, FALSE) ON CONFLICT (pack_id, word_id) DO UPDATE SET sort_order=EXCLUDED.sort_order, is_free_sample=EXCLUDED.is_free_sample;
INSERT INTO words (word_id, korean, romanization, content_version) VALUES ('w-bod-012', '손', 'son', 1) ON CONFLICT (word_id) DO UPDATE SET korean=EXCLUDED.korean, romanization=EXCLUDED.romanization;
INSERT INTO word_translations (word_id, locale, gloss, gloss_short, example_ko, example_en, content_version) VALUES ('w-bod-012', 'en-US', 'hand', 'hand', '손이 따뜻해요.', 'Your hand is warm.', 1) ON CONFLICT (word_id, locale) DO UPDATE SET gloss=EXCLUDED.gloss, gloss_short=EXCLUDED.gloss_short, example_ko=EXCLUDED.example_ko, example_en=EXCLUDED.example_en;
INSERT INTO word_pack_members (pack_id, word_id, sort_order, is_free_sample) VALUES ('theme-body-001', 'w-bod-012', 11, FALSE) ON CONFLICT (pack_id, word_id) DO UPDATE SET sort_order=EXCLUDED.sort_order, is_free_sample=EXCLUDED.is_free_sample;
INSERT INTO words (word_id, korean, romanization, content_version) VALUES ('w-bod-013', '손가락', 'son-ga-rak', 1) ON CONFLICT (word_id) DO UPDATE SET korean=EXCLUDED.korean, romanization=EXCLUDED.romanization;
INSERT INTO word_translations (word_id, locale, gloss, gloss_short, example_ko, example_en, content_version) VALUES ('w-bod-013', 'en-US', 'finger', 'finger', '손가락이 아파요.', 'My finger hurts.', 1) ON CONFLICT (word_id, locale) DO UPDATE SET gloss=EXCLUDED.gloss, gloss_short=EXCLUDED.gloss_short, example_ko=EXCLUDED.example_ko, example_en=EXCLUDED.example_en;
INSERT INTO word_pack_members (pack_id, word_id, sort_order, is_free_sample) VALUES ('theme-body-001', 'w-bod-013', 12, FALSE) ON CONFLICT (pack_id, word_id) DO UPDATE SET sort_order=EXCLUDED.sort_order, is_free_sample=EXCLUDED.is_free_sample;
INSERT INTO words (word_id, korean, romanization, content_version) VALUES ('w-bod-014', '다리', 'da-ri', 1) ON CONFLICT (word_id) DO UPDATE SET korean=EXCLUDED.korean, romanization=EXCLUDED.romanization;
INSERT INTO word_translations (word_id, locale, gloss, gloss_short, example_ko, example_en, content_version) VALUES ('w-bod-014', 'en-US', 'leg', 'leg', '다리가 길어요.', 'Your legs are long.', 1) ON CONFLICT (word_id, locale) DO UPDATE SET gloss=EXCLUDED.gloss, gloss_short=EXCLUDED.gloss_short, example_ko=EXCLUDED.example_ko, example_en=EXCLUDED.example_en;
INSERT INTO word_pack_members (pack_id, word_id, sort_order, is_free_sample) VALUES ('theme-body-001', 'w-bod-014', 13, FALSE) ON CONFLICT (pack_id, word_id) DO UPDATE SET sort_order=EXCLUDED.sort_order, is_free_sample=EXCLUDED.is_free_sample;
INSERT INTO words (word_id, korean, romanization, content_version) VALUES ('w-bod-015', '발', 'bal', 1) ON CONFLICT (word_id) DO UPDATE SET korean=EXCLUDED.korean, romanization=EXCLUDED.romanization;
INSERT INTO word_translations (word_id, locale, gloss, gloss_short, example_ko, example_en, content_version) VALUES ('w-bod-015', 'en-US', 'foot', 'foot', '발이 아파요.', 'My foot hurts.', 1) ON CONFLICT (word_id, locale) DO UPDATE SET gloss=EXCLUDED.gloss, gloss_short=EXCLUDED.gloss_short, example_ko=EXCLUDED.example_ko, example_en=EXCLUDED.example_en;
INSERT INTO word_pack_members (pack_id, word_id, sort_order, is_free_sample) VALUES ('theme-body-001', 'w-bod-015', 14, FALSE) ON CONFLICT (pack_id, word_id) DO UPDATE SET sort_order=EXCLUDED.sort_order, is_free_sample=EXCLUDED.is_free_sample;
INSERT INTO words (word_id, korean, romanization, content_version) VALUES ('w-bod-016', '무릎', 'mu-reup', 1) ON CONFLICT (word_id) DO UPDATE SET korean=EXCLUDED.korean, romanization=EXCLUDED.romanization;
INSERT INTO word_translations (word_id, locale, gloss, gloss_short, example_ko, example_en, content_version) VALUES ('w-bod-016', 'en-US', 'knee', 'knee', '무릎이 아파요.', 'My knee hurts.', 1) ON CONFLICT (word_id, locale) DO UPDATE SET gloss=EXCLUDED.gloss, gloss_short=EXCLUDED.gloss_short, example_ko=EXCLUDED.example_ko, example_en=EXCLUDED.example_en;
INSERT INTO word_pack_members (pack_id, word_id, sort_order, is_free_sample) VALUES ('theme-body-001', 'w-bod-016', 15, FALSE) ON CONFLICT (pack_id, word_id) DO UPDATE SET sort_order=EXCLUDED.sort_order, is_free_sample=EXCLUDED.is_free_sample;
INSERT INTO words (word_id, korean, romanization, content_version) VALUES ('w-bod-017', '배', 'bae', 1) ON CONFLICT (word_id) DO UPDATE SET korean=EXCLUDED.korean, romanization=EXCLUDED.romanization;
INSERT INTO word_translations (word_id, locale, gloss, gloss_short, example_ko, example_en, content_version) VALUES ('w-bod-017', 'en-US', 'belly', 'belly', '배가 고파요.', 'I am hungry.', 1) ON CONFLICT (word_id, locale) DO UPDATE SET gloss=EXCLUDED.gloss, gloss_short=EXCLUDED.gloss_short, example_ko=EXCLUDED.example_ko, example_en=EXCLUDED.example_en;
INSERT INTO word_pack_members (pack_id, word_id, sort_order, is_free_sample) VALUES ('theme-body-001', 'w-bod-017', 16, FALSE) ON CONFLICT (pack_id, word_id) DO UPDATE SET sort_order=EXCLUDED.sort_order, is_free_sample=EXCLUDED.is_free_sample;
INSERT INTO words (word_id, korean, romanization, content_version) VALUES ('w-bod-018', '등', 'deung', 1) ON CONFLICT (word_id) DO UPDATE SET korean=EXCLUDED.korean, romanization=EXCLUDED.romanization;
INSERT INTO word_translations (word_id, locale, gloss, gloss_short, example_ko, example_en, content_version) VALUES ('w-bod-018', 'en-US', 'back', 'back', '등이 아파요.', 'My back hurts.', 1) ON CONFLICT (word_id, locale) DO UPDATE SET gloss=EXCLUDED.gloss, gloss_short=EXCLUDED.gloss_short, example_ko=EXCLUDED.example_ko, example_en=EXCLUDED.example_en;
INSERT INTO word_pack_members (pack_id, word_id, sort_order, is_free_sample) VALUES ('theme-body-001', 'w-bod-018', 17, FALSE) ON CONFLICT (pack_id, word_id) DO UPDATE SET sort_order=EXCLUDED.sort_order, is_free_sample=EXCLUDED.is_free_sample;
INSERT INTO words (word_id, korean, romanization, content_version) VALUES ('w-bod-019', '가슴', 'ga-seum', 1) ON CONFLICT (word_id) DO UPDATE SET korean=EXCLUDED.korean, romanization=EXCLUDED.romanization;
INSERT INTO word_translations (word_id, locale, gloss, gloss_short, example_ko, example_en, content_version) VALUES ('w-bod-019', 'en-US', 'chest', 'chest', '가슴이 아파요.', 'My chest hurts.', 1) ON CONFLICT (word_id, locale) DO UPDATE SET gloss=EXCLUDED.gloss, gloss_short=EXCLUDED.gloss_short, example_ko=EXCLUDED.example_ko, example_en=EXCLUDED.example_en;
INSERT INTO word_pack_members (pack_id, word_id, sort_order, is_free_sample) VALUES ('theme-body-001', 'w-bod-019', 18, FALSE) ON CONFLICT (pack_id, word_id) DO UPDATE SET sort_order=EXCLUDED.sort_order, is_free_sample=EXCLUDED.is_free_sample;
INSERT INTO words (word_id, korean, romanization, content_version) VALUES ('w-bod-020', '머리카락', 'meo-ri-ka-rak', 1) ON CONFLICT (word_id) DO UPDATE SET korean=EXCLUDED.korean, romanization=EXCLUDED.romanization;
INSERT INTO word_translations (word_id, locale, gloss, gloss_short, example_ko, example_en, content_version) VALUES ('w-bod-020', 'en-US', 'hair', 'hair', '머리카락이 길어요.', 'Your hair is long.', 1) ON CONFLICT (word_id, locale) DO UPDATE SET gloss=EXCLUDED.gloss, gloss_short=EXCLUDED.gloss_short, example_ko=EXCLUDED.example_ko, example_en=EXCLUDED.example_en;
INSERT INTO word_pack_members (pack_id, word_id, sort_order, is_free_sample) VALUES ('theme-body-001', 'w-bod-020', 19, FALSE) ON CONFLICT (pack_id, word_id) DO UPDATE SET sort_order=EXCLUDED.sort_order, is_free_sample=EXCLUDED.is_free_sample;
INSERT INTO words (word_id, korean, romanization, content_version) VALUES ('w-bod-021', '피부', 'pi-bu', 1) ON CONFLICT (word_id) DO UPDATE SET korean=EXCLUDED.korean, romanization=EXCLUDED.romanization;
INSERT INTO word_translations (word_id, locale, gloss, gloss_short, example_ko, example_en, content_version) VALUES ('w-bod-021', 'en-US', 'skin', 'skin', '피부가 좋아요.', 'Your skin is nice.', 1) ON CONFLICT (word_id, locale) DO UPDATE SET gloss=EXCLUDED.gloss, gloss_short=EXCLUDED.gloss_short, example_ko=EXCLUDED.example_ko, example_en=EXCLUDED.example_en;
INSERT INTO word_pack_members (pack_id, word_id, sort_order, is_free_sample) VALUES ('theme-body-001', 'w-bod-021', 20, FALSE) ON CONFLICT (pack_id, word_id) DO UPDATE SET sort_order=EXCLUDED.sort_order, is_free_sample=EXCLUDED.is_free_sample;
INSERT INTO words (word_id, korean, romanization, content_version) VALUES ('w-bod-022', '심장', 'sim-jang', 1) ON CONFLICT (word_id) DO UPDATE SET korean=EXCLUDED.korean, romanization=EXCLUDED.romanization;
INSERT INTO word_translations (word_id, locale, gloss, gloss_short, example_ko, example_en, content_version) VALUES ('w-bod-022', 'en-US', 'heart', 'heart', '심장이 빨라요.', 'My heart is fast.', 1) ON CONFLICT (word_id, locale) DO UPDATE SET gloss=EXCLUDED.gloss, gloss_short=EXCLUDED.gloss_short, example_ko=EXCLUDED.example_ko, example_en=EXCLUDED.example_en;
INSERT INTO word_pack_members (pack_id, word_id, sort_order, is_free_sample) VALUES ('theme-body-001', 'w-bod-022', 21, FALSE) ON CONFLICT (pack_id, word_id) DO UPDATE SET sort_order=EXCLUDED.sort_order, is_free_sample=EXCLUDED.is_free_sample;
INSERT INTO words (word_id, korean, romanization, content_version) VALUES ('w-cal-001', '일월', 'i-rwol', 1) ON CONFLICT (word_id) DO UPDATE SET korean=EXCLUDED.korean, romanization=EXCLUDED.romanization;
INSERT INTO word_translations (word_id, locale, gloss, gloss_short, example_ko, example_en, content_version) VALUES ('w-cal-001', 'en-US', 'January', 'January', '일월은 추워요.', 'January is cold.', 1) ON CONFLICT (word_id, locale) DO UPDATE SET gloss=EXCLUDED.gloss, gloss_short=EXCLUDED.gloss_short, example_ko=EXCLUDED.example_ko, example_en=EXCLUDED.example_en;
INSERT INTO word_pack_members (pack_id, word_id, sort_order, is_free_sample) VALUES ('theme-calendar-001', 'w-cal-001', 0, TRUE) ON CONFLICT (pack_id, word_id) DO UPDATE SET sort_order=EXCLUDED.sort_order, is_free_sample=EXCLUDED.is_free_sample;
INSERT INTO words (word_id, korean, romanization, content_version) VALUES ('w-cal-002', '이월', 'i-wol', 1) ON CONFLICT (word_id) DO UPDATE SET korean=EXCLUDED.korean, romanization=EXCLUDED.romanization;
INSERT INTO word_translations (word_id, locale, gloss, gloss_short, example_ko, example_en, content_version) VALUES ('w-cal-002', 'en-US', 'February', 'February', '이월에 눈이 와요.', 'It snows in February.', 1) ON CONFLICT (word_id, locale) DO UPDATE SET gloss=EXCLUDED.gloss, gloss_short=EXCLUDED.gloss_short, example_ko=EXCLUDED.example_ko, example_en=EXCLUDED.example_en;
INSERT INTO word_pack_members (pack_id, word_id, sort_order, is_free_sample) VALUES ('theme-calendar-001', 'w-cal-002', 1, TRUE) ON CONFLICT (pack_id, word_id) DO UPDATE SET sort_order=EXCLUDED.sort_order, is_free_sample=EXCLUDED.is_free_sample;
INSERT INTO words (word_id, korean, romanization, content_version) VALUES ('w-cal-003', '삼월', 'sa-mwol', 1) ON CONFLICT (word_id) DO UPDATE SET korean=EXCLUDED.korean, romanization=EXCLUDED.romanization;
INSERT INTO word_translations (word_id, locale, gloss, gloss_short, example_ko, example_en, content_version) VALUES ('w-cal-003', 'en-US', 'March', 'March', '삼월에 학교에 가요.', 'I go to school in March.', 1) ON CONFLICT (word_id, locale) DO UPDATE SET gloss=EXCLUDED.gloss, gloss_short=EXCLUDED.gloss_short, example_ko=EXCLUDED.example_ko, example_en=EXCLUDED.example_en;
INSERT INTO word_pack_members (pack_id, word_id, sort_order, is_free_sample) VALUES ('theme-calendar-001', 'w-cal-003', 2, TRUE) ON CONFLICT (pack_id, word_id) DO UPDATE SET sort_order=EXCLUDED.sort_order, is_free_sample=EXCLUDED.is_free_sample;
INSERT INTO words (word_id, korean, romanization, content_version) VALUES ('w-cal-004', '사월', 'sa-wol', 1) ON CONFLICT (word_id) DO UPDATE SET korean=EXCLUDED.korean, romanization=EXCLUDED.romanization;
INSERT INTO word_translations (word_id, locale, gloss, gloss_short, example_ko, example_en, content_version) VALUES ('w-cal-004', 'en-US', 'April', 'April', '사월은 따뜻해요.', 'April is warm.', 1) ON CONFLICT (word_id, locale) DO UPDATE SET gloss=EXCLUDED.gloss, gloss_short=EXCLUDED.gloss_short, example_ko=EXCLUDED.example_ko, example_en=EXCLUDED.example_en;
INSERT INTO word_pack_members (pack_id, word_id, sort_order, is_free_sample) VALUES ('theme-calendar-001', 'w-cal-004', 3, TRUE) ON CONFLICT (pack_id, word_id) DO UPDATE SET sort_order=EXCLUDED.sort_order, is_free_sample=EXCLUDED.is_free_sample;
INSERT INTO words (word_id, korean, romanization, content_version) VALUES ('w-cal-005', '오월', 'o-wol', 1) ON CONFLICT (word_id) DO UPDATE SET korean=EXCLUDED.korean, romanization=EXCLUDED.romanization;
INSERT INTO word_translations (word_id, locale, gloss, gloss_short, example_ko, example_en, content_version) VALUES ('w-cal-005', 'en-US', 'May', 'May', '오월은 좋아요.', 'May is nice.', 1) ON CONFLICT (word_id, locale) DO UPDATE SET gloss=EXCLUDED.gloss, gloss_short=EXCLUDED.gloss_short, example_ko=EXCLUDED.example_ko, example_en=EXCLUDED.example_en;
INSERT INTO word_pack_members (pack_id, word_id, sort_order, is_free_sample) VALUES ('theme-calendar-001', 'w-cal-005', 4, TRUE) ON CONFLICT (pack_id, word_id) DO UPDATE SET sort_order=EXCLUDED.sort_order, is_free_sample=EXCLUDED.is_free_sample;
INSERT INTO words (word_id, korean, romanization, content_version) VALUES ('w-cal-006', '유월', 'yu-wol', 1) ON CONFLICT (word_id) DO UPDATE SET korean=EXCLUDED.korean, romanization=EXCLUDED.romanization;
INSERT INTO word_translations (word_id, locale, gloss, gloss_short, example_ko, example_en, content_version) VALUES ('w-cal-006', 'en-US', 'June', 'June', '유월에 비가 와요.', 'It rains in June.', 1) ON CONFLICT (word_id, locale) DO UPDATE SET gloss=EXCLUDED.gloss, gloss_short=EXCLUDED.gloss_short, example_ko=EXCLUDED.example_ko, example_en=EXCLUDED.example_en;
INSERT INTO word_pack_members (pack_id, word_id, sort_order, is_free_sample) VALUES ('theme-calendar-001', 'w-cal-006', 5, TRUE) ON CONFLICT (pack_id, word_id) DO UPDATE SET sort_order=EXCLUDED.sort_order, is_free_sample=EXCLUDED.is_free_sample;
INSERT INTO words (word_id, korean, romanization, content_version) VALUES ('w-cal-007', '칠월', 'chi-rwol', 1) ON CONFLICT (word_id) DO UPDATE SET korean=EXCLUDED.korean, romanization=EXCLUDED.romanization;
INSERT INTO word_translations (word_id, locale, gloss, gloss_short, example_ko, example_en, content_version) VALUES ('w-cal-007', 'en-US', 'July', 'July', '칠월은 더워요.', 'July is hot.', 1) ON CONFLICT (word_id, locale) DO UPDATE SET gloss=EXCLUDED.gloss, gloss_short=EXCLUDED.gloss_short, example_ko=EXCLUDED.example_ko, example_en=EXCLUDED.example_en;
INSERT INTO word_pack_members (pack_id, word_id, sort_order, is_free_sample) VALUES ('theme-calendar-001', 'w-cal-007', 6, TRUE) ON CONFLICT (pack_id, word_id) DO UPDATE SET sort_order=EXCLUDED.sort_order, is_free_sample=EXCLUDED.is_free_sample;
INSERT INTO words (word_id, korean, romanization, content_version) VALUES ('w-cal-008', '팔월', 'pa-rwol', 1) ON CONFLICT (word_id) DO UPDATE SET korean=EXCLUDED.korean, romanization=EXCLUDED.romanization;
INSERT INTO word_translations (word_id, locale, gloss, gloss_short, example_ko, example_en, content_version) VALUES ('w-cal-008', 'en-US', 'August', 'August', '팔월에 바다에 가요.', 'I go to the sea in August.', 1) ON CONFLICT (word_id, locale) DO UPDATE SET gloss=EXCLUDED.gloss, gloss_short=EXCLUDED.gloss_short, example_ko=EXCLUDED.example_ko, example_en=EXCLUDED.example_en;
INSERT INTO word_pack_members (pack_id, word_id, sort_order, is_free_sample) VALUES ('theme-calendar-001', 'w-cal-008', 7, TRUE) ON CONFLICT (pack_id, word_id) DO UPDATE SET sort_order=EXCLUDED.sort_order, is_free_sample=EXCLUDED.is_free_sample;
INSERT INTO words (word_id, korean, romanization, content_version) VALUES ('w-cal-009', '구월', 'gu-wol', 1) ON CONFLICT (word_id) DO UPDATE SET korean=EXCLUDED.korean, romanization=EXCLUDED.romanization;
INSERT INTO word_translations (word_id, locale, gloss, gloss_short, example_ko, example_en, content_version) VALUES ('w-cal-009', 'en-US', 'September', 'September', '구월은 시원해요.', 'September is cool.', 1) ON CONFLICT (word_id, locale) DO UPDATE SET gloss=EXCLUDED.gloss, gloss_short=EXCLUDED.gloss_short, example_ko=EXCLUDED.example_ko, example_en=EXCLUDED.example_en;
INSERT INTO word_pack_members (pack_id, word_id, sort_order, is_free_sample) VALUES ('theme-calendar-001', 'w-cal-009', 8, TRUE) ON CONFLICT (pack_id, word_id) DO UPDATE SET sort_order=EXCLUDED.sort_order, is_free_sample=EXCLUDED.is_free_sample;
INSERT INTO words (word_id, korean, romanization, content_version) VALUES ('w-cal-010', '시월', 'si-wol', 1) ON CONFLICT (word_id) DO UPDATE SET korean=EXCLUDED.korean, romanization=EXCLUDED.romanization;
INSERT INTO word_translations (word_id, locale, gloss, gloss_short, example_ko, example_en, content_version) VALUES ('w-cal-010', 'en-US', 'October', 'October', '시월에 여행을 가요.', 'I travel in October.', 1) ON CONFLICT (word_id, locale) DO UPDATE SET gloss=EXCLUDED.gloss, gloss_short=EXCLUDED.gloss_short, example_ko=EXCLUDED.example_ko, example_en=EXCLUDED.example_en;
INSERT INTO word_pack_members (pack_id, word_id, sort_order, is_free_sample) VALUES ('theme-calendar-001', 'w-cal-010', 9, TRUE) ON CONFLICT (pack_id, word_id) DO UPDATE SET sort_order=EXCLUDED.sort_order, is_free_sample=EXCLUDED.is_free_sample;
INSERT INTO words (word_id, korean, romanization, content_version) VALUES ('w-cal-011', '십일월', 'si-bi-rwol', 1) ON CONFLICT (word_id) DO UPDATE SET korean=EXCLUDED.korean, romanization=EXCLUDED.romanization;
INSERT INTO word_translations (word_id, locale, gloss, gloss_short, example_ko, example_en, content_version) VALUES ('w-cal-011', 'en-US', 'November', 'November', '십일월은 추워요.', 'November is cold.', 1) ON CONFLICT (word_id, locale) DO UPDATE SET gloss=EXCLUDED.gloss, gloss_short=EXCLUDED.gloss_short, example_ko=EXCLUDED.example_ko, example_en=EXCLUDED.example_en;
INSERT INTO word_pack_members (pack_id, word_id, sort_order, is_free_sample) VALUES ('theme-calendar-001', 'w-cal-011', 10, FALSE) ON CONFLICT (pack_id, word_id) DO UPDATE SET sort_order=EXCLUDED.sort_order, is_free_sample=EXCLUDED.is_free_sample;
INSERT INTO words (word_id, korean, romanization, content_version) VALUES ('w-cal-012', '십이월', 'si-bi-wol', 1) ON CONFLICT (word_id) DO UPDATE SET korean=EXCLUDED.korean, romanization=EXCLUDED.romanization;
INSERT INTO word_translations (word_id, locale, gloss, gloss_short, example_ko, example_en, content_version) VALUES ('w-cal-012', 'en-US', 'December', 'December', '십이월에 눈이 와요.', 'It snows in December.', 1) ON CONFLICT (word_id, locale) DO UPDATE SET gloss=EXCLUDED.gloss, gloss_short=EXCLUDED.gloss_short, example_ko=EXCLUDED.example_ko, example_en=EXCLUDED.example_en;
INSERT INTO word_pack_members (pack_id, word_id, sort_order, is_free_sample) VALUES ('theme-calendar-001', 'w-cal-012', 11, FALSE) ON CONFLICT (pack_id, word_id) DO UPDATE SET sort_order=EXCLUDED.sort_order, is_free_sample=EXCLUDED.is_free_sample;
INSERT INTO words (word_id, korean, romanization, content_version) VALUES ('w-cal-013', '달력', 'dal-lyeok', 1) ON CONFLICT (word_id) DO UPDATE SET korean=EXCLUDED.korean, romanization=EXCLUDED.romanization;
INSERT INTO word_translations (word_id, locale, gloss, gloss_short, example_ko, example_en, content_version) VALUES ('w-cal-013', 'en-US', 'calendar', 'calendar', '달력을 봐요.', 'I look at the calendar.', 1) ON CONFLICT (word_id, locale) DO UPDATE SET gloss=EXCLUDED.gloss, gloss_short=EXCLUDED.gloss_short, example_ko=EXCLUDED.example_ko, example_en=EXCLUDED.example_en;
INSERT INTO word_pack_members (pack_id, word_id, sort_order, is_free_sample) VALUES ('theme-calendar-001', 'w-cal-013', 12, FALSE) ON CONFLICT (pack_id, word_id) DO UPDATE SET sort_order=EXCLUDED.sort_order, is_free_sample=EXCLUDED.is_free_sample;
INSERT INTO words (word_id, korean, romanization, content_version) VALUES ('w-cal-014', '날짜', 'nal-jja', 1) ON CONFLICT (word_id) DO UPDATE SET korean=EXCLUDED.korean, romanization=EXCLUDED.romanization;
INSERT INTO word_translations (word_id, locale, gloss, gloss_short, example_ko, example_en, content_version) VALUES ('w-cal-014', 'en-US', 'date', 'date', '오늘 날짜가 뭐예요?', 'What is today''s date?', 1) ON CONFLICT (word_id, locale) DO UPDATE SET gloss=EXCLUDED.gloss, gloss_short=EXCLUDED.gloss_short, example_ko=EXCLUDED.example_ko, example_en=EXCLUDED.example_en;
INSERT INTO word_pack_members (pack_id, word_id, sort_order, is_free_sample) VALUES ('theme-calendar-001', 'w-cal-014', 13, FALSE) ON CONFLICT (pack_id, word_id) DO UPDATE SET sort_order=EXCLUDED.sort_order, is_free_sample=EXCLUDED.is_free_sample;
INSERT INTO words (word_id, korean, romanization, content_version) VALUES ('w-cal-015', '요일', 'yo-il', 1) ON CONFLICT (word_id) DO UPDATE SET korean=EXCLUDED.korean, romanization=EXCLUDED.romanization;
INSERT INTO word_translations (word_id, locale, gloss, gloss_short, example_ko, example_en, content_version) VALUES ('w-cal-015', 'en-US', 'day of the week', 'day of the week', '오늘은 무슨 요일이에요?', 'What day of the week is it today?', 1) ON CONFLICT (word_id, locale) DO UPDATE SET gloss=EXCLUDED.gloss, gloss_short=EXCLUDED.gloss_short, example_ko=EXCLUDED.example_ko, example_en=EXCLUDED.example_en;
INSERT INTO word_pack_members (pack_id, word_id, sort_order, is_free_sample) VALUES ('theme-calendar-001', 'w-cal-015', 14, FALSE) ON CONFLICT (pack_id, word_id) DO UPDATE SET sort_order=EXCLUDED.sort_order, is_free_sample=EXCLUDED.is_free_sample;
INSERT INTO words (word_id, korean, romanization, content_version) VALUES ('w-cal-016', '월', 'wol', 1) ON CONFLICT (word_id) DO UPDATE SET korean=EXCLUDED.korean, romanization=EXCLUDED.romanization;
INSERT INTO word_translations (word_id, locale, gloss, gloss_short, example_ko, example_en, content_version) VALUES ('w-cal-016', 'en-US', 'month', 'month', '지금은 몇 월이에요?', 'What month is it now?', 1) ON CONFLICT (word_id, locale) DO UPDATE SET gloss=EXCLUDED.gloss, gloss_short=EXCLUDED.gloss_short, example_ko=EXCLUDED.example_ko, example_en=EXCLUDED.example_en;
INSERT INTO word_pack_members (pack_id, word_id, sort_order, is_free_sample) VALUES ('theme-calendar-001', 'w-cal-016', 15, FALSE) ON CONFLICT (pack_id, word_id) DO UPDATE SET sort_order=EXCLUDED.sort_order, is_free_sample=EXCLUDED.is_free_sample;
INSERT INTO words (word_id, korean, romanization, content_version) VALUES ('w-cal-017', '년', 'nyeon', 1) ON CONFLICT (word_id) DO UPDATE SET korean=EXCLUDED.korean, romanization=EXCLUDED.romanization;
INSERT INTO word_translations (word_id, locale, gloss, gloss_short, example_ko, example_en, content_version) VALUES ('w-cal-017', 'en-US', 'year', 'year', '이천 년에 태어났어요.', 'I was born in the year 2000.', 1) ON CONFLICT (word_id, locale) DO UPDATE SET gloss=EXCLUDED.gloss, gloss_short=EXCLUDED.gloss_short, example_ko=EXCLUDED.example_ko, example_en=EXCLUDED.example_en;
INSERT INTO word_pack_members (pack_id, word_id, sort_order, is_free_sample) VALUES ('theme-calendar-001', 'w-cal-017', 16, FALSE) ON CONFLICT (pack_id, word_id) DO UPDATE SET sort_order=EXCLUDED.sort_order, is_free_sample=EXCLUDED.is_free_sample;
INSERT INTO words (word_id, korean, romanization, content_version) VALUES ('w-cal-018', '주', 'ju', 1) ON CONFLICT (word_id) DO UPDATE SET korean=EXCLUDED.korean, romanization=EXCLUDED.romanization;
INSERT INTO word_translations (word_id, locale, gloss, gloss_short, example_ko, example_en, content_version) VALUES ('w-cal-018', 'en-US', 'week', 'week', '한 주는 칠 일이에요.', 'One week is seven days.', 1) ON CONFLICT (word_id, locale) DO UPDATE SET gloss=EXCLUDED.gloss, gloss_short=EXCLUDED.gloss_short, example_ko=EXCLUDED.example_ko, example_en=EXCLUDED.example_en;
INSERT INTO word_pack_members (pack_id, word_id, sort_order, is_free_sample) VALUES ('theme-calendar-001', 'w-cal-018', 17, FALSE) ON CONFLICT (pack_id, word_id) DO UPDATE SET sort_order=EXCLUDED.sort_order, is_free_sample=EXCLUDED.is_free_sample;
INSERT INTO words (word_id, korean, romanization, content_version) VALUES ('w-cal-019', '며칠', 'myeo-chil', 1) ON CONFLICT (word_id) DO UPDATE SET korean=EXCLUDED.korean, romanization=EXCLUDED.romanization;
INSERT INTO word_translations (word_id, locale, gloss, gloss_short, example_ko, example_en, content_version) VALUES ('w-cal-019', 'en-US', 'how many days / what date', 'how many days / what', '오늘이 며칠이에요?', 'What is today''s date?', 1) ON CONFLICT (word_id, locale) DO UPDATE SET gloss=EXCLUDED.gloss, gloss_short=EXCLUDED.gloss_short, example_ko=EXCLUDED.example_ko, example_en=EXCLUDED.example_en;
INSERT INTO word_pack_members (pack_id, word_id, sort_order, is_free_sample) VALUES ('theme-calendar-001', 'w-cal-019', 18, FALSE) ON CONFLICT (pack_id, word_id) DO UPDATE SET sort_order=EXCLUDED.sort_order, is_free_sample=EXCLUDED.is_free_sample;
INSERT INTO words (word_id, korean, romanization, content_version) VALUES ('w-cal-020', '생일', 'saeng-il', 1) ON CONFLICT (word_id) DO UPDATE SET korean=EXCLUDED.korean, romanization=EXCLUDED.romanization;
INSERT INTO word_translations (word_id, locale, gloss, gloss_short, example_ko, example_en, content_version) VALUES ('w-cal-020', 'en-US', 'birthday', 'birthday', '생일 축하해요!', 'Happy birthday!', 1) ON CONFLICT (word_id, locale) DO UPDATE SET gloss=EXCLUDED.gloss, gloss_short=EXCLUDED.gloss_short, example_ko=EXCLUDED.example_ko, example_en=EXCLUDED.example_en;
INSERT INTO word_pack_members (pack_id, word_id, sort_order, is_free_sample) VALUES ('theme-calendar-001', 'w-cal-020', 19, FALSE) ON CONFLICT (pack_id, word_id) DO UPDATE SET sort_order=EXCLUDED.sort_order, is_free_sample=EXCLUDED.is_free_sample;
INSERT INTO words (word_id, korean, romanization, content_version) VALUES ('w-col-001', '색깔', 'saek-kkal', 1) ON CONFLICT (word_id) DO UPDATE SET korean=EXCLUDED.korean, romanization=EXCLUDED.romanization;
INSERT INTO word_translations (word_id, locale, gloss, gloss_short, example_ko, example_en, content_version) VALUES ('w-col-001', 'en-US', 'color', 'color', '이 색깔 예뻐요.', 'This color is pretty.', 1) ON CONFLICT (word_id, locale) DO UPDATE SET gloss=EXCLUDED.gloss, gloss_short=EXCLUDED.gloss_short, example_ko=EXCLUDED.example_ko, example_en=EXCLUDED.example_en;
INSERT INTO word_pack_members (pack_id, word_id, sort_order, is_free_sample) VALUES ('theme-colors-001', 'w-col-001', 0, TRUE) ON CONFLICT (pack_id, word_id) DO UPDATE SET sort_order=EXCLUDED.sort_order, is_free_sample=EXCLUDED.is_free_sample;
INSERT INTO words (word_id, korean, romanization, content_version) VALUES ('w-col-002', '빨간색', 'ppal-gan-saek', 1) ON CONFLICT (word_id) DO UPDATE SET korean=EXCLUDED.korean, romanization=EXCLUDED.romanization;
INSERT INTO word_translations (word_id, locale, gloss, gloss_short, example_ko, example_en, content_version) VALUES ('w-col-002', 'en-US', 'red', 'red', '사과는 빨간색이에요.', 'The apple is red.', 1) ON CONFLICT (word_id, locale) DO UPDATE SET gloss=EXCLUDED.gloss, gloss_short=EXCLUDED.gloss_short, example_ko=EXCLUDED.example_ko, example_en=EXCLUDED.example_en;
INSERT INTO word_pack_members (pack_id, word_id, sort_order, is_free_sample) VALUES ('theme-colors-001', 'w-col-002', 1, TRUE) ON CONFLICT (pack_id, word_id) DO UPDATE SET sort_order=EXCLUDED.sort_order, is_free_sample=EXCLUDED.is_free_sample;
INSERT INTO words (word_id, korean, romanization, content_version) VALUES ('w-col-003', '파란색', 'pa-ran-saek', 1) ON CONFLICT (word_id) DO UPDATE SET korean=EXCLUDED.korean, romanization=EXCLUDED.romanization;
INSERT INTO word_translations (word_id, locale, gloss, gloss_short, example_ko, example_en, content_version) VALUES ('w-col-003', 'en-US', 'blue', 'blue', '하늘은 파란색이에요.', 'The sky is blue.', 1) ON CONFLICT (word_id, locale) DO UPDATE SET gloss=EXCLUDED.gloss, gloss_short=EXCLUDED.gloss_short, example_ko=EXCLUDED.example_ko, example_en=EXCLUDED.example_en;
INSERT INTO word_pack_members (pack_id, word_id, sort_order, is_free_sample) VALUES ('theme-colors-001', 'w-col-003', 2, TRUE) ON CONFLICT (pack_id, word_id) DO UPDATE SET sort_order=EXCLUDED.sort_order, is_free_sample=EXCLUDED.is_free_sample;
INSERT INTO words (word_id, korean, romanization, content_version) VALUES ('w-col-004', '노란색', 'no-ran-saek', 1) ON CONFLICT (word_id) DO UPDATE SET korean=EXCLUDED.korean, romanization=EXCLUDED.romanization;
INSERT INTO word_translations (word_id, locale, gloss, gloss_short, example_ko, example_en, content_version) VALUES ('w-col-004', 'en-US', 'yellow', 'yellow', '바나나는 노란색이에요.', 'The banana is yellow.', 1) ON CONFLICT (word_id, locale) DO UPDATE SET gloss=EXCLUDED.gloss, gloss_short=EXCLUDED.gloss_short, example_ko=EXCLUDED.example_ko, example_en=EXCLUDED.example_en;
INSERT INTO word_pack_members (pack_id, word_id, sort_order, is_free_sample) VALUES ('theme-colors-001', 'w-col-004', 3, TRUE) ON CONFLICT (pack_id, word_id) DO UPDATE SET sort_order=EXCLUDED.sort_order, is_free_sample=EXCLUDED.is_free_sample;
INSERT INTO words (word_id, korean, romanization, content_version) VALUES ('w-col-005', '초록색', 'cho-rok-saek', 1) ON CONFLICT (word_id) DO UPDATE SET korean=EXCLUDED.korean, romanization=EXCLUDED.romanization;
INSERT INTO word_translations (word_id, locale, gloss, gloss_short, example_ko, example_en, content_version) VALUES ('w-col-005', 'en-US', 'green', 'green', '나무는 초록색이에요.', 'The tree is green.', 1) ON CONFLICT (word_id, locale) DO UPDATE SET gloss=EXCLUDED.gloss, gloss_short=EXCLUDED.gloss_short, example_ko=EXCLUDED.example_ko, example_en=EXCLUDED.example_en;
INSERT INTO word_pack_members (pack_id, word_id, sort_order, is_free_sample) VALUES ('theme-colors-001', 'w-col-005', 4, TRUE) ON CONFLICT (pack_id, word_id) DO UPDATE SET sort_order=EXCLUDED.sort_order, is_free_sample=EXCLUDED.is_free_sample;
INSERT INTO words (word_id, korean, romanization, content_version) VALUES ('w-col-006', '검은색', 'geo-meun-saek', 1) ON CONFLICT (word_id) DO UPDATE SET korean=EXCLUDED.korean, romanization=EXCLUDED.romanization;
INSERT INTO word_translations (word_id, locale, gloss, gloss_short, example_ko, example_en, content_version) VALUES ('w-col-006', 'en-US', 'black', 'black', '머리가 검은색이에요.', 'The hair is black.', 1) ON CONFLICT (word_id, locale) DO UPDATE SET gloss=EXCLUDED.gloss, gloss_short=EXCLUDED.gloss_short, example_ko=EXCLUDED.example_ko, example_en=EXCLUDED.example_en;
INSERT INTO word_pack_members (pack_id, word_id, sort_order, is_free_sample) VALUES ('theme-colors-001', 'w-col-006', 5, TRUE) ON CONFLICT (pack_id, word_id) DO UPDATE SET sort_order=EXCLUDED.sort_order, is_free_sample=EXCLUDED.is_free_sample;
INSERT INTO words (word_id, korean, romanization, content_version) VALUES ('w-col-007', '흰색', 'hin-saek', 1) ON CONFLICT (word_id) DO UPDATE SET korean=EXCLUDED.korean, romanization=EXCLUDED.romanization;
INSERT INTO word_translations (word_id, locale, gloss, gloss_short, example_ko, example_en, content_version) VALUES ('w-col-007', 'en-US', 'white', 'white', '눈은 흰색이에요.', 'The snow is white.', 1) ON CONFLICT (word_id, locale) DO UPDATE SET gloss=EXCLUDED.gloss, gloss_short=EXCLUDED.gloss_short, example_ko=EXCLUDED.example_ko, example_en=EXCLUDED.example_en;
INSERT INTO word_pack_members (pack_id, word_id, sort_order, is_free_sample) VALUES ('theme-colors-001', 'w-col-007', 6, TRUE) ON CONFLICT (pack_id, word_id) DO UPDATE SET sort_order=EXCLUDED.sort_order, is_free_sample=EXCLUDED.is_free_sample;
INSERT INTO words (word_id, korean, romanization, content_version) VALUES ('w-col-008', '분홍색', 'bun-hong-saek', 1) ON CONFLICT (word_id) DO UPDATE SET korean=EXCLUDED.korean, romanization=EXCLUDED.romanization;
INSERT INTO word_translations (word_id, locale, gloss, gloss_short, example_ko, example_en, content_version) VALUES ('w-col-008', 'en-US', 'pink', 'pink', '꽃이 분홍색이에요.', 'The flower is pink.', 1) ON CONFLICT (word_id, locale) DO UPDATE SET gloss=EXCLUDED.gloss, gloss_short=EXCLUDED.gloss_short, example_ko=EXCLUDED.example_ko, example_en=EXCLUDED.example_en;
INSERT INTO word_pack_members (pack_id, word_id, sort_order, is_free_sample) VALUES ('theme-colors-001', 'w-col-008', 7, TRUE) ON CONFLICT (pack_id, word_id) DO UPDATE SET sort_order=EXCLUDED.sort_order, is_free_sample=EXCLUDED.is_free_sample;
INSERT INTO words (word_id, korean, romanization, content_version) VALUES ('w-col-009', '보라색', 'bo-ra-saek', 1) ON CONFLICT (word_id) DO UPDATE SET korean=EXCLUDED.korean, romanization=EXCLUDED.romanization;
INSERT INTO word_translations (word_id, locale, gloss, gloss_short, example_ko, example_en, content_version) VALUES ('w-col-009', 'en-US', 'purple', 'purple', '포도는 보라색이에요.', 'The grapes are purple.', 1) ON CONFLICT (word_id, locale) DO UPDATE SET gloss=EXCLUDED.gloss, gloss_short=EXCLUDED.gloss_short, example_ko=EXCLUDED.example_ko, example_en=EXCLUDED.example_en;
INSERT INTO word_pack_members (pack_id, word_id, sort_order, is_free_sample) VALUES ('theme-colors-001', 'w-col-009', 8, TRUE) ON CONFLICT (pack_id, word_id) DO UPDATE SET sort_order=EXCLUDED.sort_order, is_free_sample=EXCLUDED.is_free_sample;
INSERT INTO words (word_id, korean, romanization, content_version) VALUES ('w-col-010', '주황색', 'ju-hwang-saek', 1) ON CONFLICT (word_id) DO UPDATE SET korean=EXCLUDED.korean, romanization=EXCLUDED.romanization;
INSERT INTO word_translations (word_id, locale, gloss, gloss_short, example_ko, example_en, content_version) VALUES ('w-col-010', 'en-US', 'orange', 'orange', '이 공은 주황색이에요.', 'This ball is orange.', 1) ON CONFLICT (word_id, locale) DO UPDATE SET gloss=EXCLUDED.gloss, gloss_short=EXCLUDED.gloss_short, example_ko=EXCLUDED.example_ko, example_en=EXCLUDED.example_en;
INSERT INTO word_pack_members (pack_id, word_id, sort_order, is_free_sample) VALUES ('theme-colors-001', 'w-col-010', 9, TRUE) ON CONFLICT (pack_id, word_id) DO UPDATE SET sort_order=EXCLUDED.sort_order, is_free_sample=EXCLUDED.is_free_sample;
INSERT INTO words (word_id, korean, romanization, content_version) VALUES ('w-col-011', '갈색', 'gal-saek', 1) ON CONFLICT (word_id) DO UPDATE SET korean=EXCLUDED.korean, romanization=EXCLUDED.romanization;
INSERT INTO word_translations (word_id, locale, gloss, gloss_short, example_ko, example_en, content_version) VALUES ('w-col-011', 'en-US', 'brown', 'brown', '곰은 갈색이에요.', 'The bear is brown.', 1) ON CONFLICT (word_id, locale) DO UPDATE SET gloss=EXCLUDED.gloss, gloss_short=EXCLUDED.gloss_short, example_ko=EXCLUDED.example_ko, example_en=EXCLUDED.example_en;
INSERT INTO word_pack_members (pack_id, word_id, sort_order, is_free_sample) VALUES ('theme-colors-001', 'w-col-011', 10, FALSE) ON CONFLICT (pack_id, word_id) DO UPDATE SET sort_order=EXCLUDED.sort_order, is_free_sample=EXCLUDED.is_free_sample;
INSERT INTO words (word_id, korean, romanization, content_version) VALUES ('w-col-012', '회색', 'hoe-saek', 1) ON CONFLICT (word_id) DO UPDATE SET korean=EXCLUDED.korean, romanization=EXCLUDED.romanization;
INSERT INTO word_translations (word_id, locale, gloss, gloss_short, example_ko, example_en, content_version) VALUES ('w-col-012', 'en-US', 'gray', 'gray', '구름이 회색이에요.', 'The cloud is gray.', 1) ON CONFLICT (word_id, locale) DO UPDATE SET gloss=EXCLUDED.gloss, gloss_short=EXCLUDED.gloss_short, example_ko=EXCLUDED.example_ko, example_en=EXCLUDED.example_en;
INSERT INTO word_pack_members (pack_id, word_id, sort_order, is_free_sample) VALUES ('theme-colors-001', 'w-col-012', 11, FALSE) ON CONFLICT (pack_id, word_id) DO UPDATE SET sort_order=EXCLUDED.sort_order, is_free_sample=EXCLUDED.is_free_sample;
INSERT INTO words (word_id, korean, romanization, content_version) VALUES ('w-col-013', '하늘색', 'ha-neul-saek', 1) ON CONFLICT (word_id) DO UPDATE SET korean=EXCLUDED.korean, romanization=EXCLUDED.romanization;
INSERT INTO word_translations (word_id, locale, gloss, gloss_short, example_ko, example_en, content_version) VALUES ('w-col-013', 'en-US', 'sky blue', 'sky blue', '가방이 하늘색이에요.', 'The bag is sky blue.', 1) ON CONFLICT (word_id, locale) DO UPDATE SET gloss=EXCLUDED.gloss, gloss_short=EXCLUDED.gloss_short, example_ko=EXCLUDED.example_ko, example_en=EXCLUDED.example_en;
INSERT INTO word_pack_members (pack_id, word_id, sort_order, is_free_sample) VALUES ('theme-colors-001', 'w-col-013', 12, FALSE) ON CONFLICT (pack_id, word_id) DO UPDATE SET sort_order=EXCLUDED.sort_order, is_free_sample=EXCLUDED.is_free_sample;
INSERT INTO words (word_id, korean, romanization, content_version) VALUES ('w-col-014', '동그라미', 'dong-geu-ra-mi', 1) ON CONFLICT (word_id) DO UPDATE SET korean=EXCLUDED.korean, romanization=EXCLUDED.romanization;
INSERT INTO word_translations (word_id, locale, gloss, gloss_short, example_ko, example_en, content_version) VALUES ('w-col-014', 'en-US', 'circle', 'circle', '이것은 동그라미예요.', 'This is a circle.', 1) ON CONFLICT (word_id, locale) DO UPDATE SET gloss=EXCLUDED.gloss, gloss_short=EXCLUDED.gloss_short, example_ko=EXCLUDED.example_ko, example_en=EXCLUDED.example_en;
INSERT INTO word_pack_members (pack_id, word_id, sort_order, is_free_sample) VALUES ('theme-colors-001', 'w-col-014', 13, FALSE) ON CONFLICT (pack_id, word_id) DO UPDATE SET sort_order=EXCLUDED.sort_order, is_free_sample=EXCLUDED.is_free_sample;
INSERT INTO words (word_id, korean, romanization, content_version) VALUES ('w-col-015', '네모', 'ne-mo', 1) ON CONFLICT (word_id) DO UPDATE SET korean=EXCLUDED.korean, romanization=EXCLUDED.romanization;
INSERT INTO word_translations (word_id, locale, gloss, gloss_short, example_ko, example_en, content_version) VALUES ('w-col-015', 'en-US', 'square', 'square', '창문은 네모예요.', 'The window is a square.', 1) ON CONFLICT (word_id, locale) DO UPDATE SET gloss=EXCLUDED.gloss, gloss_short=EXCLUDED.gloss_short, example_ko=EXCLUDED.example_ko, example_en=EXCLUDED.example_en;
INSERT INTO word_pack_members (pack_id, word_id, sort_order, is_free_sample) VALUES ('theme-colors-001', 'w-col-015', 14, FALSE) ON CONFLICT (pack_id, word_id) DO UPDATE SET sort_order=EXCLUDED.sort_order, is_free_sample=EXCLUDED.is_free_sample;
INSERT INTO words (word_id, korean, romanization, content_version) VALUES ('w-col-016', '세모', 'se-mo', 1) ON CONFLICT (word_id) DO UPDATE SET korean=EXCLUDED.korean, romanization=EXCLUDED.romanization;
INSERT INTO word_translations (word_id, locale, gloss, gloss_short, example_ko, example_en, content_version) VALUES ('w-col-016', 'en-US', 'triangle', 'triangle', '이것은 세모예요.', 'This is a triangle.', 1) ON CONFLICT (word_id, locale) DO UPDATE SET gloss=EXCLUDED.gloss, gloss_short=EXCLUDED.gloss_short, example_ko=EXCLUDED.example_ko, example_en=EXCLUDED.example_en;
INSERT INTO word_pack_members (pack_id, word_id, sort_order, is_free_sample) VALUES ('theme-colors-001', 'w-col-016', 15, FALSE) ON CONFLICT (pack_id, word_id) DO UPDATE SET sort_order=EXCLUDED.sort_order, is_free_sample=EXCLUDED.is_free_sample;
INSERT INTO words (word_id, korean, romanization, content_version) VALUES ('w-col-017', '별표', 'byeol-pyo', 1) ON CONFLICT (word_id) DO UPDATE SET korean=EXCLUDED.korean, romanization=EXCLUDED.romanization;
INSERT INTO word_translations (word_id, locale, gloss, gloss_short, example_ko, example_en, content_version) VALUES ('w-col-017', 'en-US', 'star', 'star', '별표를 그려요.', 'I draw a star.', 1) ON CONFLICT (word_id, locale) DO UPDATE SET gloss=EXCLUDED.gloss, gloss_short=EXCLUDED.gloss_short, example_ko=EXCLUDED.example_ko, example_en=EXCLUDED.example_en;
INSERT INTO word_pack_members (pack_id, word_id, sort_order, is_free_sample) VALUES ('theme-colors-001', 'w-col-017', 16, FALSE) ON CONFLICT (pack_id, word_id) DO UPDATE SET sort_order=EXCLUDED.sort_order, is_free_sample=EXCLUDED.is_free_sample;
INSERT INTO words (word_id, korean, romanization, content_version) VALUES ('w-col-018', '하트', 'ha-teu', 1) ON CONFLICT (word_id) DO UPDATE SET korean=EXCLUDED.korean, romanization=EXCLUDED.romanization;
INSERT INTO word_translations (word_id, locale, gloss, gloss_short, example_ko, example_en, content_version) VALUES ('w-col-018', 'en-US', 'heart', 'heart', '하트를 그려요.', 'I draw a heart.', 1) ON CONFLICT (word_id, locale) DO UPDATE SET gloss=EXCLUDED.gloss, gloss_short=EXCLUDED.gloss_short, example_ko=EXCLUDED.example_ko, example_en=EXCLUDED.example_en;
INSERT INTO word_pack_members (pack_id, word_id, sort_order, is_free_sample) VALUES ('theme-colors-001', 'w-col-018', 17, FALSE) ON CONFLICT (pack_id, word_id) DO UPDATE SET sort_order=EXCLUDED.sort_order, is_free_sample=EXCLUDED.is_free_sample;
INSERT INTO words (word_id, korean, romanization, content_version) VALUES ('w-col-019', '줄', 'jul', 1) ON CONFLICT (word_id) DO UPDATE SET korean=EXCLUDED.korean, romanization=EXCLUDED.romanization;
INSERT INTO word_translations (word_id, locale, gloss, gloss_short, example_ko, example_en, content_version) VALUES ('w-col-019', 'en-US', 'line', 'line', '줄을 그어요.', 'I draw a line.', 1) ON CONFLICT (word_id, locale) DO UPDATE SET gloss=EXCLUDED.gloss, gloss_short=EXCLUDED.gloss_short, example_ko=EXCLUDED.example_ko, example_en=EXCLUDED.example_en;
INSERT INTO word_pack_members (pack_id, word_id, sort_order, is_free_sample) VALUES ('theme-colors-001', 'w-col-019', 18, FALSE) ON CONFLICT (pack_id, word_id) DO UPDATE SET sort_order=EXCLUDED.sort_order, is_free_sample=EXCLUDED.is_free_sample;
INSERT INTO words (word_id, korean, romanization, content_version) VALUES ('w-col-020', '점', 'jeom', 1) ON CONFLICT (word_id) DO UPDATE SET korean=EXCLUDED.korean, romanization=EXCLUDED.romanization;
INSERT INTO word_translations (word_id, locale, gloss, gloss_short, example_ko, example_en, content_version) VALUES ('w-col-020', 'en-US', 'dot', 'dot', '점을 찍어요.', 'I make a dot.', 1) ON CONFLICT (word_id, locale) DO UPDATE SET gloss=EXCLUDED.gloss, gloss_short=EXCLUDED.gloss_short, example_ko=EXCLUDED.example_ko, example_en=EXCLUDED.example_en;
INSERT INTO word_pack_members (pack_id, word_id, sort_order, is_free_sample) VALUES ('theme-colors-001', 'w-col-020', 19, FALSE) ON CONFLICT (pack_id, word_id) DO UPDATE SET sort_order=EXCLUDED.sort_order, is_free_sample=EXCLUDED.is_free_sample;
INSERT INTO words (word_id, korean, romanization, content_version) VALUES ('w-day-001', '월요일', 'wo-ryo-il', 1) ON CONFLICT (word_id) DO UPDATE SET korean=EXCLUDED.korean, romanization=EXCLUDED.romanization;
INSERT INTO word_translations (word_id, locale, gloss, gloss_short, example_ko, example_en, content_version) VALUES ('w-day-001', 'en-US', 'Monday', 'Monday', '오늘은 월요일이에요.', 'Today is Monday.', 1) ON CONFLICT (word_id, locale) DO UPDATE SET gloss=EXCLUDED.gloss, gloss_short=EXCLUDED.gloss_short, example_ko=EXCLUDED.example_ko, example_en=EXCLUDED.example_en;
INSERT INTO word_pack_members (pack_id, word_id, sort_order, is_free_sample) VALUES ('theme-days-001', 'w-day-001', 0, TRUE) ON CONFLICT (pack_id, word_id) DO UPDATE SET sort_order=EXCLUDED.sort_order, is_free_sample=EXCLUDED.is_free_sample;
INSERT INTO words (word_id, korean, romanization, content_version) VALUES ('w-day-002', '화요일', 'hwa-yo-il', 1) ON CONFLICT (word_id) DO UPDATE SET korean=EXCLUDED.korean, romanization=EXCLUDED.romanization;
INSERT INTO word_translations (word_id, locale, gloss, gloss_short, example_ko, example_en, content_version) VALUES ('w-day-002', 'en-US', 'Tuesday', 'Tuesday', '내일은 화요일이에요.', 'Tomorrow is Tuesday.', 1) ON CONFLICT (word_id, locale) DO UPDATE SET gloss=EXCLUDED.gloss, gloss_short=EXCLUDED.gloss_short, example_ko=EXCLUDED.example_ko, example_en=EXCLUDED.example_en;
INSERT INTO word_pack_members (pack_id, word_id, sort_order, is_free_sample) VALUES ('theme-days-001', 'w-day-002', 1, TRUE) ON CONFLICT (pack_id, word_id) DO UPDATE SET sort_order=EXCLUDED.sort_order, is_free_sample=EXCLUDED.is_free_sample;
INSERT INTO words (word_id, korean, romanization, content_version) VALUES ('w-day-003', '수요일', 'su-yo-il', 1) ON CONFLICT (word_id) DO UPDATE SET korean=EXCLUDED.korean, romanization=EXCLUDED.romanization;
INSERT INTO word_translations (word_id, locale, gloss, gloss_short, example_ko, example_en, content_version) VALUES ('w-day-003', 'en-US', 'Wednesday', 'Wednesday', '수요일에 만나요.', 'Let''s meet on Wednesday.', 1) ON CONFLICT (word_id, locale) DO UPDATE SET gloss=EXCLUDED.gloss, gloss_short=EXCLUDED.gloss_short, example_ko=EXCLUDED.example_ko, example_en=EXCLUDED.example_en;
INSERT INTO word_pack_members (pack_id, word_id, sort_order, is_free_sample) VALUES ('theme-days-001', 'w-day-003', 2, TRUE) ON CONFLICT (pack_id, word_id) DO UPDATE SET sort_order=EXCLUDED.sort_order, is_free_sample=EXCLUDED.is_free_sample;
INSERT INTO words (word_id, korean, romanization, content_version) VALUES ('w-day-004', '목요일', 'mo-gyo-il', 1) ON CONFLICT (word_id) DO UPDATE SET korean=EXCLUDED.korean, romanization=EXCLUDED.romanization;
INSERT INTO word_translations (word_id, locale, gloss, gloss_short, example_ko, example_en, content_version) VALUES ('w-day-004', 'en-US', 'Thursday', 'Thursday', '목요일은 바빠요.', 'Thursday is busy.', 1) ON CONFLICT (word_id, locale) DO UPDATE SET gloss=EXCLUDED.gloss, gloss_short=EXCLUDED.gloss_short, example_ko=EXCLUDED.example_ko, example_en=EXCLUDED.example_en;
INSERT INTO word_pack_members (pack_id, word_id, sort_order, is_free_sample) VALUES ('theme-days-001', 'w-day-004', 3, TRUE) ON CONFLICT (pack_id, word_id) DO UPDATE SET sort_order=EXCLUDED.sort_order, is_free_sample=EXCLUDED.is_free_sample;
INSERT INTO words (word_id, korean, romanization, content_version) VALUES ('w-day-005', '금요일', 'geu-myo-il', 1) ON CONFLICT (word_id) DO UPDATE SET korean=EXCLUDED.korean, romanization=EXCLUDED.romanization;
INSERT INTO word_translations (word_id, locale, gloss, gloss_short, example_ko, example_en, content_version) VALUES ('w-day-005', 'en-US', 'Friday', 'Friday', '금요일이 좋아요.', 'I like Friday.', 1) ON CONFLICT (word_id, locale) DO UPDATE SET gloss=EXCLUDED.gloss, gloss_short=EXCLUDED.gloss_short, example_ko=EXCLUDED.example_ko, example_en=EXCLUDED.example_en;
INSERT INTO word_pack_members (pack_id, word_id, sort_order, is_free_sample) VALUES ('theme-days-001', 'w-day-005', 4, TRUE) ON CONFLICT (pack_id, word_id) DO UPDATE SET sort_order=EXCLUDED.sort_order, is_free_sample=EXCLUDED.is_free_sample;
INSERT INTO words (word_id, korean, romanization, content_version) VALUES ('w-day-006', '토요일', 'to-yo-il', 1) ON CONFLICT (word_id) DO UPDATE SET korean=EXCLUDED.korean, romanization=EXCLUDED.romanization;
INSERT INTO word_translations (word_id, locale, gloss, gloss_short, example_ko, example_en, content_version) VALUES ('w-day-006', 'en-US', 'Saturday', 'Saturday', '토요일에 쉬어요.', 'I rest on Saturday.', 1) ON CONFLICT (word_id, locale) DO UPDATE SET gloss=EXCLUDED.gloss, gloss_short=EXCLUDED.gloss_short, example_ko=EXCLUDED.example_ko, example_en=EXCLUDED.example_en;
INSERT INTO word_pack_members (pack_id, word_id, sort_order, is_free_sample) VALUES ('theme-days-001', 'w-day-006', 5, TRUE) ON CONFLICT (pack_id, word_id) DO UPDATE SET sort_order=EXCLUDED.sort_order, is_free_sample=EXCLUDED.is_free_sample;
INSERT INTO words (word_id, korean, romanization, content_version) VALUES ('w-day-007', '일요일', 'i-ryo-il', 1) ON CONFLICT (word_id) DO UPDATE SET korean=EXCLUDED.korean, romanization=EXCLUDED.romanization;
INSERT INTO word_translations (word_id, locale, gloss, gloss_short, example_ko, example_en, content_version) VALUES ('w-day-007', 'en-US', 'Sunday', 'Sunday', '일요일에 자요.', 'I sleep on Sunday.', 1) ON CONFLICT (word_id, locale) DO UPDATE SET gloss=EXCLUDED.gloss, gloss_short=EXCLUDED.gloss_short, example_ko=EXCLUDED.example_ko, example_en=EXCLUDED.example_en;
INSERT INTO word_pack_members (pack_id, word_id, sort_order, is_free_sample) VALUES ('theme-days-001', 'w-day-007', 6, TRUE) ON CONFLICT (pack_id, word_id) DO UPDATE SET sort_order=EXCLUDED.sort_order, is_free_sample=EXCLUDED.is_free_sample;
INSERT INTO words (word_id, korean, romanization, content_version) VALUES ('w-day-008', '오늘', 'o-neul', 1) ON CONFLICT (word_id) DO UPDATE SET korean=EXCLUDED.korean, romanization=EXCLUDED.romanization;
INSERT INTO word_translations (word_id, locale, gloss, gloss_short, example_ko, example_en, content_version) VALUES ('w-day-008', 'en-US', 'today', 'today', '오늘은 더워요.', 'Today is hot.', 1) ON CONFLICT (word_id, locale) DO UPDATE SET gloss=EXCLUDED.gloss, gloss_short=EXCLUDED.gloss_short, example_ko=EXCLUDED.example_ko, example_en=EXCLUDED.example_en;
INSERT INTO word_pack_members (pack_id, word_id, sort_order, is_free_sample) VALUES ('theme-days-001', 'w-day-008', 7, TRUE) ON CONFLICT (pack_id, word_id) DO UPDATE SET sort_order=EXCLUDED.sort_order, is_free_sample=EXCLUDED.is_free_sample;
INSERT INTO words (word_id, korean, romanization, content_version) VALUES ('w-day-009', '내일', 'nae-il', 1) ON CONFLICT (word_id) DO UPDATE SET korean=EXCLUDED.korean, romanization=EXCLUDED.romanization;
INSERT INTO word_translations (word_id, locale, gloss, gloss_short, example_ko, example_en, content_version) VALUES ('w-day-009', 'en-US', 'tomorrow', 'tomorrow', '내일 학교에 가요.', 'I go to school tomorrow.', 1) ON CONFLICT (word_id, locale) DO UPDATE SET gloss=EXCLUDED.gloss, gloss_short=EXCLUDED.gloss_short, example_ko=EXCLUDED.example_ko, example_en=EXCLUDED.example_en;
INSERT INTO word_pack_members (pack_id, word_id, sort_order, is_free_sample) VALUES ('theme-days-001', 'w-day-009', 8, TRUE) ON CONFLICT (pack_id, word_id) DO UPDATE SET sort_order=EXCLUDED.sort_order, is_free_sample=EXCLUDED.is_free_sample;
INSERT INTO words (word_id, korean, romanization, content_version) VALUES ('w-day-010', '어제', 'eo-je', 1) ON CONFLICT (word_id) DO UPDATE SET korean=EXCLUDED.korean, romanization=EXCLUDED.romanization;
INSERT INTO word_translations (word_id, locale, gloss, gloss_short, example_ko, example_en, content_version) VALUES ('w-day-010', 'en-US', 'yesterday', 'yesterday', '어제는 추웠어요.', 'Yesterday was cold.', 1) ON CONFLICT (word_id, locale) DO UPDATE SET gloss=EXCLUDED.gloss, gloss_short=EXCLUDED.gloss_short, example_ko=EXCLUDED.example_ko, example_en=EXCLUDED.example_en;
INSERT INTO word_pack_members (pack_id, word_id, sort_order, is_free_sample) VALUES ('theme-days-001', 'w-day-010', 9, TRUE) ON CONFLICT (pack_id, word_id) DO UPDATE SET sort_order=EXCLUDED.sort_order, is_free_sample=EXCLUDED.is_free_sample;
INSERT INTO words (word_id, korean, romanization, content_version) VALUES ('w-day-011', '모레', 'mo-re', 1) ON CONFLICT (word_id) DO UPDATE SET korean=EXCLUDED.korean, romanization=EXCLUDED.romanization;
INSERT INTO word_translations (word_id, locale, gloss, gloss_short, example_ko, example_en, content_version) VALUES ('w-day-011', 'en-US', 'the day after tomorrow', 'the day after tomorrow', '모레 봐요.', 'See you the day after tomorrow.', 1) ON CONFLICT (word_id, locale) DO UPDATE SET gloss=EXCLUDED.gloss, gloss_short=EXCLUDED.gloss_short, example_ko=EXCLUDED.example_ko, example_en=EXCLUDED.example_en;
INSERT INTO word_pack_members (pack_id, word_id, sort_order, is_free_sample) VALUES ('theme-days-001', 'w-day-011', 10, FALSE) ON CONFLICT (pack_id, word_id) DO UPDATE SET sort_order=EXCLUDED.sort_order, is_free_sample=EXCLUDED.is_free_sample;
INSERT INTO words (word_id, korean, romanization, content_version) VALUES ('w-day-012', '주말', 'ju-mal', 1) ON CONFLICT (word_id) DO UPDATE SET korean=EXCLUDED.korean, romanization=EXCLUDED.romanization;
INSERT INTO word_translations (word_id, locale, gloss, gloss_short, example_ko, example_en, content_version) VALUES ('w-day-012', 'en-US', 'weekend', 'weekend', '주말에 놀아요.', 'I play on the weekend.', 1) ON CONFLICT (word_id, locale) DO UPDATE SET gloss=EXCLUDED.gloss, gloss_short=EXCLUDED.gloss_short, example_ko=EXCLUDED.example_ko, example_en=EXCLUDED.example_en;
INSERT INTO word_pack_members (pack_id, word_id, sort_order, is_free_sample) VALUES ('theme-days-001', 'w-day-012', 11, FALSE) ON CONFLICT (pack_id, word_id) DO UPDATE SET sort_order=EXCLUDED.sort_order, is_free_sample=EXCLUDED.is_free_sample;
INSERT INTO words (word_id, korean, romanization, content_version) VALUES ('w-day-013', '평일', 'pyeong-il', 1) ON CONFLICT (word_id) DO UPDATE SET korean=EXCLUDED.korean, romanization=EXCLUDED.romanization;
INSERT INTO word_translations (word_id, locale, gloss, gloss_short, example_ko, example_en, content_version) VALUES ('w-day-013', 'en-US', 'weekday', 'weekday', '평일에 일해요.', 'I work on weekdays.', 1) ON CONFLICT (word_id, locale) DO UPDATE SET gloss=EXCLUDED.gloss, gloss_short=EXCLUDED.gloss_short, example_ko=EXCLUDED.example_ko, example_en=EXCLUDED.example_en;
INSERT INTO word_pack_members (pack_id, word_id, sort_order, is_free_sample) VALUES ('theme-days-001', 'w-day-013', 12, FALSE) ON CONFLICT (pack_id, word_id) DO UPDATE SET sort_order=EXCLUDED.sort_order, is_free_sample=EXCLUDED.is_free_sample;
INSERT INTO words (word_id, korean, romanization, content_version) VALUES ('w-day-014', '일주일', 'il-ju-il', 1) ON CONFLICT (word_id) DO UPDATE SET korean=EXCLUDED.korean, romanization=EXCLUDED.romanization;
INSERT INTO word_translations (word_id, locale, gloss, gloss_short, example_ko, example_en, content_version) VALUES ('w-day-014', 'en-US', 'one week', 'one week', '일주일은 짧아요.', 'A week is short.', 1) ON CONFLICT (word_id, locale) DO UPDATE SET gloss=EXCLUDED.gloss, gloss_short=EXCLUDED.gloss_short, example_ko=EXCLUDED.example_ko, example_en=EXCLUDED.example_en;
INSERT INTO word_pack_members (pack_id, word_id, sort_order, is_free_sample) VALUES ('theme-days-001', 'w-day-014', 13, FALSE) ON CONFLICT (pack_id, word_id) DO UPDATE SET sort_order=EXCLUDED.sort_order, is_free_sample=EXCLUDED.is_free_sample;
INSERT INTO words (word_id, korean, romanization, content_version) VALUES ('w-day-015', '매일', 'mae-il', 1) ON CONFLICT (word_id) DO UPDATE SET korean=EXCLUDED.korean, romanization=EXCLUDED.romanization;
INSERT INTO word_translations (word_id, locale, gloss, gloss_short, example_ko, example_en, content_version) VALUES ('w-day-015', 'en-US', 'every day', 'every day', '매일 운동해요.', 'I exercise every day.', 1) ON CONFLICT (word_id, locale) DO UPDATE SET gloss=EXCLUDED.gloss, gloss_short=EXCLUDED.gloss_short, example_ko=EXCLUDED.example_ko, example_en=EXCLUDED.example_en;
INSERT INTO word_pack_members (pack_id, word_id, sort_order, is_free_sample) VALUES ('theme-days-001', 'w-day-015', 14, FALSE) ON CONFLICT (pack_id, word_id) DO UPDATE SET sort_order=EXCLUDED.sort_order, is_free_sample=EXCLUDED.is_free_sample;
INSERT INTO words (word_id, korean, romanization, content_version) VALUES ('w-day-016', '아침', 'a-chim', 1) ON CONFLICT (word_id) DO UPDATE SET korean=EXCLUDED.korean, romanization=EXCLUDED.romanization;
INSERT INTO word_translations (word_id, locale, gloss, gloss_short, example_ko, example_en, content_version) VALUES ('w-day-016', 'en-US', 'morning', 'morning', '아침을 먹어요.', 'I eat breakfast in the morning.', 1) ON CONFLICT (word_id, locale) DO UPDATE SET gloss=EXCLUDED.gloss, gloss_short=EXCLUDED.gloss_short, example_ko=EXCLUDED.example_ko, example_en=EXCLUDED.example_en;
INSERT INTO word_pack_members (pack_id, word_id, sort_order, is_free_sample) VALUES ('theme-days-001', 'w-day-016', 15, FALSE) ON CONFLICT (pack_id, word_id) DO UPDATE SET sort_order=EXCLUDED.sort_order, is_free_sample=EXCLUDED.is_free_sample;
INSERT INTO words (word_id, korean, romanization, content_version) VALUES ('w-day-017', '점심', 'jeom-sim', 1) ON CONFLICT (word_id) DO UPDATE SET korean=EXCLUDED.korean, romanization=EXCLUDED.romanization;
INSERT INTO word_translations (word_id, locale, gloss, gloss_short, example_ko, example_en, content_version) VALUES ('w-day-017', 'en-US', 'lunch / noon', 'lunch / noon', '점심을 먹어요.', 'I eat lunch.', 1) ON CONFLICT (word_id, locale) DO UPDATE SET gloss=EXCLUDED.gloss, gloss_short=EXCLUDED.gloss_short, example_ko=EXCLUDED.example_ko, example_en=EXCLUDED.example_en;
INSERT INTO word_pack_members (pack_id, word_id, sort_order, is_free_sample) VALUES ('theme-days-001', 'w-day-017', 16, FALSE) ON CONFLICT (pack_id, word_id) DO UPDATE SET sort_order=EXCLUDED.sort_order, is_free_sample=EXCLUDED.is_free_sample;
INSERT INTO words (word_id, korean, romanization, content_version) VALUES ('w-day-018', '저녁', 'jeo-nyeok', 1) ON CONFLICT (word_id) DO UPDATE SET korean=EXCLUDED.korean, romanization=EXCLUDED.romanization;
INSERT INTO word_translations (word_id, locale, gloss, gloss_short, example_ko, example_en, content_version) VALUES ('w-day-018', 'en-US', 'evening / dinner', 'evening / dinner', '저녁에 쉬어요.', 'I rest in the evening.', 1) ON CONFLICT (word_id, locale) DO UPDATE SET gloss=EXCLUDED.gloss, gloss_short=EXCLUDED.gloss_short, example_ko=EXCLUDED.example_ko, example_en=EXCLUDED.example_en;
INSERT INTO word_pack_members (pack_id, word_id, sort_order, is_free_sample) VALUES ('theme-days-001', 'w-day-018', 17, FALSE) ON CONFLICT (pack_id, word_id) DO UPDATE SET sort_order=EXCLUDED.sort_order, is_free_sample=EXCLUDED.is_free_sample;
INSERT INTO words (word_id, korean, romanization, content_version) VALUES ('w-emo-001', '행복하다', 'haeng-bok-ha-da', 1) ON CONFLICT (word_id) DO UPDATE SET korean=EXCLUDED.korean, romanization=EXCLUDED.romanization;
INSERT INTO word_translations (word_id, locale, gloss, gloss_short, example_ko, example_en, content_version) VALUES ('w-emo-001', 'en-US', 'to be happy', 'to be happy', '저는 행복해요.', 'I am happy.', 1) ON CONFLICT (word_id, locale) DO UPDATE SET gloss=EXCLUDED.gloss, gloss_short=EXCLUDED.gloss_short, example_ko=EXCLUDED.example_ko, example_en=EXCLUDED.example_en;
INSERT INTO word_pack_members (pack_id, word_id, sort_order, is_free_sample) VALUES ('theme-emotions-001', 'w-emo-001', 0, TRUE) ON CONFLICT (pack_id, word_id) DO UPDATE SET sort_order=EXCLUDED.sort_order, is_free_sample=EXCLUDED.is_free_sample;
INSERT INTO words (word_id, korean, romanization, content_version) VALUES ('w-emo-002', '슬프다', 'seul-peu-da', 1) ON CONFLICT (word_id) DO UPDATE SET korean=EXCLUDED.korean, romanization=EXCLUDED.romanization;
INSERT INTO word_translations (word_id, locale, gloss, gloss_short, example_ko, example_en, content_version) VALUES ('w-emo-002', 'en-US', 'to be sad', 'to be sad', '저는 슬퍼요.', 'I am sad.', 1) ON CONFLICT (word_id, locale) DO UPDATE SET gloss=EXCLUDED.gloss, gloss_short=EXCLUDED.gloss_short, example_ko=EXCLUDED.example_ko, example_en=EXCLUDED.example_en;
INSERT INTO word_pack_members (pack_id, word_id, sort_order, is_free_sample) VALUES ('theme-emotions-001', 'w-emo-002', 1, TRUE) ON CONFLICT (pack_id, word_id) DO UPDATE SET sort_order=EXCLUDED.sort_order, is_free_sample=EXCLUDED.is_free_sample;
INSERT INTO words (word_id, korean, romanization, content_version) VALUES ('w-emo-003', '화나다', 'hwa-na-da', 1) ON CONFLICT (word_id) DO UPDATE SET korean=EXCLUDED.korean, romanization=EXCLUDED.romanization;
INSERT INTO word_translations (word_id, locale, gloss, gloss_short, example_ko, example_en, content_version) VALUES ('w-emo-003', 'en-US', 'to be angry', 'to be angry', '저는 화났어요.', 'I got angry.', 1) ON CONFLICT (word_id, locale) DO UPDATE SET gloss=EXCLUDED.gloss, gloss_short=EXCLUDED.gloss_short, example_ko=EXCLUDED.example_ko, example_en=EXCLUDED.example_en;
INSERT INTO word_pack_members (pack_id, word_id, sort_order, is_free_sample) VALUES ('theme-emotions-001', 'w-emo-003', 2, TRUE) ON CONFLICT (pack_id, word_id) DO UPDATE SET sort_order=EXCLUDED.sort_order, is_free_sample=EXCLUDED.is_free_sample;
INSERT INTO words (word_id, korean, romanization, content_version) VALUES ('w-emo-004', '무섭다', 'mu-seop-da', 1) ON CONFLICT (word_id) DO UPDATE SET korean=EXCLUDED.korean, romanization=EXCLUDED.romanization;
INSERT INTO word_translations (word_id, locale, gloss, gloss_short, example_ko, example_en, content_version) VALUES ('w-emo-004', 'en-US', 'to be scary/afraid', 'to be scary/afraid', '저는 무서워요.', 'I am scared.', 1) ON CONFLICT (word_id, locale) DO UPDATE SET gloss=EXCLUDED.gloss, gloss_short=EXCLUDED.gloss_short, example_ko=EXCLUDED.example_ko, example_en=EXCLUDED.example_en;
INSERT INTO word_pack_members (pack_id, word_id, sort_order, is_free_sample) VALUES ('theme-emotions-001', 'w-emo-004', 3, TRUE) ON CONFLICT (pack_id, word_id) DO UPDATE SET sort_order=EXCLUDED.sort_order, is_free_sample=EXCLUDED.is_free_sample;
INSERT INTO words (word_id, korean, romanization, content_version) VALUES ('w-emo-005', '기쁘다', 'gi-ppeu-da', 1) ON CONFLICT (word_id) DO UPDATE SET korean=EXCLUDED.korean, romanization=EXCLUDED.romanization;
INSERT INTO word_translations (word_id, locale, gloss, gloss_short, example_ko, example_en, content_version) VALUES ('w-emo-005', 'en-US', 'to be glad', 'to be glad', '저는 기뻐요.', 'I am glad.', 1) ON CONFLICT (word_id, locale) DO UPDATE SET gloss=EXCLUDED.gloss, gloss_short=EXCLUDED.gloss_short, example_ko=EXCLUDED.example_ko, example_en=EXCLUDED.example_en;
INSERT INTO word_pack_members (pack_id, word_id, sort_order, is_free_sample) VALUES ('theme-emotions-001', 'w-emo-005', 4, TRUE) ON CONFLICT (pack_id, word_id) DO UPDATE SET sort_order=EXCLUDED.sort_order, is_free_sample=EXCLUDED.is_free_sample;
INSERT INTO words (word_id, korean, romanization, content_version) VALUES ('w-emo-006', '즐겁다', 'jeul-geop-da', 1) ON CONFLICT (word_id) DO UPDATE SET korean=EXCLUDED.korean, romanization=EXCLUDED.romanization;
INSERT INTO word_translations (word_id, locale, gloss, gloss_short, example_ko, example_en, content_version) VALUES ('w-emo-006', 'en-US', 'to be joyful', 'to be joyful', '저는 즐거워요.', 'I feel joyful.', 1) ON CONFLICT (word_id, locale) DO UPDATE SET gloss=EXCLUDED.gloss, gloss_short=EXCLUDED.gloss_short, example_ko=EXCLUDED.example_ko, example_en=EXCLUDED.example_en;
INSERT INTO word_pack_members (pack_id, word_id, sort_order, is_free_sample) VALUES ('theme-emotions-001', 'w-emo-006', 5, TRUE) ON CONFLICT (pack_id, word_id) DO UPDATE SET sort_order=EXCLUDED.sort_order, is_free_sample=EXCLUDED.is_free_sample;
INSERT INTO words (word_id, korean, romanization, content_version) VALUES ('w-emo-007', '피곤하다', 'pi-gon-ha-da', 1) ON CONFLICT (word_id) DO UPDATE SET korean=EXCLUDED.korean, romanization=EXCLUDED.romanization;
INSERT INTO word_translations (word_id, locale, gloss, gloss_short, example_ko, example_en, content_version) VALUES ('w-emo-007', 'en-US', 'to be tired', 'to be tired', '저는 피곤해요.', 'I am tired.', 1) ON CONFLICT (word_id, locale) DO UPDATE SET gloss=EXCLUDED.gloss, gloss_short=EXCLUDED.gloss_short, example_ko=EXCLUDED.example_ko, example_en=EXCLUDED.example_en;
INSERT INTO word_pack_members (pack_id, word_id, sort_order, is_free_sample) VALUES ('theme-emotions-001', 'w-emo-007', 6, TRUE) ON CONFLICT (pack_id, word_id) DO UPDATE SET sort_order=EXCLUDED.sort_order, is_free_sample=EXCLUDED.is_free_sample;
INSERT INTO words (word_id, korean, romanization, content_version) VALUES ('w-emo-008', '아프다', 'a-peu-da', 1) ON CONFLICT (word_id) DO UPDATE SET korean=EXCLUDED.korean, romanization=EXCLUDED.romanization;
INSERT INTO word_translations (word_id, locale, gloss, gloss_short, example_ko, example_en, content_version) VALUES ('w-emo-008', 'en-US', 'to be sick/hurt', 'to be sick/hurt', '저는 아파요.', 'I am sick.', 1) ON CONFLICT (word_id, locale) DO UPDATE SET gloss=EXCLUDED.gloss, gloss_short=EXCLUDED.gloss_short, example_ko=EXCLUDED.example_ko, example_en=EXCLUDED.example_en;
INSERT INTO word_pack_members (pack_id, word_id, sort_order, is_free_sample) VALUES ('theme-emotions-001', 'w-emo-008', 7, TRUE) ON CONFLICT (pack_id, word_id) DO UPDATE SET sort_order=EXCLUDED.sort_order, is_free_sample=EXCLUDED.is_free_sample;
INSERT INTO words (word_id, korean, romanization, content_version) VALUES ('w-emo-009', '배고프다', 'bae-go-peu-da', 1) ON CONFLICT (word_id) DO UPDATE SET korean=EXCLUDED.korean, romanization=EXCLUDED.romanization;
INSERT INTO word_translations (word_id, locale, gloss, gloss_short, example_ko, example_en, content_version) VALUES ('w-emo-009', 'en-US', 'to be hungry', 'to be hungry', '저는 배고파요.', 'I am hungry.', 1) ON CONFLICT (word_id, locale) DO UPDATE SET gloss=EXCLUDED.gloss, gloss_short=EXCLUDED.gloss_short, example_ko=EXCLUDED.example_ko, example_en=EXCLUDED.example_en;
INSERT INTO word_pack_members (pack_id, word_id, sort_order, is_free_sample) VALUES ('theme-emotions-001', 'w-emo-009', 8, TRUE) ON CONFLICT (pack_id, word_id) DO UPDATE SET sort_order=EXCLUDED.sort_order, is_free_sample=EXCLUDED.is_free_sample;
INSERT INTO words (word_id, korean, romanization, content_version) VALUES ('w-emo-010', '목마르다', 'mong-ma-reu-da', 1) ON CONFLICT (word_id) DO UPDATE SET korean=EXCLUDED.korean, romanization=EXCLUDED.romanization;
INSERT INTO word_translations (word_id, locale, gloss, gloss_short, example_ko, example_en, content_version) VALUES ('w-emo-010', 'en-US', 'to be thirsty', 'to be thirsty', '저는 목말라요.', 'I am thirsty.', 1) ON CONFLICT (word_id, locale) DO UPDATE SET gloss=EXCLUDED.gloss, gloss_short=EXCLUDED.gloss_short, example_ko=EXCLUDED.example_ko, example_en=EXCLUDED.example_en;
INSERT INTO word_pack_members (pack_id, word_id, sort_order, is_free_sample) VALUES ('theme-emotions-001', 'w-emo-010', 9, TRUE) ON CONFLICT (pack_id, word_id) DO UPDATE SET sort_order=EXCLUDED.sort_order, is_free_sample=EXCLUDED.is_free_sample;
INSERT INTO words (word_id, korean, romanization, content_version) VALUES ('w-emo-011', '놀라다', 'nol-la-da', 1) ON CONFLICT (word_id) DO UPDATE SET korean=EXCLUDED.korean, romanization=EXCLUDED.romanization;
INSERT INTO word_translations (word_id, locale, gloss, gloss_short, example_ko, example_en, content_version) VALUES ('w-emo-011', 'en-US', 'to be surprised', 'to be surprised', '저는 놀랐어요.', 'I was surprised.', 1) ON CONFLICT (word_id, locale) DO UPDATE SET gloss=EXCLUDED.gloss, gloss_short=EXCLUDED.gloss_short, example_ko=EXCLUDED.example_ko, example_en=EXCLUDED.example_en;
INSERT INTO word_pack_members (pack_id, word_id, sort_order, is_free_sample) VALUES ('theme-emotions-001', 'w-emo-011', 10, FALSE) ON CONFLICT (pack_id, word_id) DO UPDATE SET sort_order=EXCLUDED.sort_order, is_free_sample=EXCLUDED.is_free_sample;
INSERT INTO words (word_id, korean, romanization, content_version) VALUES ('w-emo-012', '외롭다', 'oe-rop-da', 1) ON CONFLICT (word_id) DO UPDATE SET korean=EXCLUDED.korean, romanization=EXCLUDED.romanization;
INSERT INTO word_translations (word_id, locale, gloss, gloss_short, example_ko, example_en, content_version) VALUES ('w-emo-012', 'en-US', 'to be lonely', 'to be lonely', '저는 외로워요.', 'I am lonely.', 1) ON CONFLICT (word_id, locale) DO UPDATE SET gloss=EXCLUDED.gloss, gloss_short=EXCLUDED.gloss_short, example_ko=EXCLUDED.example_ko, example_en=EXCLUDED.example_en;
INSERT INTO word_pack_members (pack_id, word_id, sort_order, is_free_sample) VALUES ('theme-emotions-001', 'w-emo-012', 11, FALSE) ON CONFLICT (pack_id, word_id) DO UPDATE SET sort_order=EXCLUDED.sort_order, is_free_sample=EXCLUDED.is_free_sample;
INSERT INTO words (word_id, korean, romanization, content_version) VALUES ('w-emo-013', '심심하다', 'sim-sim-ha-da', 1) ON CONFLICT (word_id) DO UPDATE SET korean=EXCLUDED.korean, romanization=EXCLUDED.romanization;
INSERT INTO word_translations (word_id, locale, gloss, gloss_short, example_ko, example_en, content_version) VALUES ('w-emo-013', 'en-US', 'to be bored', 'to be bored', '저는 심심해요.', 'I am bored.', 1) ON CONFLICT (word_id, locale) DO UPDATE SET gloss=EXCLUDED.gloss, gloss_short=EXCLUDED.gloss_short, example_ko=EXCLUDED.example_ko, example_en=EXCLUDED.example_en;
INSERT INTO word_pack_members (pack_id, word_id, sort_order, is_free_sample) VALUES ('theme-emotions-001', 'w-emo-013', 12, FALSE) ON CONFLICT (pack_id, word_id) DO UPDATE SET sort_order=EXCLUDED.sort_order, is_free_sample=EXCLUDED.is_free_sample;
INSERT INTO words (word_id, korean, romanization, content_version) VALUES ('w-emo-014', '걱정하다', 'geok-jeong-ha-da', 1) ON CONFLICT (word_id) DO UPDATE SET korean=EXCLUDED.korean, romanization=EXCLUDED.romanization;
INSERT INTO word_translations (word_id, locale, gloss, gloss_short, example_ko, example_en, content_version) VALUES ('w-emo-014', 'en-US', 'to worry', 'to worry', '저는 걱정해요.', 'I worry.', 1) ON CONFLICT (word_id, locale) DO UPDATE SET gloss=EXCLUDED.gloss, gloss_short=EXCLUDED.gloss_short, example_ko=EXCLUDED.example_ko, example_en=EXCLUDED.example_en;
INSERT INTO word_pack_members (pack_id, word_id, sort_order, is_free_sample) VALUES ('theme-emotions-001', 'w-emo-014', 13, FALSE) ON CONFLICT (pack_id, word_id) DO UPDATE SET sort_order=EXCLUDED.sort_order, is_free_sample=EXCLUDED.is_free_sample;
INSERT INTO words (word_id, korean, romanization, content_version) VALUES ('w-emo-015', '사랑하다', 'sa-rang-ha-da', 1) ON CONFLICT (word_id) DO UPDATE SET korean=EXCLUDED.korean, romanization=EXCLUDED.romanization;
INSERT INTO word_translations (word_id, locale, gloss, gloss_short, example_ko, example_en, content_version) VALUES ('w-emo-015', 'en-US', 'to love', 'to love', '저는 엄마를 사랑해요.', 'I love my mom.', 1) ON CONFLICT (word_id, locale) DO UPDATE SET gloss=EXCLUDED.gloss, gloss_short=EXCLUDED.gloss_short, example_ko=EXCLUDED.example_ko, example_en=EXCLUDED.example_en;
INSERT INTO word_pack_members (pack_id, word_id, sort_order, is_free_sample) VALUES ('theme-emotions-001', 'w-emo-015', 14, FALSE) ON CONFLICT (pack_id, word_id) DO UPDATE SET sort_order=EXCLUDED.sort_order, is_free_sample=EXCLUDED.is_free_sample;
INSERT INTO words (word_id, korean, romanization, content_version) VALUES ('w-emo-016', '좋다', 'jo-ta', 1) ON CONFLICT (word_id) DO UPDATE SET korean=EXCLUDED.korean, romanization=EXCLUDED.romanization;
INSERT INTO word_translations (word_id, locale, gloss, gloss_short, example_ko, example_en, content_version) VALUES ('w-emo-016', 'en-US', 'to be good/to like', 'to be good/to like', '저는 커피가 좋아요.', 'I like coffee.', 1) ON CONFLICT (word_id, locale) DO UPDATE SET gloss=EXCLUDED.gloss, gloss_short=EXCLUDED.gloss_short, example_ko=EXCLUDED.example_ko, example_en=EXCLUDED.example_en;
INSERT INTO word_pack_members (pack_id, word_id, sort_order, is_free_sample) VALUES ('theme-emotions-001', 'w-emo-016', 15, FALSE) ON CONFLICT (pack_id, word_id) DO UPDATE SET sort_order=EXCLUDED.sort_order, is_free_sample=EXCLUDED.is_free_sample;
INSERT INTO words (word_id, korean, romanization, content_version) VALUES ('w-emo-017', '싫다', 'sil-ta', 1) ON CONFLICT (word_id) DO UPDATE SET korean=EXCLUDED.korean, romanization=EXCLUDED.romanization;
INSERT INTO word_translations (word_id, locale, gloss, gloss_short, example_ko, example_en, content_version) VALUES ('w-emo-017', 'en-US', 'to dislike', 'to dislike', '저는 비가 싫어요.', 'I don''t like rain.', 1) ON CONFLICT (word_id, locale) DO UPDATE SET gloss=EXCLUDED.gloss, gloss_short=EXCLUDED.gloss_short, example_ko=EXCLUDED.example_ko, example_en=EXCLUDED.example_en;
INSERT INTO word_pack_members (pack_id, word_id, sort_order, is_free_sample) VALUES ('theme-emotions-001', 'w-emo-017', 16, FALSE) ON CONFLICT (pack_id, word_id) DO UPDATE SET sort_order=EXCLUDED.sort_order, is_free_sample=EXCLUDED.is_free_sample;
INSERT INTO words (word_id, korean, romanization, content_version) VALUES ('w-emo-018', '재미있다', 'jae-mi-it-da', 1) ON CONFLICT (word_id) DO UPDATE SET korean=EXCLUDED.korean, romanization=EXCLUDED.romanization;
INSERT INTO word_translations (word_id, locale, gloss, gloss_short, example_ko, example_en, content_version) VALUES ('w-emo-018', 'en-US', 'to be fun', 'to be fun', '이 책은 재미있어요.', 'This book is fun.', 1) ON CONFLICT (word_id, locale) DO UPDATE SET gloss=EXCLUDED.gloss, gloss_short=EXCLUDED.gloss_short, example_ko=EXCLUDED.example_ko, example_en=EXCLUDED.example_en;
INSERT INTO word_pack_members (pack_id, word_id, sort_order, is_free_sample) VALUES ('theme-emotions-001', 'w-emo-018', 17, FALSE) ON CONFLICT (pack_id, word_id) DO UPDATE SET sort_order=EXCLUDED.sort_order, is_free_sample=EXCLUDED.is_free_sample;
INSERT INTO words (word_id, korean, romanization, content_version) VALUES ('w-emo-019', '편하다', 'pyeon-ha-da', 1) ON CONFLICT (word_id) DO UPDATE SET korean=EXCLUDED.korean, romanization=EXCLUDED.romanization;
INSERT INTO word_translations (word_id, locale, gloss, gloss_short, example_ko, example_en, content_version) VALUES ('w-emo-019', 'en-US', 'to be comfortable', 'to be comfortable', '이 의자는 편해요.', 'This chair is comfortable.', 1) ON CONFLICT (word_id, locale) DO UPDATE SET gloss=EXCLUDED.gloss, gloss_short=EXCLUDED.gloss_short, example_ko=EXCLUDED.example_ko, example_en=EXCLUDED.example_en;
INSERT INTO word_pack_members (pack_id, word_id, sort_order, is_free_sample) VALUES ('theme-emotions-001', 'w-emo-019', 18, FALSE) ON CONFLICT (pack_id, word_id) DO UPDATE SET sort_order=EXCLUDED.sort_order, is_free_sample=EXCLUDED.is_free_sample;
INSERT INTO words (word_id, korean, romanization, content_version) VALUES ('w-emo-020', '긴장하다', 'gin-jang-ha-da', 1) ON CONFLICT (word_id) DO UPDATE SET korean=EXCLUDED.korean, romanization=EXCLUDED.romanization;
INSERT INTO word_translations (word_id, locale, gloss, gloss_short, example_ko, example_en, content_version) VALUES ('w-emo-020', 'en-US', 'to be nervous', 'to be nervous', '저는 긴장했어요.', 'I was nervous.', 1) ON CONFLICT (word_id, locale) DO UPDATE SET gloss=EXCLUDED.gloss, gloss_short=EXCLUDED.gloss_short, example_ko=EXCLUDED.example_ko, example_en=EXCLUDED.example_en;
INSERT INTO word_pack_members (pack_id, word_id, sort_order, is_free_sample) VALUES ('theme-emotions-001', 'w-emo-020', 19, FALSE) ON CONFLICT (pack_id, word_id) DO UPDATE SET sort_order=EXCLUDED.sort_order, is_free_sample=EXCLUDED.is_free_sample;
INSERT INTO words (word_id, korean, romanization, content_version) VALUES ('w-fam-001', '가족', 'ga-jok', 1) ON CONFLICT (word_id) DO UPDATE SET korean=EXCLUDED.korean, romanization=EXCLUDED.romanization;
INSERT INTO word_translations (word_id, locale, gloss, gloss_short, example_ko, example_en, content_version) VALUES ('w-fam-001', 'en-US', 'family', 'family', '우리 가족은 넷이에요.', 'My family has four people.', 1) ON CONFLICT (word_id, locale) DO UPDATE SET gloss=EXCLUDED.gloss, gloss_short=EXCLUDED.gloss_short, example_ko=EXCLUDED.example_ko, example_en=EXCLUDED.example_en;
INSERT INTO word_pack_members (pack_id, word_id, sort_order, is_free_sample) VALUES ('theme-family-001', 'w-fam-001', 0, TRUE) ON CONFLICT (pack_id, word_id) DO UPDATE SET sort_order=EXCLUDED.sort_order, is_free_sample=EXCLUDED.is_free_sample;
INSERT INTO words (word_id, korean, romanization, content_version) VALUES ('w-fam-002', '엄마', 'eom-ma', 1) ON CONFLICT (word_id) DO UPDATE SET korean=EXCLUDED.korean, romanization=EXCLUDED.romanization;
INSERT INTO word_translations (word_id, locale, gloss, gloss_short, example_ko, example_en, content_version) VALUES ('w-fam-002', 'en-US', 'mom', 'mom', '엄마가 요리해요.', 'Mom is cooking.', 1) ON CONFLICT (word_id, locale) DO UPDATE SET gloss=EXCLUDED.gloss, gloss_short=EXCLUDED.gloss_short, example_ko=EXCLUDED.example_ko, example_en=EXCLUDED.example_en;
INSERT INTO word_pack_members (pack_id, word_id, sort_order, is_free_sample) VALUES ('theme-family-001', 'w-fam-002', 1, TRUE) ON CONFLICT (pack_id, word_id) DO UPDATE SET sort_order=EXCLUDED.sort_order, is_free_sample=EXCLUDED.is_free_sample;
INSERT INTO words (word_id, korean, romanization, content_version) VALUES ('w-fam-003', '아빠', 'a-ppa', 1) ON CONFLICT (word_id) DO UPDATE SET korean=EXCLUDED.korean, romanization=EXCLUDED.romanization;
INSERT INTO word_translations (word_id, locale, gloss, gloss_short, example_ko, example_en, content_version) VALUES ('w-fam-003', 'en-US', 'dad', 'dad', '아빠는 회사에 가요.', 'Dad goes to work.', 1) ON CONFLICT (word_id, locale) DO UPDATE SET gloss=EXCLUDED.gloss, gloss_short=EXCLUDED.gloss_short, example_ko=EXCLUDED.example_ko, example_en=EXCLUDED.example_en;
INSERT INTO word_pack_members (pack_id, word_id, sort_order, is_free_sample) VALUES ('theme-family-001', 'w-fam-003', 2, TRUE) ON CONFLICT (pack_id, word_id) DO UPDATE SET sort_order=EXCLUDED.sort_order, is_free_sample=EXCLUDED.is_free_sample;
INSERT INTO words (word_id, korean, romanization, content_version) VALUES ('w-fam-004', '부모님', 'bu-mo-nim', 1) ON CONFLICT (word_id) DO UPDATE SET korean=EXCLUDED.korean, romanization=EXCLUDED.romanization;
INSERT INTO word_translations (word_id, locale, gloss, gloss_short, example_ko, example_en, content_version) VALUES ('w-fam-004', 'en-US', 'parents', 'parents', '부모님을 사랑해요.', 'I love my parents.', 1) ON CONFLICT (word_id, locale) DO UPDATE SET gloss=EXCLUDED.gloss, gloss_short=EXCLUDED.gloss_short, example_ko=EXCLUDED.example_ko, example_en=EXCLUDED.example_en;
INSERT INTO word_pack_members (pack_id, word_id, sort_order, is_free_sample) VALUES ('theme-family-001', 'w-fam-004', 3, TRUE) ON CONFLICT (pack_id, word_id) DO UPDATE SET sort_order=EXCLUDED.sort_order, is_free_sample=EXCLUDED.is_free_sample;
INSERT INTO words (word_id, korean, romanization, content_version) VALUES ('w-fam-005', '형', 'hyeong', 1) ON CONFLICT (word_id) DO UPDATE SET korean=EXCLUDED.korean, romanization=EXCLUDED.romanization;
INSERT INTO word_translations (word_id, locale, gloss, gloss_short, example_ko, example_en, content_version) VALUES ('w-fam-005', 'en-US', 'older brother', 'older brother', '형이 키가 커요.', 'My older brother is tall.', 1) ON CONFLICT (word_id, locale) DO UPDATE SET gloss=EXCLUDED.gloss, gloss_short=EXCLUDED.gloss_short, example_ko=EXCLUDED.example_ko, example_en=EXCLUDED.example_en;
INSERT INTO word_pack_members (pack_id, word_id, sort_order, is_free_sample) VALUES ('theme-family-001', 'w-fam-005', 4, TRUE) ON CONFLICT (pack_id, word_id) DO UPDATE SET sort_order=EXCLUDED.sort_order, is_free_sample=EXCLUDED.is_free_sample;
INSERT INTO words (word_id, korean, romanization, content_version) VALUES ('w-fam-006', '오빠', 'o-ppa', 1) ON CONFLICT (word_id) DO UPDATE SET korean=EXCLUDED.korean, romanization=EXCLUDED.romanization;
INSERT INTO word_translations (word_id, locale, gloss, gloss_short, example_ko, example_en, content_version) VALUES ('w-fam-006', 'en-US', 'older brother', 'older brother', '오빠가 학교에 가요.', 'My older brother goes to school.', 1) ON CONFLICT (word_id, locale) DO UPDATE SET gloss=EXCLUDED.gloss, gloss_short=EXCLUDED.gloss_short, example_ko=EXCLUDED.example_ko, example_en=EXCLUDED.example_en;
INSERT INTO word_pack_members (pack_id, word_id, sort_order, is_free_sample) VALUES ('theme-family-001', 'w-fam-006', 5, TRUE) ON CONFLICT (pack_id, word_id) DO UPDATE SET sort_order=EXCLUDED.sort_order, is_free_sample=EXCLUDED.is_free_sample;
INSERT INTO words (word_id, korean, romanization, content_version) VALUES ('w-fam-007', '누나', 'nu-na', 1) ON CONFLICT (word_id) DO UPDATE SET korean=EXCLUDED.korean, romanization=EXCLUDED.romanization;
INSERT INTO word_translations (word_id, locale, gloss, gloss_short, example_ko, example_en, content_version) VALUES ('w-fam-007', 'en-US', 'older sister', 'older sister', '누나가 책을 읽어요.', 'My older sister reads a book.', 1) ON CONFLICT (word_id, locale) DO UPDATE SET gloss=EXCLUDED.gloss, gloss_short=EXCLUDED.gloss_short, example_ko=EXCLUDED.example_ko, example_en=EXCLUDED.example_en;
INSERT INTO word_pack_members (pack_id, word_id, sort_order, is_free_sample) VALUES ('theme-family-001', 'w-fam-007', 6, TRUE) ON CONFLICT (pack_id, word_id) DO UPDATE SET sort_order=EXCLUDED.sort_order, is_free_sample=EXCLUDED.is_free_sample;
INSERT INTO words (word_id, korean, romanization, content_version) VALUES ('w-fam-008', '언니', 'eon-ni', 1) ON CONFLICT (word_id) DO UPDATE SET korean=EXCLUDED.korean, romanization=EXCLUDED.romanization;
INSERT INTO word_translations (word_id, locale, gloss, gloss_short, example_ko, example_en, content_version) VALUES ('w-fam-008', 'en-US', 'older sister', 'older sister', '언니는 커피를 마셔요.', 'My older sister drinks coffee.', 1) ON CONFLICT (word_id, locale) DO UPDATE SET gloss=EXCLUDED.gloss, gloss_short=EXCLUDED.gloss_short, example_ko=EXCLUDED.example_ko, example_en=EXCLUDED.example_en;
INSERT INTO word_pack_members (pack_id, word_id, sort_order, is_free_sample) VALUES ('theme-family-001', 'w-fam-008', 7, TRUE) ON CONFLICT (pack_id, word_id) DO UPDATE SET sort_order=EXCLUDED.sort_order, is_free_sample=EXCLUDED.is_free_sample;
INSERT INTO words (word_id, korean, romanization, content_version) VALUES ('w-fam-009', '동생', 'dong-saeng', 1) ON CONFLICT (word_id) DO UPDATE SET korean=EXCLUDED.korean, romanization=EXCLUDED.romanization;
INSERT INTO word_translations (word_id, locale, gloss, gloss_short, example_ko, example_en, content_version) VALUES ('w-fam-009', 'en-US', 'younger sibling', 'younger sibling', '동생이 자요.', 'My younger sibling is sleeping.', 1) ON CONFLICT (word_id, locale) DO UPDATE SET gloss=EXCLUDED.gloss, gloss_short=EXCLUDED.gloss_short, example_ko=EXCLUDED.example_ko, example_en=EXCLUDED.example_en;
INSERT INTO word_pack_members (pack_id, word_id, sort_order, is_free_sample) VALUES ('theme-family-001', 'w-fam-009', 8, TRUE) ON CONFLICT (pack_id, word_id) DO UPDATE SET sort_order=EXCLUDED.sort_order, is_free_sample=EXCLUDED.is_free_sample;
INSERT INTO words (word_id, korean, romanization, content_version) VALUES ('w-fam-010', '할머니', 'hal-meo-ni', 1) ON CONFLICT (word_id) DO UPDATE SET korean=EXCLUDED.korean, romanization=EXCLUDED.romanization;
INSERT INTO word_translations (word_id, locale, gloss, gloss_short, example_ko, example_en, content_version) VALUES ('w-fam-010', 'en-US', 'grandmother', 'grandmother', '할머니가 웃어요.', 'Grandmother is smiling.', 1) ON CONFLICT (word_id, locale) DO UPDATE SET gloss=EXCLUDED.gloss, gloss_short=EXCLUDED.gloss_short, example_ko=EXCLUDED.example_ko, example_en=EXCLUDED.example_en;
INSERT INTO word_pack_members (pack_id, word_id, sort_order, is_free_sample) VALUES ('theme-family-001', 'w-fam-010', 9, TRUE) ON CONFLICT (pack_id, word_id) DO UPDATE SET sort_order=EXCLUDED.sort_order, is_free_sample=EXCLUDED.is_free_sample;
INSERT INTO words (word_id, korean, romanization, content_version) VALUES ('w-fam-011', '할아버지', 'hal-a-beo-ji', 1) ON CONFLICT (word_id) DO UPDATE SET korean=EXCLUDED.korean, romanization=EXCLUDED.romanization;
INSERT INTO word_translations (word_id, locale, gloss, gloss_short, example_ko, example_en, content_version) VALUES ('w-fam-011', 'en-US', 'grandfather', 'grandfather', '할아버지는 신문을 봐요.', 'Grandfather reads the newspaper.', 1) ON CONFLICT (word_id, locale) DO UPDATE SET gloss=EXCLUDED.gloss, gloss_short=EXCLUDED.gloss_short, example_ko=EXCLUDED.example_ko, example_en=EXCLUDED.example_en;
INSERT INTO word_pack_members (pack_id, word_id, sort_order, is_free_sample) VALUES ('theme-family-001', 'w-fam-011', 10, FALSE) ON CONFLICT (pack_id, word_id) DO UPDATE SET sort_order=EXCLUDED.sort_order, is_free_sample=EXCLUDED.is_free_sample;
INSERT INTO words (word_id, korean, romanization, content_version) VALUES ('w-fam-012', '아들', 'a-deul', 1) ON CONFLICT (word_id) DO UPDATE SET korean=EXCLUDED.korean, romanization=EXCLUDED.romanization;
INSERT INTO word_translations (word_id, locale, gloss, gloss_short, example_ko, example_en, content_version) VALUES ('w-fam-012', 'en-US', 'son', 'son', '아들이 밥을 먹어요.', 'The son is eating.', 1) ON CONFLICT (word_id, locale) DO UPDATE SET gloss=EXCLUDED.gloss, gloss_short=EXCLUDED.gloss_short, example_ko=EXCLUDED.example_ko, example_en=EXCLUDED.example_en;
INSERT INTO word_pack_members (pack_id, word_id, sort_order, is_free_sample) VALUES ('theme-family-001', 'w-fam-012', 11, FALSE) ON CONFLICT (pack_id, word_id) DO UPDATE SET sort_order=EXCLUDED.sort_order, is_free_sample=EXCLUDED.is_free_sample;
INSERT INTO words (word_id, korean, romanization, content_version) VALUES ('w-fam-013', '딸', 'ttal', 1) ON CONFLICT (word_id) DO UPDATE SET korean=EXCLUDED.korean, romanization=EXCLUDED.romanization;
INSERT INTO word_translations (word_id, locale, gloss, gloss_short, example_ko, example_en, content_version) VALUES ('w-fam-013', 'en-US', 'daughter', 'daughter', '딸이 노래해요.', 'The daughter is singing.', 1) ON CONFLICT (word_id, locale) DO UPDATE SET gloss=EXCLUDED.gloss, gloss_short=EXCLUDED.gloss_short, example_ko=EXCLUDED.example_ko, example_en=EXCLUDED.example_en;
INSERT INTO word_pack_members (pack_id, word_id, sort_order, is_free_sample) VALUES ('theme-family-001', 'w-fam-013', 12, FALSE) ON CONFLICT (pack_id, word_id) DO UPDATE SET sort_order=EXCLUDED.sort_order, is_free_sample=EXCLUDED.is_free_sample;
INSERT INTO words (word_id, korean, romanization, content_version) VALUES ('w-fam-014', '아기', 'a-gi', 1) ON CONFLICT (word_id) DO UPDATE SET korean=EXCLUDED.korean, romanization=EXCLUDED.romanization;
INSERT INTO word_translations (word_id, locale, gloss, gloss_short, example_ko, example_en, content_version) VALUES ('w-fam-014', 'en-US', 'baby', 'baby', '아기가 울어요.', 'The baby is crying.', 1) ON CONFLICT (word_id, locale) DO UPDATE SET gloss=EXCLUDED.gloss, gloss_short=EXCLUDED.gloss_short, example_ko=EXCLUDED.example_ko, example_en=EXCLUDED.example_en;
INSERT INTO word_pack_members (pack_id, word_id, sort_order, is_free_sample) VALUES ('theme-family-001', 'w-fam-014', 13, FALSE) ON CONFLICT (pack_id, word_id) DO UPDATE SET sort_order=EXCLUDED.sort_order, is_free_sample=EXCLUDED.is_free_sample;
INSERT INTO words (word_id, korean, romanization, content_version) VALUES ('w-fam-015', '남편', 'nam-pyeon', 1) ON CONFLICT (word_id) DO UPDATE SET korean=EXCLUDED.korean, romanization=EXCLUDED.romanization;
INSERT INTO word_translations (word_id, locale, gloss, gloss_short, example_ko, example_en, content_version) VALUES ('w-fam-015', 'en-US', 'husband', 'husband', '남편이 청소해요.', 'My husband is cleaning.', 1) ON CONFLICT (word_id, locale) DO UPDATE SET gloss=EXCLUDED.gloss, gloss_short=EXCLUDED.gloss_short, example_ko=EXCLUDED.example_ko, example_en=EXCLUDED.example_en;
INSERT INTO word_pack_members (pack_id, word_id, sort_order, is_free_sample) VALUES ('theme-family-001', 'w-fam-015', 14, FALSE) ON CONFLICT (pack_id, word_id) DO UPDATE SET sort_order=EXCLUDED.sort_order, is_free_sample=EXCLUDED.is_free_sample;
INSERT INTO words (word_id, korean, romanization, content_version) VALUES ('w-fam-016', '아내', 'a-nae', 1) ON CONFLICT (word_id) DO UPDATE SET korean=EXCLUDED.korean, romanization=EXCLUDED.romanization;
INSERT INTO word_translations (word_id, locale, gloss, gloss_short, example_ko, example_en, content_version) VALUES ('w-fam-016', 'en-US', 'wife', 'wife', '아내는 물을 마셔요.', 'My wife drinks water.', 1) ON CONFLICT (word_id, locale) DO UPDATE SET gloss=EXCLUDED.gloss, gloss_short=EXCLUDED.gloss_short, example_ko=EXCLUDED.example_ko, example_en=EXCLUDED.example_en;
INSERT INTO word_pack_members (pack_id, word_id, sort_order, is_free_sample) VALUES ('theme-family-001', 'w-fam-016', 15, FALSE) ON CONFLICT (pack_id, word_id) DO UPDATE SET sort_order=EXCLUDED.sort_order, is_free_sample=EXCLUDED.is_free_sample;
INSERT INTO words (word_id, korean, romanization, content_version) VALUES ('w-fam-017', '친구', 'chin-gu', 1) ON CONFLICT (word_id) DO UPDATE SET korean=EXCLUDED.korean, romanization=EXCLUDED.romanization;
INSERT INTO word_translations (word_id, locale, gloss, gloss_short, example_ko, example_en, content_version) VALUES ('w-fam-017', 'en-US', 'friend', 'friend', '친구를 만나요.', 'I meet a friend.', 1) ON CONFLICT (word_id, locale) DO UPDATE SET gloss=EXCLUDED.gloss, gloss_short=EXCLUDED.gloss_short, example_ko=EXCLUDED.example_ko, example_en=EXCLUDED.example_en;
INSERT INTO word_pack_members (pack_id, word_id, sort_order, is_free_sample) VALUES ('theme-family-001', 'w-fam-017', 16, FALSE) ON CONFLICT (pack_id, word_id) DO UPDATE SET sort_order=EXCLUDED.sort_order, is_free_sample=EXCLUDED.is_free_sample;
INSERT INTO words (word_id, korean, romanization, content_version) VALUES ('w-fam-018', '사람', 'sa-ram', 1) ON CONFLICT (word_id) DO UPDATE SET korean=EXCLUDED.korean, romanization=EXCLUDED.romanization;
INSERT INTO word_translations (word_id, locale, gloss, gloss_short, example_ko, example_en, content_version) VALUES ('w-fam-018', 'en-US', 'person', 'person', '사람이 많아요.', 'There are many people.', 1) ON CONFLICT (word_id, locale) DO UPDATE SET gloss=EXCLUDED.gloss, gloss_short=EXCLUDED.gloss_short, example_ko=EXCLUDED.example_ko, example_en=EXCLUDED.example_en;
INSERT INTO word_pack_members (pack_id, word_id, sort_order, is_free_sample) VALUES ('theme-family-001', 'w-fam-018', 17, FALSE) ON CONFLICT (pack_id, word_id) DO UPDATE SET sort_order=EXCLUDED.sort_order, is_free_sample=EXCLUDED.is_free_sample;
INSERT INTO words (word_id, korean, romanization, content_version) VALUES ('w-fam-019', '남자', 'nam-ja', 1) ON CONFLICT (word_id) DO UPDATE SET korean=EXCLUDED.korean, romanization=EXCLUDED.romanization;
INSERT INTO word_translations (word_id, locale, gloss, gloss_short, example_ko, example_en, content_version) VALUES ('w-fam-019', 'en-US', 'man', 'man', '남자가 걸어요.', 'The man is walking.', 1) ON CONFLICT (word_id, locale) DO UPDATE SET gloss=EXCLUDED.gloss, gloss_short=EXCLUDED.gloss_short, example_ko=EXCLUDED.example_ko, example_en=EXCLUDED.example_en;
INSERT INTO word_pack_members (pack_id, word_id, sort_order, is_free_sample) VALUES ('theme-family-001', 'w-fam-019', 18, FALSE) ON CONFLICT (pack_id, word_id) DO UPDATE SET sort_order=EXCLUDED.sort_order, is_free_sample=EXCLUDED.is_free_sample;
INSERT INTO words (word_id, korean, romanization, content_version) VALUES ('w-fam-020', '여자', 'yeo-ja', 1) ON CONFLICT (word_id) DO UPDATE SET korean=EXCLUDED.korean, romanization=EXCLUDED.romanization;
INSERT INTO word_translations (word_id, locale, gloss, gloss_short, example_ko, example_en, content_version) VALUES ('w-fam-020', 'en-US', 'woman', 'woman', '여자가 웃어요.', 'The woman is smiling.', 1) ON CONFLICT (word_id, locale) DO UPDATE SET gloss=EXCLUDED.gloss, gloss_short=EXCLUDED.gloss_short, example_ko=EXCLUDED.example_ko, example_en=EXCLUDED.example_en;
INSERT INTO word_pack_members (pack_id, word_id, sort_order, is_free_sample) VALUES ('theme-family-001', 'w-fam-020', 19, FALSE) ON CONFLICT (pack_id, word_id) DO UPDATE SET sort_order=EXCLUDED.sort_order, is_free_sample=EXCLUDED.is_free_sample;
INSERT INTO words (word_id, korean, romanization, content_version) VALUES ('w-fam-021', '어른', 'eo-reun', 1) ON CONFLICT (word_id) DO UPDATE SET korean=EXCLUDED.korean, romanization=EXCLUDED.romanization;
INSERT INTO word_translations (word_id, locale, gloss, gloss_short, example_ko, example_en, content_version) VALUES ('w-fam-021', 'en-US', 'adult', 'adult', '어른이 앉아요.', 'The adult sits down.', 1) ON CONFLICT (word_id, locale) DO UPDATE SET gloss=EXCLUDED.gloss, gloss_short=EXCLUDED.gloss_short, example_ko=EXCLUDED.example_ko, example_en=EXCLUDED.example_en;
INSERT INTO word_pack_members (pack_id, word_id, sort_order, is_free_sample) VALUES ('theme-family-001', 'w-fam-021', 20, FALSE) ON CONFLICT (pack_id, word_id) DO UPDATE SET sort_order=EXCLUDED.sort_order, is_free_sample=EXCLUDED.is_free_sample;
INSERT INTO words (word_id, korean, romanization, content_version) VALUES ('w-fam-022', '아이', 'a-i', 1) ON CONFLICT (word_id) DO UPDATE SET korean=EXCLUDED.korean, romanization=EXCLUDED.romanization;
INSERT INTO word_translations (word_id, locale, gloss, gloss_short, example_ko, example_en, content_version) VALUES ('w-fam-022', 'en-US', 'child', 'child', '아이가 놀아요.', 'The child is playing.', 1) ON CONFLICT (word_id, locale) DO UPDATE SET gloss=EXCLUDED.gloss, gloss_short=EXCLUDED.gloss_short, example_ko=EXCLUDED.example_ko, example_en=EXCLUDED.example_en;
INSERT INTO word_pack_members (pack_id, word_id, sort_order, is_free_sample) VALUES ('theme-family-001', 'w-fam-022', 21, FALSE) ON CONFLICT (pack_id, word_id) DO UPDATE SET sort_order=EXCLUDED.sort_order, is_free_sample=EXCLUDED.is_free_sample;
INSERT INTO words (word_id, korean, romanization, content_version) VALUES ('w-hom-001', '집', 'jip', 1) ON CONFLICT (word_id) DO UPDATE SET korean=EXCLUDED.korean, romanization=EXCLUDED.romanization;
INSERT INTO word_translations (word_id, locale, gloss, gloss_short, example_ko, example_en, content_version) VALUES ('w-hom-001', 'en-US', 'house, home', 'house, home', '우리 집이 커요.', 'Our house is big.', 1) ON CONFLICT (word_id, locale) DO UPDATE SET gloss=EXCLUDED.gloss, gloss_short=EXCLUDED.gloss_short, example_ko=EXCLUDED.example_ko, example_en=EXCLUDED.example_en;
INSERT INTO word_pack_members (pack_id, word_id, sort_order, is_free_sample) VALUES ('theme-home-001', 'w-hom-001', 0, TRUE) ON CONFLICT (pack_id, word_id) DO UPDATE SET sort_order=EXCLUDED.sort_order, is_free_sample=EXCLUDED.is_free_sample;
INSERT INTO words (word_id, korean, romanization, content_version) VALUES ('w-hom-002', '방', 'bang', 1) ON CONFLICT (word_id) DO UPDATE SET korean=EXCLUDED.korean, romanization=EXCLUDED.romanization;
INSERT INTO word_translations (word_id, locale, gloss, gloss_short, example_ko, example_en, content_version) VALUES ('w-hom-002', 'en-US', 'room', 'room', '제 방은 작아요.', 'My room is small.', 1) ON CONFLICT (word_id, locale) DO UPDATE SET gloss=EXCLUDED.gloss, gloss_short=EXCLUDED.gloss_short, example_ko=EXCLUDED.example_ko, example_en=EXCLUDED.example_en;
INSERT INTO word_pack_members (pack_id, word_id, sort_order, is_free_sample) VALUES ('theme-home-001', 'w-hom-002', 1, TRUE) ON CONFLICT (pack_id, word_id) DO UPDATE SET sort_order=EXCLUDED.sort_order, is_free_sample=EXCLUDED.is_free_sample;
INSERT INTO words (word_id, korean, romanization, content_version) VALUES ('w-hom-003', '문', 'mun', 1) ON CONFLICT (word_id) DO UPDATE SET korean=EXCLUDED.korean, romanization=EXCLUDED.romanization;
INSERT INTO word_translations (word_id, locale, gloss, gloss_short, example_ko, example_en, content_version) VALUES ('w-hom-003', 'en-US', 'door', 'door', '문을 열어요.', 'I open the door.', 1) ON CONFLICT (word_id, locale) DO UPDATE SET gloss=EXCLUDED.gloss, gloss_short=EXCLUDED.gloss_short, example_ko=EXCLUDED.example_ko, example_en=EXCLUDED.example_en;
INSERT INTO word_pack_members (pack_id, word_id, sort_order, is_free_sample) VALUES ('theme-home-001', 'w-hom-003', 2, TRUE) ON CONFLICT (pack_id, word_id) DO UPDATE SET sort_order=EXCLUDED.sort_order, is_free_sample=EXCLUDED.is_free_sample;
INSERT INTO words (word_id, korean, romanization, content_version) VALUES ('w-hom-004', '창문', 'chang-mun', 1) ON CONFLICT (word_id) DO UPDATE SET korean=EXCLUDED.korean, romanization=EXCLUDED.romanization;
INSERT INTO word_translations (word_id, locale, gloss, gloss_short, example_ko, example_en, content_version) VALUES ('w-hom-004', 'en-US', 'window', 'window', '창문이 열려요.', 'The window is open.', 1) ON CONFLICT (word_id, locale) DO UPDATE SET gloss=EXCLUDED.gloss, gloss_short=EXCLUDED.gloss_short, example_ko=EXCLUDED.example_ko, example_en=EXCLUDED.example_en;
INSERT INTO word_pack_members (pack_id, word_id, sort_order, is_free_sample) VALUES ('theme-home-001', 'w-hom-004', 3, TRUE) ON CONFLICT (pack_id, word_id) DO UPDATE SET sort_order=EXCLUDED.sort_order, is_free_sample=EXCLUDED.is_free_sample;
INSERT INTO words (word_id, korean, romanization, content_version) VALUES ('w-hom-005', '부엌', 'bu-eok', 1) ON CONFLICT (word_id) DO UPDATE SET korean=EXCLUDED.korean, romanization=EXCLUDED.romanization;
INSERT INTO word_translations (word_id, locale, gloss, gloss_short, example_ko, example_en, content_version) VALUES ('w-hom-005', 'en-US', 'kitchen', 'kitchen', '부엌에서 밥을 먹어요.', 'I eat in the kitchen.', 1) ON CONFLICT (word_id, locale) DO UPDATE SET gloss=EXCLUDED.gloss, gloss_short=EXCLUDED.gloss_short, example_ko=EXCLUDED.example_ko, example_en=EXCLUDED.example_en;
INSERT INTO word_pack_members (pack_id, word_id, sort_order, is_free_sample) VALUES ('theme-home-001', 'w-hom-005', 4, TRUE) ON CONFLICT (pack_id, word_id) DO UPDATE SET sort_order=EXCLUDED.sort_order, is_free_sample=EXCLUDED.is_free_sample;
INSERT INTO words (word_id, korean, romanization, content_version) VALUES ('w-hom-006', '화장실', 'hwa-jang-sil', 1) ON CONFLICT (word_id) DO UPDATE SET korean=EXCLUDED.korean, romanization=EXCLUDED.romanization;
INSERT INTO word_translations (word_id, locale, gloss, gloss_short, example_ko, example_en, content_version) VALUES ('w-hom-006', 'en-US', 'bathroom, toilet', 'bathroom, toilet', '화장실이 깨끗해요.', 'The bathroom is clean.', 1) ON CONFLICT (word_id, locale) DO UPDATE SET gloss=EXCLUDED.gloss, gloss_short=EXCLUDED.gloss_short, example_ko=EXCLUDED.example_ko, example_en=EXCLUDED.example_en;
INSERT INTO word_pack_members (pack_id, word_id, sort_order, is_free_sample) VALUES ('theme-home-001', 'w-hom-006', 5, TRUE) ON CONFLICT (pack_id, word_id) DO UPDATE SET sort_order=EXCLUDED.sort_order, is_free_sample=EXCLUDED.is_free_sample;
INSERT INTO words (word_id, korean, romanization, content_version) VALUES ('w-hom-007', '거실', 'geo-sil', 1) ON CONFLICT (word_id) DO UPDATE SET korean=EXCLUDED.korean, romanization=EXCLUDED.romanization;
INSERT INTO word_translations (word_id, locale, gloss, gloss_short, example_ko, example_en, content_version) VALUES ('w-hom-007', 'en-US', 'living room', 'living room', '거실에 소파가 있어요.', 'There is a sofa in the living room.', 1) ON CONFLICT (word_id, locale) DO UPDATE SET gloss=EXCLUDED.gloss, gloss_short=EXCLUDED.gloss_short, example_ko=EXCLUDED.example_ko, example_en=EXCLUDED.example_en;
INSERT INTO word_pack_members (pack_id, word_id, sort_order, is_free_sample) VALUES ('theme-home-001', 'w-hom-007', 6, TRUE) ON CONFLICT (pack_id, word_id) DO UPDATE SET sort_order=EXCLUDED.sort_order, is_free_sample=EXCLUDED.is_free_sample;
INSERT INTO words (word_id, korean, romanization, content_version) VALUES ('w-hom-008', '침실', 'chim-sil', 1) ON CONFLICT (word_id) DO UPDATE SET korean=EXCLUDED.korean, romanization=EXCLUDED.romanization;
INSERT INTO word_translations (word_id, locale, gloss, gloss_short, example_ko, example_en, content_version) VALUES ('w-hom-008', 'en-US', 'bedroom', 'bedroom', '침실에 침대가 있어요.', 'There is a bed in the bedroom.', 1) ON CONFLICT (word_id, locale) DO UPDATE SET gloss=EXCLUDED.gloss, gloss_short=EXCLUDED.gloss_short, example_ko=EXCLUDED.example_ko, example_en=EXCLUDED.example_en;
INSERT INTO word_pack_members (pack_id, word_id, sort_order, is_free_sample) VALUES ('theme-home-001', 'w-hom-008', 7, TRUE) ON CONFLICT (pack_id, word_id) DO UPDATE SET sort_order=EXCLUDED.sort_order, is_free_sample=EXCLUDED.is_free_sample;
INSERT INTO words (word_id, korean, romanization, content_version) VALUES ('w-hom-009', '의자', 'ui-ja', 1) ON CONFLICT (word_id) DO UPDATE SET korean=EXCLUDED.korean, romanization=EXCLUDED.romanization;
INSERT INTO word_translations (word_id, locale, gloss, gloss_short, example_ko, example_en, content_version) VALUES ('w-hom-009', 'en-US', 'chair', 'chair', '의자에 앉아요.', 'I sit on the chair.', 1) ON CONFLICT (word_id, locale) DO UPDATE SET gloss=EXCLUDED.gloss, gloss_short=EXCLUDED.gloss_short, example_ko=EXCLUDED.example_ko, example_en=EXCLUDED.example_en;
INSERT INTO word_pack_members (pack_id, word_id, sort_order, is_free_sample) VALUES ('theme-home-001', 'w-hom-009', 8, TRUE) ON CONFLICT (pack_id, word_id) DO UPDATE SET sort_order=EXCLUDED.sort_order, is_free_sample=EXCLUDED.is_free_sample;
INSERT INTO words (word_id, korean, romanization, content_version) VALUES ('w-hom-010', '책상', 'chaek-sang', 1) ON CONFLICT (word_id) DO UPDATE SET korean=EXCLUDED.korean, romanization=EXCLUDED.romanization;
INSERT INTO word_translations (word_id, locale, gloss, gloss_short, example_ko, example_en, content_version) VALUES ('w-hom-010', 'en-US', 'desk', 'desk', '책상 위에 책이 있어요.', 'There is a book on the desk.', 1) ON CONFLICT (word_id, locale) DO UPDATE SET gloss=EXCLUDED.gloss, gloss_short=EXCLUDED.gloss_short, example_ko=EXCLUDED.example_ko, example_en=EXCLUDED.example_en;
INSERT INTO word_pack_members (pack_id, word_id, sort_order, is_free_sample) VALUES ('theme-home-001', 'w-hom-010', 9, TRUE) ON CONFLICT (pack_id, word_id) DO UPDATE SET sort_order=EXCLUDED.sort_order, is_free_sample=EXCLUDED.is_free_sample;
INSERT INTO words (word_id, korean, romanization, content_version) VALUES ('w-hom-011', '침대', 'chim-dae', 1) ON CONFLICT (word_id) DO UPDATE SET korean=EXCLUDED.korean, romanization=EXCLUDED.romanization;
INSERT INTO word_translations (word_id, locale, gloss, gloss_short, example_ko, example_en, content_version) VALUES ('w-hom-011', 'en-US', 'bed', 'bed', '침대에서 자요.', 'I sleep in the bed.', 1) ON CONFLICT (word_id, locale) DO UPDATE SET gloss=EXCLUDED.gloss, gloss_short=EXCLUDED.gloss_short, example_ko=EXCLUDED.example_ko, example_en=EXCLUDED.example_en;
INSERT INTO word_pack_members (pack_id, word_id, sort_order, is_free_sample) VALUES ('theme-home-001', 'w-hom-011', 10, FALSE) ON CONFLICT (pack_id, word_id) DO UPDATE SET sort_order=EXCLUDED.sort_order, is_free_sample=EXCLUDED.is_free_sample;
INSERT INTO words (word_id, korean, romanization, content_version) VALUES ('w-hom-012', '소파', 'so-pa', 1) ON CONFLICT (word_id) DO UPDATE SET korean=EXCLUDED.korean, romanization=EXCLUDED.romanization;
INSERT INTO word_translations (word_id, locale, gloss, gloss_short, example_ko, example_en, content_version) VALUES ('w-hom-012', 'en-US', 'sofa, couch', 'sofa, couch', '소파가 편해요.', 'The sofa is comfortable.', 1) ON CONFLICT (word_id, locale) DO UPDATE SET gloss=EXCLUDED.gloss, gloss_short=EXCLUDED.gloss_short, example_ko=EXCLUDED.example_ko, example_en=EXCLUDED.example_en;
INSERT INTO word_pack_members (pack_id, word_id, sort_order, is_free_sample) VALUES ('theme-home-001', 'w-hom-012', 11, FALSE) ON CONFLICT (pack_id, word_id) DO UPDATE SET sort_order=EXCLUDED.sort_order, is_free_sample=EXCLUDED.is_free_sample;
INSERT INTO words (word_id, korean, romanization, content_version) VALUES ('w-hom-013', '냉장고', 'naeng-jang-go', 1) ON CONFLICT (word_id) DO UPDATE SET korean=EXCLUDED.korean, romanization=EXCLUDED.romanization;
INSERT INTO word_translations (word_id, locale, gloss, gloss_short, example_ko, example_en, content_version) VALUES ('w-hom-013', 'en-US', 'refrigerator', 'refrigerator', '냉장고에 우유가 있어요.', 'There is milk in the refrigerator.', 1) ON CONFLICT (word_id, locale) DO UPDATE SET gloss=EXCLUDED.gloss, gloss_short=EXCLUDED.gloss_short, example_ko=EXCLUDED.example_ko, example_en=EXCLUDED.example_en;
INSERT INTO word_pack_members (pack_id, word_id, sort_order, is_free_sample) VALUES ('theme-home-001', 'w-hom-013', 12, FALSE) ON CONFLICT (pack_id, word_id) DO UPDATE SET sort_order=EXCLUDED.sort_order, is_free_sample=EXCLUDED.is_free_sample;
INSERT INTO words (word_id, korean, romanization, content_version) VALUES ('w-hom-014', '텔레비전', 'tel-le-bi-jeon', 1) ON CONFLICT (word_id) DO UPDATE SET korean=EXCLUDED.korean, romanization=EXCLUDED.romanization;
INSERT INTO word_translations (word_id, locale, gloss, gloss_short, example_ko, example_en, content_version) VALUES ('w-hom-014', 'en-US', 'television', 'television', '텔레비전을 봐요.', 'I watch television.', 1) ON CONFLICT (word_id, locale) DO UPDATE SET gloss=EXCLUDED.gloss, gloss_short=EXCLUDED.gloss_short, example_ko=EXCLUDED.example_ko, example_en=EXCLUDED.example_en;
INSERT INTO word_pack_members (pack_id, word_id, sort_order, is_free_sample) VALUES ('theme-home-001', 'w-hom-014', 13, FALSE) ON CONFLICT (pack_id, word_id) DO UPDATE SET sort_order=EXCLUDED.sort_order, is_free_sample=EXCLUDED.is_free_sample;
INSERT INTO words (word_id, korean, romanization, content_version) VALUES ('w-hom-015', '시계', 'si-gye', 1) ON CONFLICT (word_id) DO UPDATE SET korean=EXCLUDED.korean, romanization=EXCLUDED.romanization;
INSERT INTO word_translations (word_id, locale, gloss, gloss_short, example_ko, example_en, content_version) VALUES ('w-hom-015', 'en-US', 'clock, watch', 'clock, watch', '시계가 벽에 있어요.', 'The clock is on the wall.', 1) ON CONFLICT (word_id, locale) DO UPDATE SET gloss=EXCLUDED.gloss, gloss_short=EXCLUDED.gloss_short, example_ko=EXCLUDED.example_ko, example_en=EXCLUDED.example_en;
INSERT INTO word_pack_members (pack_id, word_id, sort_order, is_free_sample) VALUES ('theme-home-001', 'w-hom-015', 14, FALSE) ON CONFLICT (pack_id, word_id) DO UPDATE SET sort_order=EXCLUDED.sort_order, is_free_sample=EXCLUDED.is_free_sample;
INSERT INTO words (word_id, korean, romanization, content_version) VALUES ('w-hom-016', '거울', 'geo-ul', 1) ON CONFLICT (word_id) DO UPDATE SET korean=EXCLUDED.korean, romanization=EXCLUDED.romanization;
INSERT INTO word_translations (word_id, locale, gloss, gloss_short, example_ko, example_en, content_version) VALUES ('w-hom-016', 'en-US', 'mirror', 'mirror', '거울을 봐요.', 'I look in the mirror.', 1) ON CONFLICT (word_id, locale) DO UPDATE SET gloss=EXCLUDED.gloss, gloss_short=EXCLUDED.gloss_short, example_ko=EXCLUDED.example_ko, example_en=EXCLUDED.example_en;
INSERT INTO word_pack_members (pack_id, word_id, sort_order, is_free_sample) VALUES ('theme-home-001', 'w-hom-016', 15, FALSE) ON CONFLICT (pack_id, word_id) DO UPDATE SET sort_order=EXCLUDED.sort_order, is_free_sample=EXCLUDED.is_free_sample;
INSERT INTO words (word_id, korean, romanization, content_version) VALUES ('w-hom-017', '전등', 'jeon-deung', 1) ON CONFLICT (word_id) DO UPDATE SET korean=EXCLUDED.korean, romanization=EXCLUDED.romanization;
INSERT INTO word_translations (word_id, locale, gloss, gloss_short, example_ko, example_en, content_version) VALUES ('w-hom-017', 'en-US', 'lamp, light', 'lamp, light', '전등을 켜요.', 'I turn on the light.', 1) ON CONFLICT (word_id, locale) DO UPDATE SET gloss=EXCLUDED.gloss, gloss_short=EXCLUDED.gloss_short, example_ko=EXCLUDED.example_ko, example_en=EXCLUDED.example_en;
INSERT INTO word_pack_members (pack_id, word_id, sort_order, is_free_sample) VALUES ('theme-home-001', 'w-hom-017', 16, FALSE) ON CONFLICT (pack_id, word_id) DO UPDATE SET sort_order=EXCLUDED.sort_order, is_free_sample=EXCLUDED.is_free_sample;
INSERT INTO words (word_id, korean, romanization, content_version) VALUES ('w-hom-018', '열쇠', 'yeol-soe', 1) ON CONFLICT (word_id) DO UPDATE SET korean=EXCLUDED.korean, romanization=EXCLUDED.romanization;
INSERT INTO word_translations (word_id, locale, gloss, gloss_short, example_ko, example_en, content_version) VALUES ('w-hom-018', 'en-US', 'key', 'key', '열쇠로 문을 열어요.', 'I open the door with a key.', 1) ON CONFLICT (word_id, locale) DO UPDATE SET gloss=EXCLUDED.gloss, gloss_short=EXCLUDED.gloss_short, example_ko=EXCLUDED.example_ko, example_en=EXCLUDED.example_en;
INSERT INTO word_pack_members (pack_id, word_id, sort_order, is_free_sample) VALUES ('theme-home-001', 'w-hom-018', 17, FALSE) ON CONFLICT (pack_id, word_id) DO UPDATE SET sort_order=EXCLUDED.sort_order, is_free_sample=EXCLUDED.is_free_sample;
INSERT INTO words (word_id, korean, romanization, content_version) VALUES ('w-hom-019', '계단', 'gye-dan', 1) ON CONFLICT (word_id) DO UPDATE SET korean=EXCLUDED.korean, romanization=EXCLUDED.romanization;
INSERT INTO word_translations (word_id, locale, gloss, gloss_short, example_ko, example_en, content_version) VALUES ('w-hom-019', 'en-US', 'stairs', 'stairs', '계단을 올라가요.', 'I go up the stairs.', 1) ON CONFLICT (word_id, locale) DO UPDATE SET gloss=EXCLUDED.gloss, gloss_short=EXCLUDED.gloss_short, example_ko=EXCLUDED.example_ko, example_en=EXCLUDED.example_en;
INSERT INTO word_pack_members (pack_id, word_id, sort_order, is_free_sample) VALUES ('theme-home-001', 'w-hom-019', 18, FALSE) ON CONFLICT (pack_id, word_id) DO UPDATE SET sort_order=EXCLUDED.sort_order, is_free_sample=EXCLUDED.is_free_sample;
INSERT INTO words (word_id, korean, romanization, content_version) VALUES ('w-hom-020', '벽', 'byeok', 1) ON CONFLICT (word_id) DO UPDATE SET korean=EXCLUDED.korean, romanization=EXCLUDED.romanization;
INSERT INTO word_translations (word_id, locale, gloss, gloss_short, example_ko, example_en, content_version) VALUES ('w-hom-020', 'en-US', 'wall', 'wall', '벽에 그림이 있어요.', 'There is a picture on the wall.', 1) ON CONFLICT (word_id, locale) DO UPDATE SET gloss=EXCLUDED.gloss, gloss_short=EXCLUDED.gloss_short, example_ko=EXCLUDED.example_ko, example_en=EXCLUDED.example_en;
INSERT INTO word_pack_members (pack_id, word_id, sort_order, is_free_sample) VALUES ('theme-home-001', 'w-hom-020', 19, FALSE) ON CONFLICT (pack_id, word_id) DO UPDATE SET sort_order=EXCLUDED.sort_order, is_free_sample=EXCLUDED.is_free_sample;
INSERT INTO words (word_id, korean, romanization, content_version) VALUES ('w-hom-021', '바닥', 'ba-dak', 1) ON CONFLICT (word_id) DO UPDATE SET korean=EXCLUDED.korean, romanization=EXCLUDED.romanization;
INSERT INTO word_translations (word_id, locale, gloss, gloss_short, example_ko, example_en, content_version) VALUES ('w-hom-021', 'en-US', 'floor', 'floor', '바닥이 차가워요.', 'The floor is cold.', 1) ON CONFLICT (word_id, locale) DO UPDATE SET gloss=EXCLUDED.gloss, gloss_short=EXCLUDED.gloss_short, example_ko=EXCLUDED.example_ko, example_en=EXCLUDED.example_en;
INSERT INTO word_pack_members (pack_id, word_id, sort_order, is_free_sample) VALUES ('theme-home-001', 'w-hom-021', 20, FALSE) ON CONFLICT (pack_id, word_id) DO UPDATE SET sort_order=EXCLUDED.sort_order, is_free_sample=EXCLUDED.is_free_sample;
INSERT INTO words (word_id, korean, romanization, content_version) VALUES ('w-hom-022', '지붕', 'ji-bung', 1) ON CONFLICT (word_id) DO UPDATE SET korean=EXCLUDED.korean, romanization=EXCLUDED.romanization;
INSERT INTO word_translations (word_id, locale, gloss, gloss_short, example_ko, example_en, content_version) VALUES ('w-hom-022', 'en-US', 'roof', 'roof', '지붕이 빨개요.', 'The roof is red.', 1) ON CONFLICT (word_id, locale) DO UPDATE SET gloss=EXCLUDED.gloss, gloss_short=EXCLUDED.gloss_short, example_ko=EXCLUDED.example_ko, example_en=EXCLUDED.example_en;
INSERT INTO word_pack_members (pack_id, word_id, sort_order, is_free_sample) VALUES ('theme-home-001', 'w-hom-022', 21, FALSE) ON CONFLICT (pack_id, word_id) DO UPDATE SET sort_order=EXCLUDED.sort_order, is_free_sample=EXCLUDED.is_free_sample;
INSERT INTO words (word_id, korean, romanization, content_version) VALUES ('w-job-001', '의사', 'ui-sa', 1) ON CONFLICT (word_id) DO UPDATE SET korean=EXCLUDED.korean, romanization=EXCLUDED.romanization;
INSERT INTO word_translations (word_id, locale, gloss, gloss_short, example_ko, example_en, content_version) VALUES ('w-job-001', 'en-US', 'doctor', 'doctor', '저는 의사예요.', 'I am a doctor.', 1) ON CONFLICT (word_id, locale) DO UPDATE SET gloss=EXCLUDED.gloss, gloss_short=EXCLUDED.gloss_short, example_ko=EXCLUDED.example_ko, example_en=EXCLUDED.example_en;
INSERT INTO word_pack_members (pack_id, word_id, sort_order, is_free_sample) VALUES ('theme-jobs-001', 'w-job-001', 0, TRUE) ON CONFLICT (pack_id, word_id) DO UPDATE SET sort_order=EXCLUDED.sort_order, is_free_sample=EXCLUDED.is_free_sample;
INSERT INTO words (word_id, korean, romanization, content_version) VALUES ('w-job-002', '간호사', 'gan-ho-sa', 1) ON CONFLICT (word_id) DO UPDATE SET korean=EXCLUDED.korean, romanization=EXCLUDED.romanization;
INSERT INTO word_translations (word_id, locale, gloss, gloss_short, example_ko, example_en, content_version) VALUES ('w-job-002', 'en-US', 'nurse', 'nurse', '언니는 간호사예요.', 'My older sister is a nurse.', 1) ON CONFLICT (word_id, locale) DO UPDATE SET gloss=EXCLUDED.gloss, gloss_short=EXCLUDED.gloss_short, example_ko=EXCLUDED.example_ko, example_en=EXCLUDED.example_en;
INSERT INTO word_pack_members (pack_id, word_id, sort_order, is_free_sample) VALUES ('theme-jobs-001', 'w-job-002', 1, TRUE) ON CONFLICT (pack_id, word_id) DO UPDATE SET sort_order=EXCLUDED.sort_order, is_free_sample=EXCLUDED.is_free_sample;
INSERT INTO words (word_id, korean, romanization, content_version) VALUES ('w-job-003', '선생님', 'seon-saeng-nim', 1) ON CONFLICT (word_id) DO UPDATE SET korean=EXCLUDED.korean, romanization=EXCLUDED.romanization;
INSERT INTO word_translations (word_id, locale, gloss, gloss_short, example_ko, example_en, content_version) VALUES ('w-job-003', 'en-US', 'teacher', 'teacher', '선생님은 친절해요.', 'The teacher is kind.', 1) ON CONFLICT (word_id, locale) DO UPDATE SET gloss=EXCLUDED.gloss, gloss_short=EXCLUDED.gloss_short, example_ko=EXCLUDED.example_ko, example_en=EXCLUDED.example_en;
INSERT INTO word_pack_members (pack_id, word_id, sort_order, is_free_sample) VALUES ('theme-jobs-001', 'w-job-003', 2, TRUE) ON CONFLICT (pack_id, word_id) DO UPDATE SET sort_order=EXCLUDED.sort_order, is_free_sample=EXCLUDED.is_free_sample;
INSERT INTO words (word_id, korean, romanization, content_version) VALUES ('w-job-004', '학생', 'hak-saeng', 1) ON CONFLICT (word_id) DO UPDATE SET korean=EXCLUDED.korean, romanization=EXCLUDED.romanization;
INSERT INTO word_translations (word_id, locale, gloss, gloss_short, example_ko, example_en, content_version) VALUES ('w-job-004', 'en-US', 'student', 'student', '저는 학생이에요.', 'I am a student.', 1) ON CONFLICT (word_id, locale) DO UPDATE SET gloss=EXCLUDED.gloss, gloss_short=EXCLUDED.gloss_short, example_ko=EXCLUDED.example_ko, example_en=EXCLUDED.example_en;
INSERT INTO word_pack_members (pack_id, word_id, sort_order, is_free_sample) VALUES ('theme-jobs-001', 'w-job-004', 3, TRUE) ON CONFLICT (pack_id, word_id) DO UPDATE SET sort_order=EXCLUDED.sort_order, is_free_sample=EXCLUDED.is_free_sample;
INSERT INTO words (word_id, korean, romanization, content_version) VALUES ('w-job-005', '경찰', 'gyeong-chal', 1) ON CONFLICT (word_id) DO UPDATE SET korean=EXCLUDED.korean, romanization=EXCLUDED.romanization;
INSERT INTO word_translations (word_id, locale, gloss, gloss_short, example_ko, example_en, content_version) VALUES ('w-job-005', 'en-US', 'police officer', 'police officer', '경찰이 도와줘요.', 'The police officer helps.', 1) ON CONFLICT (word_id, locale) DO UPDATE SET gloss=EXCLUDED.gloss, gloss_short=EXCLUDED.gloss_short, example_ko=EXCLUDED.example_ko, example_en=EXCLUDED.example_en;
INSERT INTO word_pack_members (pack_id, word_id, sort_order, is_free_sample) VALUES ('theme-jobs-001', 'w-job-005', 4, TRUE) ON CONFLICT (pack_id, word_id) DO UPDATE SET sort_order=EXCLUDED.sort_order, is_free_sample=EXCLUDED.is_free_sample;
INSERT INTO words (word_id, korean, romanization, content_version) VALUES ('w-job-006', '소방관', 'so-bang-gwan', 1) ON CONFLICT (word_id) DO UPDATE SET korean=EXCLUDED.korean, romanization=EXCLUDED.romanization;
INSERT INTO word_translations (word_id, locale, gloss, gloss_short, example_ko, example_en, content_version) VALUES ('w-job-006', 'en-US', 'firefighter', 'firefighter', '소방관은 용감해요.', 'The firefighter is brave.', 1) ON CONFLICT (word_id, locale) DO UPDATE SET gloss=EXCLUDED.gloss, gloss_short=EXCLUDED.gloss_short, example_ko=EXCLUDED.example_ko, example_en=EXCLUDED.example_en;
INSERT INTO word_pack_members (pack_id, word_id, sort_order, is_free_sample) VALUES ('theme-jobs-001', 'w-job-006', 5, TRUE) ON CONFLICT (pack_id, word_id) DO UPDATE SET sort_order=EXCLUDED.sort_order, is_free_sample=EXCLUDED.is_free_sample;
INSERT INTO words (word_id, korean, romanization, content_version) VALUES ('w-job-007', '요리사', 'yo-ri-sa', 1) ON CONFLICT (word_id) DO UPDATE SET korean=EXCLUDED.korean, romanization=EXCLUDED.romanization;
INSERT INTO word_translations (word_id, locale, gloss, gloss_short, example_ko, example_en, content_version) VALUES ('w-job-007', 'en-US', 'cook', 'cook', '요리사가 밥을 만들어요.', 'The cook makes food.', 1) ON CONFLICT (word_id, locale) DO UPDATE SET gloss=EXCLUDED.gloss, gloss_short=EXCLUDED.gloss_short, example_ko=EXCLUDED.example_ko, example_en=EXCLUDED.example_en;
INSERT INTO word_pack_members (pack_id, word_id, sort_order, is_free_sample) VALUES ('theme-jobs-001', 'w-job-007', 6, TRUE) ON CONFLICT (pack_id, word_id) DO UPDATE SET sort_order=EXCLUDED.sort_order, is_free_sample=EXCLUDED.is_free_sample;
INSERT INTO words (word_id, korean, romanization, content_version) VALUES ('w-job-008', '가수', 'ga-su', 1) ON CONFLICT (word_id) DO UPDATE SET korean=EXCLUDED.korean, romanization=EXCLUDED.romanization;
INSERT INTO word_translations (word_id, locale, gloss, gloss_short, example_ko, example_en, content_version) VALUES ('w-job-008', 'en-US', 'singer', 'singer', '가수가 노래해요.', 'The singer sings.', 1) ON CONFLICT (word_id, locale) DO UPDATE SET gloss=EXCLUDED.gloss, gloss_short=EXCLUDED.gloss_short, example_ko=EXCLUDED.example_ko, example_en=EXCLUDED.example_en;
INSERT INTO word_pack_members (pack_id, word_id, sort_order, is_free_sample) VALUES ('theme-jobs-001', 'w-job-008', 7, TRUE) ON CONFLICT (pack_id, word_id) DO UPDATE SET sort_order=EXCLUDED.sort_order, is_free_sample=EXCLUDED.is_free_sample;
INSERT INTO words (word_id, korean, romanization, content_version) VALUES ('w-job-009', '배우', 'bae-u', 1) ON CONFLICT (word_id) DO UPDATE SET korean=EXCLUDED.korean, romanization=EXCLUDED.romanization;
INSERT INTO word_translations (word_id, locale, gloss, gloss_short, example_ko, example_en, content_version) VALUES ('w-job-009', 'en-US', 'actor', 'actor', '배우가 멋있어요.', 'The actor is cool.', 1) ON CONFLICT (word_id, locale) DO UPDATE SET gloss=EXCLUDED.gloss, gloss_short=EXCLUDED.gloss_short, example_ko=EXCLUDED.example_ko, example_en=EXCLUDED.example_en;
INSERT INTO word_pack_members (pack_id, word_id, sort_order, is_free_sample) VALUES ('theme-jobs-001', 'w-job-009', 8, TRUE) ON CONFLICT (pack_id, word_id) DO UPDATE SET sort_order=EXCLUDED.sort_order, is_free_sample=EXCLUDED.is_free_sample;
INSERT INTO words (word_id, korean, romanization, content_version) VALUES ('w-job-010', '화가', 'hwa-ga', 1) ON CONFLICT (word_id) DO UPDATE SET korean=EXCLUDED.korean, romanization=EXCLUDED.romanization;
INSERT INTO word_translations (word_id, locale, gloss, gloss_short, example_ko, example_en, content_version) VALUES ('w-job-010', 'en-US', 'painter', 'painter', '화가가 그림을 그려요.', 'The painter draws a picture.', 1) ON CONFLICT (word_id, locale) DO UPDATE SET gloss=EXCLUDED.gloss, gloss_short=EXCLUDED.gloss_short, example_ko=EXCLUDED.example_ko, example_en=EXCLUDED.example_en;
INSERT INTO word_pack_members (pack_id, word_id, sort_order, is_free_sample) VALUES ('theme-jobs-001', 'w-job-010', 9, TRUE) ON CONFLICT (pack_id, word_id) DO UPDATE SET sort_order=EXCLUDED.sort_order, is_free_sample=EXCLUDED.is_free_sample;
INSERT INTO words (word_id, korean, romanization, content_version) VALUES ('w-job-011', '작가', 'jak-ga', 1) ON CONFLICT (word_id) DO UPDATE SET korean=EXCLUDED.korean, romanization=EXCLUDED.romanization;
INSERT INTO word_translations (word_id, locale, gloss, gloss_short, example_ko, example_en, content_version) VALUES ('w-job-011', 'en-US', 'writer', 'writer', '작가가 책을 써요.', 'The writer writes a book.', 1) ON CONFLICT (word_id, locale) DO UPDATE SET gloss=EXCLUDED.gloss, gloss_short=EXCLUDED.gloss_short, example_ko=EXCLUDED.example_ko, example_en=EXCLUDED.example_en;
INSERT INTO word_pack_members (pack_id, word_id, sort_order, is_free_sample) VALUES ('theme-jobs-001', 'w-job-011', 10, FALSE) ON CONFLICT (pack_id, word_id) DO UPDATE SET sort_order=EXCLUDED.sort_order, is_free_sample=EXCLUDED.is_free_sample;
INSERT INTO words (word_id, korean, romanization, content_version) VALUES ('w-job-012', '기자', 'gi-ja', 1) ON CONFLICT (word_id) DO UPDATE SET korean=EXCLUDED.korean, romanization=EXCLUDED.romanization;
INSERT INTO word_translations (word_id, locale, gloss, gloss_short, example_ko, example_en, content_version) VALUES ('w-job-012', 'en-US', 'reporter', 'reporter', '기자가 뉴스를 써요.', 'The reporter writes the news.', 1) ON CONFLICT (word_id, locale) DO UPDATE SET gloss=EXCLUDED.gloss, gloss_short=EXCLUDED.gloss_short, example_ko=EXCLUDED.example_ko, example_en=EXCLUDED.example_en;
INSERT INTO word_pack_members (pack_id, word_id, sort_order, is_free_sample) VALUES ('theme-jobs-001', 'w-job-012', 11, FALSE) ON CONFLICT (pack_id, word_id) DO UPDATE SET sort_order=EXCLUDED.sort_order, is_free_sample=EXCLUDED.is_free_sample;
INSERT INTO words (word_id, korean, romanization, content_version) VALUES ('w-job-013', '운전사', 'un-jeon-sa', 1) ON CONFLICT (word_id) DO UPDATE SET korean=EXCLUDED.korean, romanization=EXCLUDED.romanization;
INSERT INTO word_translations (word_id, locale, gloss, gloss_short, example_ko, example_en, content_version) VALUES ('w-job-013', 'en-US', 'driver', 'driver', '운전사가 버스를 몰아요.', 'The driver drives the bus.', 1) ON CONFLICT (word_id, locale) DO UPDATE SET gloss=EXCLUDED.gloss, gloss_short=EXCLUDED.gloss_short, example_ko=EXCLUDED.example_ko, example_en=EXCLUDED.example_en;
INSERT INTO word_pack_members (pack_id, word_id, sort_order, is_free_sample) VALUES ('theme-jobs-001', 'w-job-013', 12, FALSE) ON CONFLICT (pack_id, word_id) DO UPDATE SET sort_order=EXCLUDED.sort_order, is_free_sample=EXCLUDED.is_free_sample;
INSERT INTO words (word_id, korean, romanization, content_version) VALUES ('w-job-014', '농부', 'nong-bu', 1) ON CONFLICT (word_id) DO UPDATE SET korean=EXCLUDED.korean, romanization=EXCLUDED.romanization;
INSERT INTO word_translations (word_id, locale, gloss, gloss_short, example_ko, example_en, content_version) VALUES ('w-job-014', 'en-US', 'farmer', 'farmer', '농부가 일해요.', 'The farmer works.', 1) ON CONFLICT (word_id, locale) DO UPDATE SET gloss=EXCLUDED.gloss, gloss_short=EXCLUDED.gloss_short, example_ko=EXCLUDED.example_ko, example_en=EXCLUDED.example_en;
INSERT INTO word_pack_members (pack_id, word_id, sort_order, is_free_sample) VALUES ('theme-jobs-001', 'w-job-014', 13, FALSE) ON CONFLICT (pack_id, word_id) DO UPDATE SET sort_order=EXCLUDED.sort_order, is_free_sample=EXCLUDED.is_free_sample;
INSERT INTO words (word_id, korean, romanization, content_version) VALUES ('w-job-015', '어부', 'eo-bu', 1) ON CONFLICT (word_id) DO UPDATE SET korean=EXCLUDED.korean, romanization=EXCLUDED.romanization;
INSERT INTO word_translations (word_id, locale, gloss, gloss_short, example_ko, example_en, content_version) VALUES ('w-job-015', 'en-US', 'fisherman', 'fisherman', '어부가 물고기를 잡아요.', 'The fisherman catches fish.', 1) ON CONFLICT (word_id, locale) DO UPDATE SET gloss=EXCLUDED.gloss, gloss_short=EXCLUDED.gloss_short, example_ko=EXCLUDED.example_ko, example_en=EXCLUDED.example_en;
INSERT INTO word_pack_members (pack_id, word_id, sort_order, is_free_sample) VALUES ('theme-jobs-001', 'w-job-015', 14, FALSE) ON CONFLICT (pack_id, word_id) DO UPDATE SET sort_order=EXCLUDED.sort_order, is_free_sample=EXCLUDED.is_free_sample;
INSERT INTO words (word_id, korean, romanization, content_version) VALUES ('w-job-016', '군인', 'gun-in', 1) ON CONFLICT (word_id) DO UPDATE SET korean=EXCLUDED.korean, romanization=EXCLUDED.romanization;
INSERT INTO word_translations (word_id, locale, gloss, gloss_short, example_ko, example_en, content_version) VALUES ('w-job-016', 'en-US', 'soldier', 'soldier', '형은 군인이에요.', 'My older brother is a soldier.', 1) ON CONFLICT (word_id, locale) DO UPDATE SET gloss=EXCLUDED.gloss, gloss_short=EXCLUDED.gloss_short, example_ko=EXCLUDED.example_ko, example_en=EXCLUDED.example_en;
INSERT INTO word_pack_members (pack_id, word_id, sort_order, is_free_sample) VALUES ('theme-jobs-001', 'w-job-016', 15, FALSE) ON CONFLICT (pack_id, word_id) DO UPDATE SET sort_order=EXCLUDED.sort_order, is_free_sample=EXCLUDED.is_free_sample;
INSERT INTO words (word_id, korean, romanization, content_version) VALUES ('w-job-017', '변호사', 'byeon-ho-sa', 1) ON CONFLICT (word_id) DO UPDATE SET korean=EXCLUDED.korean, romanization=EXCLUDED.romanization;
INSERT INTO word_translations (word_id, locale, gloss, gloss_short, example_ko, example_en, content_version) VALUES ('w-job-017', 'en-US', 'lawyer', 'lawyer', '변호사는 바빠요.', 'The lawyer is busy.', 1) ON CONFLICT (word_id, locale) DO UPDATE SET gloss=EXCLUDED.gloss, gloss_short=EXCLUDED.gloss_short, example_ko=EXCLUDED.example_ko, example_en=EXCLUDED.example_en;
INSERT INTO word_pack_members (pack_id, word_id, sort_order, is_free_sample) VALUES ('theme-jobs-001', 'w-job-017', 16, FALSE) ON CONFLICT (pack_id, word_id) DO UPDATE SET sort_order=EXCLUDED.sort_order, is_free_sample=EXCLUDED.is_free_sample;
INSERT INTO words (word_id, korean, romanization, content_version) VALUES ('w-job-018', '회사원', 'hoe-sa-won', 1) ON CONFLICT (word_id) DO UPDATE SET korean=EXCLUDED.korean, romanization=EXCLUDED.romanization;
INSERT INTO word_translations (word_id, locale, gloss, gloss_short, example_ko, example_en, content_version) VALUES ('w-job-018', 'en-US', 'office worker', 'office worker', '저는 회사원이에요.', 'I am an office worker.', 1) ON CONFLICT (word_id, locale) DO UPDATE SET gloss=EXCLUDED.gloss, gloss_short=EXCLUDED.gloss_short, example_ko=EXCLUDED.example_ko, example_en=EXCLUDED.example_en;
INSERT INTO word_pack_members (pack_id, word_id, sort_order, is_free_sample) VALUES ('theme-jobs-001', 'w-job-018', 17, FALSE) ON CONFLICT (pack_id, word_id) DO UPDATE SET sort_order=EXCLUDED.sort_order, is_free_sample=EXCLUDED.is_free_sample;
INSERT INTO words (word_id, korean, romanization, content_version) VALUES ('w-job-019', '주부', 'ju-bu', 1) ON CONFLICT (word_id) DO UPDATE SET korean=EXCLUDED.korean, romanization=EXCLUDED.romanization;
INSERT INTO word_translations (word_id, locale, gloss, gloss_short, example_ko, example_en, content_version) VALUES ('w-job-019', 'en-US', 'housewife', 'housewife', '엄마는 주부예요.', 'My mom is a housewife.', 1) ON CONFLICT (word_id, locale) DO UPDATE SET gloss=EXCLUDED.gloss, gloss_short=EXCLUDED.gloss_short, example_ko=EXCLUDED.example_ko, example_en=EXCLUDED.example_en;
INSERT INTO word_pack_members (pack_id, word_id, sort_order, is_free_sample) VALUES ('theme-jobs-001', 'w-job-019', 18, FALSE) ON CONFLICT (pack_id, word_id) DO UPDATE SET sort_order=EXCLUDED.sort_order, is_free_sample=EXCLUDED.is_free_sample;
INSERT INTO words (word_id, korean, romanization, content_version) VALUES ('w-job-020', '점원', 'jeom-won', 1) ON CONFLICT (word_id) DO UPDATE SET korean=EXCLUDED.korean, romanization=EXCLUDED.romanization;
INSERT INTO word_translations (word_id, locale, gloss, gloss_short, example_ko, example_en, content_version) VALUES ('w-job-020', 'en-US', 'shop clerk', 'shop clerk', '점원이 친절해요.', 'The clerk is kind.', 1) ON CONFLICT (word_id, locale) DO UPDATE SET gloss=EXCLUDED.gloss, gloss_short=EXCLUDED.gloss_short, example_ko=EXCLUDED.example_ko, example_en=EXCLUDED.example_en;
INSERT INTO word_pack_members (pack_id, word_id, sort_order, is_free_sample) VALUES ('theme-jobs-001', 'w-job-020', 19, FALSE) ON CONFLICT (pack_id, word_id) DO UPDATE SET sort_order=EXCLUDED.sort_order, is_free_sample=EXCLUDED.is_free_sample;
INSERT INTO words (word_id, korean, romanization, content_version) VALUES ('w-job-021', '미용사', 'mi-yong-sa', 1) ON CONFLICT (word_id) DO UPDATE SET korean=EXCLUDED.korean, romanization=EXCLUDED.romanization;
INSERT INTO word_translations (word_id, locale, gloss, gloss_short, example_ko, example_en, content_version) VALUES ('w-job-021', 'en-US', 'hairdresser', 'hairdresser', '미용사가 머리를 잘라요.', 'The hairdresser cuts hair.', 1) ON CONFLICT (word_id, locale) DO UPDATE SET gloss=EXCLUDED.gloss, gloss_short=EXCLUDED.gloss_short, example_ko=EXCLUDED.example_ko, example_en=EXCLUDED.example_en;
INSERT INTO word_pack_members (pack_id, word_id, sort_order, is_free_sample) VALUES ('theme-jobs-001', 'w-job-021', 20, FALSE) ON CONFLICT (pack_id, word_id) DO UPDATE SET sort_order=EXCLUDED.sort_order, is_free_sample=EXCLUDED.is_free_sample;
INSERT INTO words (word_id, korean, romanization, content_version) VALUES ('w-job-022', '사장', 'sa-jang', 1) ON CONFLICT (word_id) DO UPDATE SET korean=EXCLUDED.korean, romanization=EXCLUDED.romanization;
INSERT INTO word_translations (word_id, locale, gloss, gloss_short, example_ko, example_en, content_version) VALUES ('w-job-022', 'en-US', 'boss', 'boss', '사장님은 바빠요.', 'The boss is busy.', 1) ON CONFLICT (word_id, locale) DO UPDATE SET gloss=EXCLUDED.gloss, gloss_short=EXCLUDED.gloss_short, example_ko=EXCLUDED.example_ko, example_en=EXCLUDED.example_en;
INSERT INTO word_pack_members (pack_id, word_id, sort_order, is_free_sample) VALUES ('theme-jobs-001', 'w-job-022', 21, FALSE) ON CONFLICT (pack_id, word_id) DO UPDATE SET sort_order=EXCLUDED.sort_order, is_free_sample=EXCLUDED.is_free_sample;
INSERT INTO words (word_id, korean, romanization, content_version) VALUES ('w-num-001', '하나', 'ha-na', 1) ON CONFLICT (word_id) DO UPDATE SET korean=EXCLUDED.korean, romanization=EXCLUDED.romanization;
INSERT INTO word_translations (word_id, locale, gloss, gloss_short, example_ko, example_en, content_version) VALUES ('w-num-001', 'en-US', 'one (native)', 'one', '빵 하나 주세요.', 'One bread, please.', 1) ON CONFLICT (word_id, locale) DO UPDATE SET gloss=EXCLUDED.gloss, gloss_short=EXCLUDED.gloss_short, example_ko=EXCLUDED.example_ko, example_en=EXCLUDED.example_en;
INSERT INTO word_pack_members (pack_id, word_id, sort_order, is_free_sample) VALUES ('theme-numbers-001', 'w-num-001', 0, TRUE) ON CONFLICT (pack_id, word_id) DO UPDATE SET sort_order=EXCLUDED.sort_order, is_free_sample=EXCLUDED.is_free_sample;
INSERT INTO words (word_id, korean, romanization, content_version) VALUES ('w-num-002', '둘', 'dul', 1) ON CONFLICT (word_id) DO UPDATE SET korean=EXCLUDED.korean, romanization=EXCLUDED.romanization;
INSERT INTO word_translations (word_id, locale, gloss, gloss_short, example_ko, example_en, content_version) VALUES ('w-num-002', 'en-US', 'two (native)', 'two', '둘 다 좋아요.', 'Both are good.', 1) ON CONFLICT (word_id, locale) DO UPDATE SET gloss=EXCLUDED.gloss, gloss_short=EXCLUDED.gloss_short, example_ko=EXCLUDED.example_ko, example_en=EXCLUDED.example_en;
INSERT INTO word_pack_members (pack_id, word_id, sort_order, is_free_sample) VALUES ('theme-numbers-001', 'w-num-002', 1, TRUE) ON CONFLICT (pack_id, word_id) DO UPDATE SET sort_order=EXCLUDED.sort_order, is_free_sample=EXCLUDED.is_free_sample;
INSERT INTO words (word_id, korean, romanization, content_version) VALUES ('w-num-003', '셋', 'set', 1) ON CONFLICT (word_id) DO UPDATE SET korean=EXCLUDED.korean, romanization=EXCLUDED.romanization;
INSERT INTO word_translations (word_id, locale, gloss, gloss_short, example_ko, example_en, content_version) VALUES ('w-num-003', 'en-US', 'three (native)', 'three', '하나, 둘, 셋!', 'One, two, three!', 1) ON CONFLICT (word_id, locale) DO UPDATE SET gloss=EXCLUDED.gloss, gloss_short=EXCLUDED.gloss_short, example_ko=EXCLUDED.example_ko, example_en=EXCLUDED.example_en;
INSERT INTO word_pack_members (pack_id, word_id, sort_order, is_free_sample) VALUES ('theme-numbers-001', 'w-num-003', 2, TRUE) ON CONFLICT (pack_id, word_id) DO UPDATE SET sort_order=EXCLUDED.sort_order, is_free_sample=EXCLUDED.is_free_sample;
INSERT INTO words (word_id, korean, romanization, content_version) VALUES ('w-num-004', '넷', 'net', 1) ON CONFLICT (word_id) DO UPDATE SET korean=EXCLUDED.korean, romanization=EXCLUDED.romanization;
INSERT INTO word_translations (word_id, locale, gloss, gloss_short, example_ko, example_en, content_version) VALUES ('w-num-004', 'en-US', 'four (native)', 'four', '넷이 와요.', 'Four people are coming.', 1) ON CONFLICT (word_id, locale) DO UPDATE SET gloss=EXCLUDED.gloss, gloss_short=EXCLUDED.gloss_short, example_ko=EXCLUDED.example_ko, example_en=EXCLUDED.example_en;
INSERT INTO word_pack_members (pack_id, word_id, sort_order, is_free_sample) VALUES ('theme-numbers-001', 'w-num-004', 3, TRUE) ON CONFLICT (pack_id, word_id) DO UPDATE SET sort_order=EXCLUDED.sort_order, is_free_sample=EXCLUDED.is_free_sample;
INSERT INTO words (word_id, korean, romanization, content_version) VALUES ('w-num-005', '다섯', 'da-seot', 1) ON CONFLICT (word_id) DO UPDATE SET korean=EXCLUDED.korean, romanization=EXCLUDED.romanization;
INSERT INTO word_translations (word_id, locale, gloss, gloss_short, example_ko, example_en, content_version) VALUES ('w-num-005', 'en-US', 'five (native)', 'five', '다섯 시예요.', 'It is five o''clock.', 1) ON CONFLICT (word_id, locale) DO UPDATE SET gloss=EXCLUDED.gloss, gloss_short=EXCLUDED.gloss_short, example_ko=EXCLUDED.example_ko, example_en=EXCLUDED.example_en;
INSERT INTO word_pack_members (pack_id, word_id, sort_order, is_free_sample) VALUES ('theme-numbers-001', 'w-num-005', 4, TRUE) ON CONFLICT (pack_id, word_id) DO UPDATE SET sort_order=EXCLUDED.sort_order, is_free_sample=EXCLUDED.is_free_sample;
INSERT INTO words (word_id, korean, romanization, content_version) VALUES ('w-num-006', '여섯', 'yeo-seot', 1) ON CONFLICT (word_id) DO UPDATE SET korean=EXCLUDED.korean, romanization=EXCLUDED.romanization;
INSERT INTO word_translations (word_id, locale, gloss, gloss_short, example_ko, example_en, content_version) VALUES ('w-num-006', 'en-US', 'six (native)', 'six', '여섯 시에 만나요.', 'Let''s meet at six.', 1) ON CONFLICT (word_id, locale) DO UPDATE SET gloss=EXCLUDED.gloss, gloss_short=EXCLUDED.gloss_short, example_ko=EXCLUDED.example_ko, example_en=EXCLUDED.example_en;
INSERT INTO word_pack_members (pack_id, word_id, sort_order, is_free_sample) VALUES ('theme-numbers-001', 'w-num-006', 5, TRUE) ON CONFLICT (pack_id, word_id) DO UPDATE SET sort_order=EXCLUDED.sort_order, is_free_sample=EXCLUDED.is_free_sample;
INSERT INTO words (word_id, korean, romanization, content_version) VALUES ('w-num-007', '일곱', 'il-gop', 1) ON CONFLICT (word_id) DO UPDATE SET korean=EXCLUDED.korean, romanization=EXCLUDED.romanization;
INSERT INTO word_translations (word_id, locale, gloss, gloss_short, example_ko, example_en, content_version) VALUES ('w-num-007', 'en-US', 'seven (native)', 'seven', '일곱 시에 일어나요.', 'I get up at seven.', 1) ON CONFLICT (word_id, locale) DO UPDATE SET gloss=EXCLUDED.gloss, gloss_short=EXCLUDED.gloss_short, example_ko=EXCLUDED.example_ko, example_en=EXCLUDED.example_en;
INSERT INTO word_pack_members (pack_id, word_id, sort_order, is_free_sample) VALUES ('theme-numbers-001', 'w-num-007', 6, TRUE) ON CONFLICT (pack_id, word_id) DO UPDATE SET sort_order=EXCLUDED.sort_order, is_free_sample=EXCLUDED.is_free_sample;
INSERT INTO words (word_id, korean, romanization, content_version) VALUES ('w-num-008', '여덟', 'yeo-deol', 1) ON CONFLICT (word_id) DO UPDATE SET korean=EXCLUDED.korean, romanization=EXCLUDED.romanization;
INSERT INTO word_translations (word_id, locale, gloss, gloss_short, example_ko, example_en, content_version) VALUES ('w-num-008', 'en-US', 'eight (native)', 'eight', '여덟 시에 자요.', 'I sleep at eight.', 1) ON CONFLICT (word_id, locale) DO UPDATE SET gloss=EXCLUDED.gloss, gloss_short=EXCLUDED.gloss_short, example_ko=EXCLUDED.example_ko, example_en=EXCLUDED.example_en;
INSERT INTO word_pack_members (pack_id, word_id, sort_order, is_free_sample) VALUES ('theme-numbers-001', 'w-num-008', 7, TRUE) ON CONFLICT (pack_id, word_id) DO UPDATE SET sort_order=EXCLUDED.sort_order, is_free_sample=EXCLUDED.is_free_sample;
INSERT INTO words (word_id, korean, romanization, content_version) VALUES ('w-num-009', '아홉', 'a-hop', 1) ON CONFLICT (word_id) DO UPDATE SET korean=EXCLUDED.korean, romanization=EXCLUDED.romanization;
INSERT INTO word_translations (word_id, locale, gloss, gloss_short, example_ko, example_en, content_version) VALUES ('w-num-009', 'en-US', 'nine (native)', 'nine', '아홉 시예요.', 'It is nine o''clock.', 1) ON CONFLICT (word_id, locale) DO UPDATE SET gloss=EXCLUDED.gloss, gloss_short=EXCLUDED.gloss_short, example_ko=EXCLUDED.example_ko, example_en=EXCLUDED.example_en;
INSERT INTO word_pack_members (pack_id, word_id, sort_order, is_free_sample) VALUES ('theme-numbers-001', 'w-num-009', 8, TRUE) ON CONFLICT (pack_id, word_id) DO UPDATE SET sort_order=EXCLUDED.sort_order, is_free_sample=EXCLUDED.is_free_sample;
INSERT INTO words (word_id, korean, romanization, content_version) VALUES ('w-num-010', '열', 'yeol', 1) ON CONFLICT (word_id) DO UPDATE SET korean=EXCLUDED.korean, romanization=EXCLUDED.romanization;
INSERT INTO word_translations (word_id, locale, gloss, gloss_short, example_ko, example_en, content_version) VALUES ('w-num-010', 'en-US', 'ten (native)', 'ten', '열 개 있어요.', 'There are ten.', 1) ON CONFLICT (word_id, locale) DO UPDATE SET gloss=EXCLUDED.gloss, gloss_short=EXCLUDED.gloss_short, example_ko=EXCLUDED.example_ko, example_en=EXCLUDED.example_en;
INSERT INTO word_pack_members (pack_id, word_id, sort_order, is_free_sample) VALUES ('theme-numbers-001', 'w-num-010', 9, TRUE) ON CONFLICT (pack_id, word_id) DO UPDATE SET sort_order=EXCLUDED.sort_order, is_free_sample=EXCLUDED.is_free_sample;
INSERT INTO words (word_id, korean, romanization, content_version) VALUES ('w-num-011', '일', 'il', 1) ON CONFLICT (word_id) DO UPDATE SET korean=EXCLUDED.korean, romanization=EXCLUDED.romanization;
INSERT INTO word_translations (word_id, locale, gloss, gloss_short, example_ko, example_en, content_version) VALUES ('w-num-011', 'en-US', 'one (Sino)', 'one', '일 번이에요.', 'It is number one.', 1) ON CONFLICT (word_id, locale) DO UPDATE SET gloss=EXCLUDED.gloss, gloss_short=EXCLUDED.gloss_short, example_ko=EXCLUDED.example_ko, example_en=EXCLUDED.example_en;
INSERT INTO word_pack_members (pack_id, word_id, sort_order, is_free_sample) VALUES ('theme-numbers-001', 'w-num-011', 10, FALSE) ON CONFLICT (pack_id, word_id) DO UPDATE SET sort_order=EXCLUDED.sort_order, is_free_sample=EXCLUDED.is_free_sample;
INSERT INTO words (word_id, korean, romanization, content_version) VALUES ('w-num-012', '이', 'i', 1) ON CONFLICT (word_id) DO UPDATE SET korean=EXCLUDED.korean, romanization=EXCLUDED.romanization;
INSERT INTO word_translations (word_id, locale, gloss, gloss_short, example_ko, example_en, content_version) VALUES ('w-num-012', 'en-US', 'two (Sino)', 'two', '이 층에 있어요.', 'It is on the second floor.', 1) ON CONFLICT (word_id, locale) DO UPDATE SET gloss=EXCLUDED.gloss, gloss_short=EXCLUDED.gloss_short, example_ko=EXCLUDED.example_ko, example_en=EXCLUDED.example_en;
INSERT INTO word_pack_members (pack_id, word_id, sort_order, is_free_sample) VALUES ('theme-numbers-001', 'w-num-012', 11, FALSE) ON CONFLICT (pack_id, word_id) DO UPDATE SET sort_order=EXCLUDED.sort_order, is_free_sample=EXCLUDED.is_free_sample;
INSERT INTO words (word_id, korean, romanization, content_version) VALUES ('w-num-013', '삼', 'sam', 1) ON CONFLICT (word_id) DO UPDATE SET korean=EXCLUDED.korean, romanization=EXCLUDED.romanization;
INSERT INTO word_translations (word_id, locale, gloss, gloss_short, example_ko, example_en, content_version) VALUES ('w-num-013', 'en-US', 'three (Sino)', 'three', '삼 월이에요.', 'It is March.', 1) ON CONFLICT (word_id, locale) DO UPDATE SET gloss=EXCLUDED.gloss, gloss_short=EXCLUDED.gloss_short, example_ko=EXCLUDED.example_ko, example_en=EXCLUDED.example_en;
INSERT INTO word_pack_members (pack_id, word_id, sort_order, is_free_sample) VALUES ('theme-numbers-001', 'w-num-013', 12, FALSE) ON CONFLICT (pack_id, word_id) DO UPDATE SET sort_order=EXCLUDED.sort_order, is_free_sample=EXCLUDED.is_free_sample;
INSERT INTO words (word_id, korean, romanization, content_version) VALUES ('w-num-014', '사', 'sa', 1) ON CONFLICT (word_id) DO UPDATE SET korean=EXCLUDED.korean, romanization=EXCLUDED.romanization;
INSERT INTO word_translations (word_id, locale, gloss, gloss_short, example_ko, example_en, content_version) VALUES ('w-num-014', 'en-US', 'four (Sino)', 'four', '사 월이에요.', 'It is April.', 1) ON CONFLICT (word_id, locale) DO UPDATE SET gloss=EXCLUDED.gloss, gloss_short=EXCLUDED.gloss_short, example_ko=EXCLUDED.example_ko, example_en=EXCLUDED.example_en;
INSERT INTO word_pack_members (pack_id, word_id, sort_order, is_free_sample) VALUES ('theme-numbers-001', 'w-num-014', 13, FALSE) ON CONFLICT (pack_id, word_id) DO UPDATE SET sort_order=EXCLUDED.sort_order, is_free_sample=EXCLUDED.is_free_sample;
INSERT INTO words (word_id, korean, romanization, content_version) VALUES ('w-num-015', '오', 'o', 1) ON CONFLICT (word_id) DO UPDATE SET korean=EXCLUDED.korean, romanization=EXCLUDED.romanization;
INSERT INTO word_translations (word_id, locale, gloss, gloss_short, example_ko, example_en, content_version) VALUES ('w-num-015', 'en-US', 'five (Sino)', 'five', '오 월이에요.', 'It is May.', 1) ON CONFLICT (word_id, locale) DO UPDATE SET gloss=EXCLUDED.gloss, gloss_short=EXCLUDED.gloss_short, example_ko=EXCLUDED.example_ko, example_en=EXCLUDED.example_en;
INSERT INTO word_pack_members (pack_id, word_id, sort_order, is_free_sample) VALUES ('theme-numbers-001', 'w-num-015', 14, FALSE) ON CONFLICT (pack_id, word_id) DO UPDATE SET sort_order=EXCLUDED.sort_order, is_free_sample=EXCLUDED.is_free_sample;
INSERT INTO words (word_id, korean, romanization, content_version) VALUES ('w-num-016', '육', 'yuk', 1) ON CONFLICT (word_id) DO UPDATE SET korean=EXCLUDED.korean, romanization=EXCLUDED.romanization;
INSERT INTO word_translations (word_id, locale, gloss, gloss_short, example_ko, example_en, content_version) VALUES ('w-num-016', 'en-US', 'six (Sino)', 'six', '육 번이에요.', 'It is number six.', 1) ON CONFLICT (word_id, locale) DO UPDATE SET gloss=EXCLUDED.gloss, gloss_short=EXCLUDED.gloss_short, example_ko=EXCLUDED.example_ko, example_en=EXCLUDED.example_en;
INSERT INTO word_pack_members (pack_id, word_id, sort_order, is_free_sample) VALUES ('theme-numbers-001', 'w-num-016', 15, FALSE) ON CONFLICT (pack_id, word_id) DO UPDATE SET sort_order=EXCLUDED.sort_order, is_free_sample=EXCLUDED.is_free_sample;
INSERT INTO words (word_id, korean, romanization, content_version) VALUES ('w-num-017', '칠', 'chil', 1) ON CONFLICT (word_id) DO UPDATE SET korean=EXCLUDED.korean, romanization=EXCLUDED.romanization;
INSERT INTO word_translations (word_id, locale, gloss, gloss_short, example_ko, example_en, content_version) VALUES ('w-num-017', 'en-US', 'seven (Sino)', 'seven', '칠 번이에요.', 'It is number seven.', 1) ON CONFLICT (word_id, locale) DO UPDATE SET gloss=EXCLUDED.gloss, gloss_short=EXCLUDED.gloss_short, example_ko=EXCLUDED.example_ko, example_en=EXCLUDED.example_en;
INSERT INTO word_pack_members (pack_id, word_id, sort_order, is_free_sample) VALUES ('theme-numbers-001', 'w-num-017', 16, FALSE) ON CONFLICT (pack_id, word_id) DO UPDATE SET sort_order=EXCLUDED.sort_order, is_free_sample=EXCLUDED.is_free_sample;
INSERT INTO words (word_id, korean, romanization, content_version) VALUES ('w-num-018', '팔', 'pal', 1) ON CONFLICT (word_id) DO UPDATE SET korean=EXCLUDED.korean, romanization=EXCLUDED.romanization;
INSERT INTO word_translations (word_id, locale, gloss, gloss_short, example_ko, example_en, content_version) VALUES ('w-num-018', 'en-US', 'eight (Sino)', 'eight', '팔 번이에요.', 'It is number eight.', 1) ON CONFLICT (word_id, locale) DO UPDATE SET gloss=EXCLUDED.gloss, gloss_short=EXCLUDED.gloss_short, example_ko=EXCLUDED.example_ko, example_en=EXCLUDED.example_en;
INSERT INTO word_pack_members (pack_id, word_id, sort_order, is_free_sample) VALUES ('theme-numbers-001', 'w-num-018', 17, FALSE) ON CONFLICT (pack_id, word_id) DO UPDATE SET sort_order=EXCLUDED.sort_order, is_free_sample=EXCLUDED.is_free_sample;
INSERT INTO words (word_id, korean, romanization, content_version) VALUES ('w-num-019', '구', 'gu', 1) ON CONFLICT (word_id) DO UPDATE SET korean=EXCLUDED.korean, romanization=EXCLUDED.romanization;
INSERT INTO word_translations (word_id, locale, gloss, gloss_short, example_ko, example_en, content_version) VALUES ('w-num-019', 'en-US', 'nine (Sino)', 'nine', '구 번이에요.', 'It is number nine.', 1) ON CONFLICT (word_id, locale) DO UPDATE SET gloss=EXCLUDED.gloss, gloss_short=EXCLUDED.gloss_short, example_ko=EXCLUDED.example_ko, example_en=EXCLUDED.example_en;
INSERT INTO word_pack_members (pack_id, word_id, sort_order, is_free_sample) VALUES ('theme-numbers-001', 'w-num-019', 18, FALSE) ON CONFLICT (pack_id, word_id) DO UPDATE SET sort_order=EXCLUDED.sort_order, is_free_sample=EXCLUDED.is_free_sample;
INSERT INTO words (word_id, korean, romanization, content_version) VALUES ('w-num-020', '십', 'sip', 1) ON CONFLICT (word_id) DO UPDATE SET korean=EXCLUDED.korean, romanization=EXCLUDED.romanization;
INSERT INTO word_translations (word_id, locale, gloss, gloss_short, example_ko, example_en, content_version) VALUES ('w-num-020', 'en-US', 'ten (Sino)', 'ten', '십 번이에요.', 'It is number ten.', 1) ON CONFLICT (word_id, locale) DO UPDATE SET gloss=EXCLUDED.gloss, gloss_short=EXCLUDED.gloss_short, example_ko=EXCLUDED.example_ko, example_en=EXCLUDED.example_en;
INSERT INTO word_pack_members (pack_id, word_id, sort_order, is_free_sample) VALUES ('theme-numbers-001', 'w-num-020', 19, FALSE) ON CONFLICT (pack_id, word_id) DO UPDATE SET sort_order=EXCLUDED.sort_order, is_free_sample=EXCLUDED.is_free_sample;
INSERT INTO words (word_id, korean, romanization, content_version) VALUES ('w-num-021', '백', 'baek', 1) ON CONFLICT (word_id) DO UPDATE SET korean=EXCLUDED.korean, romanization=EXCLUDED.romanization;
INSERT INTO word_translations (word_id, locale, gloss, gloss_short, example_ko, example_en, content_version) VALUES ('w-num-021', 'en-US', 'hundred (Sino)', 'hundred', '백 원이에요.', 'It is one hundred won.', 1) ON CONFLICT (word_id, locale) DO UPDATE SET gloss=EXCLUDED.gloss, gloss_short=EXCLUDED.gloss_short, example_ko=EXCLUDED.example_ko, example_en=EXCLUDED.example_en;
INSERT INTO word_pack_members (pack_id, word_id, sort_order, is_free_sample) VALUES ('theme-numbers-001', 'w-num-021', 20, FALSE) ON CONFLICT (pack_id, word_id) DO UPDATE SET sort_order=EXCLUDED.sort_order, is_free_sample=EXCLUDED.is_free_sample;
INSERT INTO words (word_id, korean, romanization, content_version) VALUES ('w-num-022', '천', 'cheon', 1) ON CONFLICT (word_id) DO UPDATE SET korean=EXCLUDED.korean, romanization=EXCLUDED.romanization;
INSERT INTO word_translations (word_id, locale, gloss, gloss_short, example_ko, example_en, content_version) VALUES ('w-num-022', 'en-US', 'thousand (Sino)', 'thousand', '천 원이에요.', 'It is one thousand won.', 1) ON CONFLICT (word_id, locale) DO UPDATE SET gloss=EXCLUDED.gloss, gloss_short=EXCLUDED.gloss_short, example_ko=EXCLUDED.example_ko, example_en=EXCLUDED.example_en;
INSERT INTO word_pack_members (pack_id, word_id, sort_order, is_free_sample) VALUES ('theme-numbers-001', 'w-num-022', 21, FALSE) ON CONFLICT (pack_id, word_id) DO UPDATE SET sort_order=EXCLUDED.sort_order, is_free_sample=EXCLUDED.is_free_sample;
INSERT INTO words (word_id, korean, romanization, content_version) VALUES ('w-sea-001', '봄', 'bom', 1) ON CONFLICT (word_id) DO UPDATE SET korean=EXCLUDED.korean, romanization=EXCLUDED.romanization;
INSERT INTO word_translations (word_id, locale, gloss, gloss_short, example_ko, example_en, content_version) VALUES ('w-sea-001', 'en-US', 'spring', 'spring', '봄이 좋아요.', 'I like spring.', 1) ON CONFLICT (word_id, locale) DO UPDATE SET gloss=EXCLUDED.gloss, gloss_short=EXCLUDED.gloss_short, example_ko=EXCLUDED.example_ko, example_en=EXCLUDED.example_en;
INSERT INTO word_pack_members (pack_id, word_id, sort_order, is_free_sample) VALUES ('theme-seasons-001', 'w-sea-001', 0, TRUE) ON CONFLICT (pack_id, word_id) DO UPDATE SET sort_order=EXCLUDED.sort_order, is_free_sample=EXCLUDED.is_free_sample;
INSERT INTO words (word_id, korean, romanization, content_version) VALUES ('w-sea-002', '여름', 'yeo-reum', 1) ON CONFLICT (word_id) DO UPDATE SET korean=EXCLUDED.korean, romanization=EXCLUDED.romanization;
INSERT INTO word_translations (word_id, locale, gloss, gloss_short, example_ko, example_en, content_version) VALUES ('w-sea-002', 'en-US', 'summer', 'summer', '여름은 더워요.', 'Summer is hot.', 1) ON CONFLICT (word_id, locale) DO UPDATE SET gloss=EXCLUDED.gloss, gloss_short=EXCLUDED.gloss_short, example_ko=EXCLUDED.example_ko, example_en=EXCLUDED.example_en;
INSERT INTO word_pack_members (pack_id, word_id, sort_order, is_free_sample) VALUES ('theme-seasons-001', 'w-sea-002', 1, TRUE) ON CONFLICT (pack_id, word_id) DO UPDATE SET sort_order=EXCLUDED.sort_order, is_free_sample=EXCLUDED.is_free_sample;
INSERT INTO words (word_id, korean, romanization, content_version) VALUES ('w-sea-003', '가을', 'ga-eul', 1) ON CONFLICT (word_id) DO UPDATE SET korean=EXCLUDED.korean, romanization=EXCLUDED.romanization;
INSERT INTO word_translations (word_id, locale, gloss, gloss_short, example_ko, example_en, content_version) VALUES ('w-sea-003', 'en-US', 'autumn', 'autumn', '가을은 시원해요.', 'Autumn is cool.', 1) ON CONFLICT (word_id, locale) DO UPDATE SET gloss=EXCLUDED.gloss, gloss_short=EXCLUDED.gloss_short, example_ko=EXCLUDED.example_ko, example_en=EXCLUDED.example_en;
INSERT INTO word_pack_members (pack_id, word_id, sort_order, is_free_sample) VALUES ('theme-seasons-001', 'w-sea-003', 2, TRUE) ON CONFLICT (pack_id, word_id) DO UPDATE SET sort_order=EXCLUDED.sort_order, is_free_sample=EXCLUDED.is_free_sample;
INSERT INTO words (word_id, korean, romanization, content_version) VALUES ('w-sea-004', '겨울', 'gyeo-ul', 1) ON CONFLICT (word_id) DO UPDATE SET korean=EXCLUDED.korean, romanization=EXCLUDED.romanization;
INSERT INTO word_translations (word_id, locale, gloss, gloss_short, example_ko, example_en, content_version) VALUES ('w-sea-004', 'en-US', 'winter', 'winter', '겨울은 추워요.', 'Winter is cold.', 1) ON CONFLICT (word_id, locale) DO UPDATE SET gloss=EXCLUDED.gloss, gloss_short=EXCLUDED.gloss_short, example_ko=EXCLUDED.example_ko, example_en=EXCLUDED.example_en;
INSERT INTO word_pack_members (pack_id, word_id, sort_order, is_free_sample) VALUES ('theme-seasons-001', 'w-sea-004', 3, TRUE) ON CONFLICT (pack_id, word_id) DO UPDATE SET sort_order=EXCLUDED.sort_order, is_free_sample=EXCLUDED.is_free_sample;
INSERT INTO words (word_id, korean, romanization, content_version) VALUES ('w-sea-005', '날씨', 'nal-ssi', 1) ON CONFLICT (word_id) DO UPDATE SET korean=EXCLUDED.korean, romanization=EXCLUDED.romanization;
INSERT INTO word_translations (word_id, locale, gloss, gloss_short, example_ko, example_en, content_version) VALUES ('w-sea-005', 'en-US', 'weather', 'weather', '오늘 날씨가 좋아요.', 'The weather is nice today.', 1) ON CONFLICT (word_id, locale) DO UPDATE SET gloss=EXCLUDED.gloss, gloss_short=EXCLUDED.gloss_short, example_ko=EXCLUDED.example_ko, example_en=EXCLUDED.example_en;
INSERT INTO word_pack_members (pack_id, word_id, sort_order, is_free_sample) VALUES ('theme-seasons-001', 'w-sea-005', 4, TRUE) ON CONFLICT (pack_id, word_id) DO UPDATE SET sort_order=EXCLUDED.sort_order, is_free_sample=EXCLUDED.is_free_sample;
INSERT INTO words (word_id, korean, romanization, content_version) VALUES ('w-sea-006', '덥다', 'deop-da', 1) ON CONFLICT (word_id) DO UPDATE SET korean=EXCLUDED.korean, romanization=EXCLUDED.romanization;
INSERT INTO word_translations (word_id, locale, gloss, gloss_short, example_ko, example_en, content_version) VALUES ('w-sea-006', 'en-US', 'to be hot', 'to be hot', '오늘은 더워요.', 'It is hot today.', 1) ON CONFLICT (word_id, locale) DO UPDATE SET gloss=EXCLUDED.gloss, gloss_short=EXCLUDED.gloss_short, example_ko=EXCLUDED.example_ko, example_en=EXCLUDED.example_en;
INSERT INTO word_pack_members (pack_id, word_id, sort_order, is_free_sample) VALUES ('theme-seasons-001', 'w-sea-006', 5, TRUE) ON CONFLICT (pack_id, word_id) DO UPDATE SET sort_order=EXCLUDED.sort_order, is_free_sample=EXCLUDED.is_free_sample;
INSERT INTO words (word_id, korean, romanization, content_version) VALUES ('w-sea-007', '춥다', 'chup-da', 1) ON CONFLICT (word_id) DO UPDATE SET korean=EXCLUDED.korean, romanization=EXCLUDED.romanization;
INSERT INTO word_translations (word_id, locale, gloss, gloss_short, example_ko, example_en, content_version) VALUES ('w-sea-007', 'en-US', 'to be cold', 'to be cold', '밖이 추워요.', 'It is cold outside.', 1) ON CONFLICT (word_id, locale) DO UPDATE SET gloss=EXCLUDED.gloss, gloss_short=EXCLUDED.gloss_short, example_ko=EXCLUDED.example_ko, example_en=EXCLUDED.example_en;
INSERT INTO word_pack_members (pack_id, word_id, sort_order, is_free_sample) VALUES ('theme-seasons-001', 'w-sea-007', 6, TRUE) ON CONFLICT (pack_id, word_id) DO UPDATE SET sort_order=EXCLUDED.sort_order, is_free_sample=EXCLUDED.is_free_sample;
INSERT INTO words (word_id, korean, romanization, content_version) VALUES ('w-sea-008', '따뜻하다', 'tta-tteu-ta-da', 1) ON CONFLICT (word_id) DO UPDATE SET korean=EXCLUDED.korean, romanization=EXCLUDED.romanization;
INSERT INTO word_translations (word_id, locale, gloss, gloss_short, example_ko, example_en, content_version) VALUES ('w-sea-008', 'en-US', 'to be warm', 'to be warm', '봄은 따뜻해요.', 'Spring is warm.', 1) ON CONFLICT (word_id, locale) DO UPDATE SET gloss=EXCLUDED.gloss, gloss_short=EXCLUDED.gloss_short, example_ko=EXCLUDED.example_ko, example_en=EXCLUDED.example_en;
INSERT INTO word_pack_members (pack_id, word_id, sort_order, is_free_sample) VALUES ('theme-seasons-001', 'w-sea-008', 7, TRUE) ON CONFLICT (pack_id, word_id) DO UPDATE SET sort_order=EXCLUDED.sort_order, is_free_sample=EXCLUDED.is_free_sample;
INSERT INTO words (word_id, korean, romanization, content_version) VALUES ('w-sea-009', '시원하다', 'si-won-ha-da', 1) ON CONFLICT (word_id) DO UPDATE SET korean=EXCLUDED.korean, romanization=EXCLUDED.romanization;
INSERT INTO word_translations (word_id, locale, gloss, gloss_short, example_ko, example_en, content_version) VALUES ('w-sea-009', 'en-US', 'to be cool', 'to be cool', '바람이 시원해요.', 'The wind is cool.', 1) ON CONFLICT (word_id, locale) DO UPDATE SET gloss=EXCLUDED.gloss, gloss_short=EXCLUDED.gloss_short, example_ko=EXCLUDED.example_ko, example_en=EXCLUDED.example_en;
INSERT INTO word_pack_members (pack_id, word_id, sort_order, is_free_sample) VALUES ('theme-seasons-001', 'w-sea-009', 8, TRUE) ON CONFLICT (pack_id, word_id) DO UPDATE SET sort_order=EXCLUDED.sort_order, is_free_sample=EXCLUDED.is_free_sample;
INSERT INTO words (word_id, korean, romanization, content_version) VALUES ('w-sea-010', '맑다', 'mak-da', 1) ON CONFLICT (word_id) DO UPDATE SET korean=EXCLUDED.korean, romanization=EXCLUDED.romanization;
INSERT INTO word_translations (word_id, locale, gloss, gloss_short, example_ko, example_en, content_version) VALUES ('w-sea-010', 'en-US', 'to be clear', 'to be clear', '하늘이 맑아요.', 'The sky is clear.', 1) ON CONFLICT (word_id, locale) DO UPDATE SET gloss=EXCLUDED.gloss, gloss_short=EXCLUDED.gloss_short, example_ko=EXCLUDED.example_ko, example_en=EXCLUDED.example_en;
INSERT INTO word_pack_members (pack_id, word_id, sort_order, is_free_sample) VALUES ('theme-seasons-001', 'w-sea-010', 9, TRUE) ON CONFLICT (pack_id, word_id) DO UPDATE SET sort_order=EXCLUDED.sort_order, is_free_sample=EXCLUDED.is_free_sample;
INSERT INTO words (word_id, korean, romanization, content_version) VALUES ('w-sea-011', '흐리다', 'heu-ri-da', 1) ON CONFLICT (word_id) DO UPDATE SET korean=EXCLUDED.korean, romanization=EXCLUDED.romanization;
INSERT INTO word_translations (word_id, locale, gloss, gloss_short, example_ko, example_en, content_version) VALUES ('w-sea-011', 'en-US', 'to be cloudy', 'to be cloudy', '오늘 하늘이 흐려요.', 'The sky is cloudy today.', 1) ON CONFLICT (word_id, locale) DO UPDATE SET gloss=EXCLUDED.gloss, gloss_short=EXCLUDED.gloss_short, example_ko=EXCLUDED.example_ko, example_en=EXCLUDED.example_en;
INSERT INTO word_pack_members (pack_id, word_id, sort_order, is_free_sample) VALUES ('theme-seasons-001', 'w-sea-011', 10, FALSE) ON CONFLICT (pack_id, word_id) DO UPDATE SET sort_order=EXCLUDED.sort_order, is_free_sample=EXCLUDED.is_free_sample;
INSERT INTO words (word_id, korean, romanization, content_version) VALUES ('w-sea-012', '비', 'bi', 1) ON CONFLICT (word_id) DO UPDATE SET korean=EXCLUDED.korean, romanization=EXCLUDED.romanization;
INSERT INTO word_translations (word_id, locale, gloss, gloss_short, example_ko, example_en, content_version) VALUES ('w-sea-012', 'en-US', 'rain', 'rain', '비가 와요.', 'It is raining.', 1) ON CONFLICT (word_id, locale) DO UPDATE SET gloss=EXCLUDED.gloss, gloss_short=EXCLUDED.gloss_short, example_ko=EXCLUDED.example_ko, example_en=EXCLUDED.example_en;
INSERT INTO word_pack_members (pack_id, word_id, sort_order, is_free_sample) VALUES ('theme-seasons-001', 'w-sea-012', 11, FALSE) ON CONFLICT (pack_id, word_id) DO UPDATE SET sort_order=EXCLUDED.sort_order, is_free_sample=EXCLUDED.is_free_sample;
INSERT INTO words (word_id, korean, romanization, content_version) VALUES ('w-sea-013', '눈', 'nun', 1) ON CONFLICT (word_id) DO UPDATE SET korean=EXCLUDED.korean, romanization=EXCLUDED.romanization;
INSERT INTO word_translations (word_id, locale, gloss, gloss_short, example_ko, example_en, content_version) VALUES ('w-sea-013', 'en-US', 'snow', 'snow', '눈이 와요.', 'It is snowing.', 1) ON CONFLICT (word_id, locale) DO UPDATE SET gloss=EXCLUDED.gloss, gloss_short=EXCLUDED.gloss_short, example_ko=EXCLUDED.example_ko, example_en=EXCLUDED.example_en;
INSERT INTO word_pack_members (pack_id, word_id, sort_order, is_free_sample) VALUES ('theme-seasons-001', 'w-sea-013', 12, FALSE) ON CONFLICT (pack_id, word_id) DO UPDATE SET sort_order=EXCLUDED.sort_order, is_free_sample=EXCLUDED.is_free_sample;
INSERT INTO words (word_id, korean, romanization, content_version) VALUES ('w-sea-014', '바람', 'ba-ram', 1) ON CONFLICT (word_id) DO UPDATE SET korean=EXCLUDED.korean, romanization=EXCLUDED.romanization;
INSERT INTO word_translations (word_id, locale, gloss, gloss_short, example_ko, example_en, content_version) VALUES ('w-sea-014', 'en-US', 'wind', 'wind', '바람이 불어요.', 'The wind blows.', 1) ON CONFLICT (word_id, locale) DO UPDATE SET gloss=EXCLUDED.gloss, gloss_short=EXCLUDED.gloss_short, example_ko=EXCLUDED.example_ko, example_en=EXCLUDED.example_en;
INSERT INTO word_pack_members (pack_id, word_id, sort_order, is_free_sample) VALUES ('theme-seasons-001', 'w-sea-014', 13, FALSE) ON CONFLICT (pack_id, word_id) DO UPDATE SET sort_order=EXCLUDED.sort_order, is_free_sample=EXCLUDED.is_free_sample;
INSERT INTO words (word_id, korean, romanization, content_version) VALUES ('w-sea-015', '구름', 'gu-reum', 1) ON CONFLICT (word_id) DO UPDATE SET korean=EXCLUDED.korean, romanization=EXCLUDED.romanization;
INSERT INTO word_translations (word_id, locale, gloss, gloss_short, example_ko, example_en, content_version) VALUES ('w-sea-015', 'en-US', 'cloud', 'cloud', '구름이 많아요.', 'There are many clouds.', 1) ON CONFLICT (word_id, locale) DO UPDATE SET gloss=EXCLUDED.gloss, gloss_short=EXCLUDED.gloss_short, example_ko=EXCLUDED.example_ko, example_en=EXCLUDED.example_en;
INSERT INTO word_pack_members (pack_id, word_id, sort_order, is_free_sample) VALUES ('theme-seasons-001', 'w-sea-015', 14, FALSE) ON CONFLICT (pack_id, word_id) DO UPDATE SET sort_order=EXCLUDED.sort_order, is_free_sample=EXCLUDED.is_free_sample;
INSERT INTO words (word_id, korean, romanization, content_version) VALUES ('w-sea-016', '해', 'hae', 1) ON CONFLICT (word_id) DO UPDATE SET korean=EXCLUDED.korean, romanization=EXCLUDED.romanization;
INSERT INTO word_translations (word_id, locale, gloss, gloss_short, example_ko, example_en, content_version) VALUES ('w-sea-016', 'en-US', 'sun', 'sun', '해가 떠요.', 'The sun rises.', 1) ON CONFLICT (word_id, locale) DO UPDATE SET gloss=EXCLUDED.gloss, gloss_short=EXCLUDED.gloss_short, example_ko=EXCLUDED.example_ko, example_en=EXCLUDED.example_en;
INSERT INTO word_pack_members (pack_id, word_id, sort_order, is_free_sample) VALUES ('theme-seasons-001', 'w-sea-016', 15, FALSE) ON CONFLICT (pack_id, word_id) DO UPDATE SET sort_order=EXCLUDED.sort_order, is_free_sample=EXCLUDED.is_free_sample;
INSERT INTO words (word_id, korean, romanization, content_version) VALUES ('w-sea-017', '비가 오다', 'bi-ga o-da', 1) ON CONFLICT (word_id) DO UPDATE SET korean=EXCLUDED.korean, romanization=EXCLUDED.romanization;
INSERT INTO word_translations (word_id, locale, gloss, gloss_short, example_ko, example_en, content_version) VALUES ('w-sea-017', 'en-US', 'to rain', 'to rain', '오후에 비가 와요.', 'It rains in the afternoon.', 1) ON CONFLICT (word_id, locale) DO UPDATE SET gloss=EXCLUDED.gloss, gloss_short=EXCLUDED.gloss_short, example_ko=EXCLUDED.example_ko, example_en=EXCLUDED.example_en;
INSERT INTO word_pack_members (pack_id, word_id, sort_order, is_free_sample) VALUES ('theme-seasons-001', 'w-sea-017', 16, FALSE) ON CONFLICT (pack_id, word_id) DO UPDATE SET sort_order=EXCLUDED.sort_order, is_free_sample=EXCLUDED.is_free_sample;
INSERT INTO words (word_id, korean, romanization, content_version) VALUES ('w-sea-018', '눈이 오다', 'nu-ni o-da', 1) ON CONFLICT (word_id) DO UPDATE SET korean=EXCLUDED.korean, romanization=EXCLUDED.romanization;
INSERT INTO word_translations (word_id, locale, gloss, gloss_short, example_ko, example_en, content_version) VALUES ('w-sea-018', 'en-US', 'to snow', 'to snow', '겨울에 눈이 와요.', 'It snows in winter.', 1) ON CONFLICT (word_id, locale) DO UPDATE SET gloss=EXCLUDED.gloss, gloss_short=EXCLUDED.gloss_short, example_ko=EXCLUDED.example_ko, example_en=EXCLUDED.example_en;
INSERT INTO word_pack_members (pack_id, word_id, sort_order, is_free_sample) VALUES ('theme-seasons-001', 'w-sea-018', 17, FALSE) ON CONFLICT (pack_id, word_id) DO UPDATE SET sort_order=EXCLUDED.sort_order, is_free_sample=EXCLUDED.is_free_sample;
INSERT INTO words (word_id, korean, romanization, content_version) VALUES ('w-sea-019', '무지개', 'mu-ji-gae', 1) ON CONFLICT (word_id) DO UPDATE SET korean=EXCLUDED.korean, romanization=EXCLUDED.romanization;
INSERT INTO word_translations (word_id, locale, gloss, gloss_short, example_ko, example_en, content_version) VALUES ('w-sea-019', 'en-US', 'rainbow', 'rainbow', '무지개가 예뻐요.', 'The rainbow is pretty.', 1) ON CONFLICT (word_id, locale) DO UPDATE SET gloss=EXCLUDED.gloss, gloss_short=EXCLUDED.gloss_short, example_ko=EXCLUDED.example_ko, example_en=EXCLUDED.example_en;
INSERT INTO word_pack_members (pack_id, word_id, sort_order, is_free_sample) VALUES ('theme-seasons-001', 'w-sea-019', 18, FALSE) ON CONFLICT (pack_id, word_id) DO UPDATE SET sort_order=EXCLUDED.sort_order, is_free_sample=EXCLUDED.is_free_sample;
INSERT INTO words (word_id, korean, romanization, content_version) VALUES ('w-sea-020', '안개', 'an-gae', 1) ON CONFLICT (word_id) DO UPDATE SET korean=EXCLUDED.korean, romanization=EXCLUDED.romanization;
INSERT INTO word_translations (word_id, locale, gloss, gloss_short, example_ko, example_en, content_version) VALUES ('w-sea-020', 'en-US', 'fog', 'fog', '안개가 많아요.', 'There is a lot of fog.', 1) ON CONFLICT (word_id, locale) DO UPDATE SET gloss=EXCLUDED.gloss, gloss_short=EXCLUDED.gloss_short, example_ko=EXCLUDED.example_ko, example_en=EXCLUDED.example_en;
INSERT INTO word_pack_members (pack_id, word_id, sort_order, is_free_sample) VALUES ('theme-seasons-001', 'w-sea-020', 19, FALSE) ON CONFLICT (pack_id, word_id) DO UPDATE SET sort_order=EXCLUDED.sort_order, is_free_sample=EXCLUDED.is_free_sample;
INSERT INTO words (word_id, korean, romanization, content_version) VALUES ('w-vrb-001', '가다', 'ga-da', 1) ON CONFLICT (word_id) DO UPDATE SET korean=EXCLUDED.korean, romanization=EXCLUDED.romanization;
INSERT INTO word_translations (word_id, locale, gloss, gloss_short, example_ko, example_en, content_version) VALUES ('w-vrb-001', 'en-US', 'to go', 'to go', '학교에 가요.', 'I go to school.', 1) ON CONFLICT (word_id, locale) DO UPDATE SET gloss=EXCLUDED.gloss, gloss_short=EXCLUDED.gloss_short, example_ko=EXCLUDED.example_ko, example_en=EXCLUDED.example_en;
INSERT INTO word_pack_members (pack_id, word_id, sort_order, is_free_sample) VALUES ('theme-verbs-001', 'w-vrb-001', 0, TRUE) ON CONFLICT (pack_id, word_id) DO UPDATE SET sort_order=EXCLUDED.sort_order, is_free_sample=EXCLUDED.is_free_sample;
INSERT INTO words (word_id, korean, romanization, content_version) VALUES ('w-vrb-002', '오다', 'o-da', 1) ON CONFLICT (word_id) DO UPDATE SET korean=EXCLUDED.korean, romanization=EXCLUDED.romanization;
INSERT INTO word_translations (word_id, locale, gloss, gloss_short, example_ko, example_en, content_version) VALUES ('w-vrb-002', 'en-US', 'to come', 'to come', '친구가 와요.', 'My friend comes.', 1) ON CONFLICT (word_id, locale) DO UPDATE SET gloss=EXCLUDED.gloss, gloss_short=EXCLUDED.gloss_short, example_ko=EXCLUDED.example_ko, example_en=EXCLUDED.example_en;
INSERT INTO word_pack_members (pack_id, word_id, sort_order, is_free_sample) VALUES ('theme-verbs-001', 'w-vrb-002', 1, TRUE) ON CONFLICT (pack_id, word_id) DO UPDATE SET sort_order=EXCLUDED.sort_order, is_free_sample=EXCLUDED.is_free_sample;
INSERT INTO words (word_id, korean, romanization, content_version) VALUES ('w-vrb-003', '먹다', 'meok-da', 1) ON CONFLICT (word_id) DO UPDATE SET korean=EXCLUDED.korean, romanization=EXCLUDED.romanization;
INSERT INTO word_translations (word_id, locale, gloss, gloss_short, example_ko, example_en, content_version) VALUES ('w-vrb-003', 'en-US', 'to eat', 'to eat', '밥을 먹어요.', 'I eat rice.', 1) ON CONFLICT (word_id, locale) DO UPDATE SET gloss=EXCLUDED.gloss, gloss_short=EXCLUDED.gloss_short, example_ko=EXCLUDED.example_ko, example_en=EXCLUDED.example_en;
INSERT INTO word_pack_members (pack_id, word_id, sort_order, is_free_sample) VALUES ('theme-verbs-001', 'w-vrb-003', 2, TRUE) ON CONFLICT (pack_id, word_id) DO UPDATE SET sort_order=EXCLUDED.sort_order, is_free_sample=EXCLUDED.is_free_sample;
INSERT INTO words (word_id, korean, romanization, content_version) VALUES ('w-vrb-004', '마시다', 'ma-si-da', 1) ON CONFLICT (word_id) DO UPDATE SET korean=EXCLUDED.korean, romanization=EXCLUDED.romanization;
INSERT INTO word_translations (word_id, locale, gloss, gloss_short, example_ko, example_en, content_version) VALUES ('w-vrb-004', 'en-US', 'to drink', 'to drink', '물을 마셔요.', 'I drink water.', 1) ON CONFLICT (word_id, locale) DO UPDATE SET gloss=EXCLUDED.gloss, gloss_short=EXCLUDED.gloss_short, example_ko=EXCLUDED.example_ko, example_en=EXCLUDED.example_en;
INSERT INTO word_pack_members (pack_id, word_id, sort_order, is_free_sample) VALUES ('theme-verbs-001', 'w-vrb-004', 3, TRUE) ON CONFLICT (pack_id, word_id) DO UPDATE SET sort_order=EXCLUDED.sort_order, is_free_sample=EXCLUDED.is_free_sample;
INSERT INTO words (word_id, korean, romanization, content_version) VALUES ('w-vrb-005', '자다', 'ja-da', 1) ON CONFLICT (word_id) DO UPDATE SET korean=EXCLUDED.korean, romanization=EXCLUDED.romanization;
INSERT INTO word_translations (word_id, locale, gloss, gloss_short, example_ko, example_en, content_version) VALUES ('w-vrb-005', 'en-US', 'to sleep', 'to sleep', '밤에 자요.', 'I sleep at night.', 1) ON CONFLICT (word_id, locale) DO UPDATE SET gloss=EXCLUDED.gloss, gloss_short=EXCLUDED.gloss_short, example_ko=EXCLUDED.example_ko, example_en=EXCLUDED.example_en;
INSERT INTO word_pack_members (pack_id, word_id, sort_order, is_free_sample) VALUES ('theme-verbs-001', 'w-vrb-005', 4, TRUE) ON CONFLICT (pack_id, word_id) DO UPDATE SET sort_order=EXCLUDED.sort_order, is_free_sample=EXCLUDED.is_free_sample;
INSERT INTO words (word_id, korean, romanization, content_version) VALUES ('w-vrb-006', '일어나다', 'i-reo-na-da', 1) ON CONFLICT (word_id) DO UPDATE SET korean=EXCLUDED.korean, romanization=EXCLUDED.romanization;
INSERT INTO word_translations (word_id, locale, gloss, gloss_short, example_ko, example_en, content_version) VALUES ('w-vrb-006', 'en-US', 'to get up', 'to get up', '아침에 일어나요.', 'I get up in the morning.', 1) ON CONFLICT (word_id, locale) DO UPDATE SET gloss=EXCLUDED.gloss, gloss_short=EXCLUDED.gloss_short, example_ko=EXCLUDED.example_ko, example_en=EXCLUDED.example_en;
INSERT INTO word_pack_members (pack_id, word_id, sort_order, is_free_sample) VALUES ('theme-verbs-001', 'w-vrb-006', 5, TRUE) ON CONFLICT (pack_id, word_id) DO UPDATE SET sort_order=EXCLUDED.sort_order, is_free_sample=EXCLUDED.is_free_sample;
INSERT INTO words (word_id, korean, romanization, content_version) VALUES ('w-vrb-007', '앉다', 'an-da', 1) ON CONFLICT (word_id) DO UPDATE SET korean=EXCLUDED.korean, romanization=EXCLUDED.romanization;
INSERT INTO word_translations (word_id, locale, gloss, gloss_short, example_ko, example_en, content_version) VALUES ('w-vrb-007', 'en-US', 'to sit', 'to sit', '의자에 앉아요.', 'I sit on the chair.', 1) ON CONFLICT (word_id, locale) DO UPDATE SET gloss=EXCLUDED.gloss, gloss_short=EXCLUDED.gloss_short, example_ko=EXCLUDED.example_ko, example_en=EXCLUDED.example_en;
INSERT INTO word_pack_members (pack_id, word_id, sort_order, is_free_sample) VALUES ('theme-verbs-001', 'w-vrb-007', 6, TRUE) ON CONFLICT (pack_id, word_id) DO UPDATE SET sort_order=EXCLUDED.sort_order, is_free_sample=EXCLUDED.is_free_sample;
INSERT INTO words (word_id, korean, romanization, content_version) VALUES ('w-vrb-008', '서다', 'seo-da', 1) ON CONFLICT (word_id) DO UPDATE SET korean=EXCLUDED.korean, romanization=EXCLUDED.romanization;
INSERT INTO word_translations (word_id, locale, gloss, gloss_short, example_ko, example_en, content_version) VALUES ('w-vrb-008', 'en-US', 'to stand', 'to stand', '여기에 서요.', 'I stand here.', 1) ON CONFLICT (word_id, locale) DO UPDATE SET gloss=EXCLUDED.gloss, gloss_short=EXCLUDED.gloss_short, example_ko=EXCLUDED.example_ko, example_en=EXCLUDED.example_en;
INSERT INTO word_pack_members (pack_id, word_id, sort_order, is_free_sample) VALUES ('theme-verbs-001', 'w-vrb-008', 7, TRUE) ON CONFLICT (pack_id, word_id) DO UPDATE SET sort_order=EXCLUDED.sort_order, is_free_sample=EXCLUDED.is_free_sample;
INSERT INTO words (word_id, korean, romanization, content_version) VALUES ('w-vrb-009', '걷다', 'geot-da', 1) ON CONFLICT (word_id) DO UPDATE SET korean=EXCLUDED.korean, romanization=EXCLUDED.romanization;
INSERT INTO word_translations (word_id, locale, gloss, gloss_short, example_ko, example_en, content_version) VALUES ('w-vrb-009', 'en-US', 'to walk', 'to walk', '공원에서 걸어요.', 'I walk in the park.', 1) ON CONFLICT (word_id, locale) DO UPDATE SET gloss=EXCLUDED.gloss, gloss_short=EXCLUDED.gloss_short, example_ko=EXCLUDED.example_ko, example_en=EXCLUDED.example_en;
INSERT INTO word_pack_members (pack_id, word_id, sort_order, is_free_sample) VALUES ('theme-verbs-001', 'w-vrb-009', 8, TRUE) ON CONFLICT (pack_id, word_id) DO UPDATE SET sort_order=EXCLUDED.sort_order, is_free_sample=EXCLUDED.is_free_sample;
INSERT INTO words (word_id, korean, romanization, content_version) VALUES ('w-vrb-010', '뛰다', 'ttwi-da', 1) ON CONFLICT (word_id) DO UPDATE SET korean=EXCLUDED.korean, romanization=EXCLUDED.romanization;
INSERT INTO word_translations (word_id, locale, gloss, gloss_short, example_ko, example_en, content_version) VALUES ('w-vrb-010', 'en-US', 'to run', 'to run', '빠르게 뛰어요.', 'I run fast.', 1) ON CONFLICT (word_id, locale) DO UPDATE SET gloss=EXCLUDED.gloss, gloss_short=EXCLUDED.gloss_short, example_ko=EXCLUDED.example_ko, example_en=EXCLUDED.example_en;
INSERT INTO word_pack_members (pack_id, word_id, sort_order, is_free_sample) VALUES ('theme-verbs-001', 'w-vrb-010', 9, TRUE) ON CONFLICT (pack_id, word_id) DO UPDATE SET sort_order=EXCLUDED.sort_order, is_free_sample=EXCLUDED.is_free_sample;
INSERT INTO words (word_id, korean, romanization, content_version) VALUES ('w-vrb-011', '보다', 'bo-da', 1) ON CONFLICT (word_id) DO UPDATE SET korean=EXCLUDED.korean, romanization=EXCLUDED.romanization;
INSERT INTO word_translations (word_id, locale, gloss, gloss_short, example_ko, example_en, content_version) VALUES ('w-vrb-011', 'en-US', 'to see', 'to see', '영화를 봐요.', 'I watch a movie.', 1) ON CONFLICT (word_id, locale) DO UPDATE SET gloss=EXCLUDED.gloss, gloss_short=EXCLUDED.gloss_short, example_ko=EXCLUDED.example_ko, example_en=EXCLUDED.example_en;
INSERT INTO word_pack_members (pack_id, word_id, sort_order, is_free_sample) VALUES ('theme-verbs-001', 'w-vrb-011', 10, FALSE) ON CONFLICT (pack_id, word_id) DO UPDATE SET sort_order=EXCLUDED.sort_order, is_free_sample=EXCLUDED.is_free_sample;
INSERT INTO words (word_id, korean, romanization, content_version) VALUES ('w-vrb-012', '듣다', 'deut-da', 1) ON CONFLICT (word_id) DO UPDATE SET korean=EXCLUDED.korean, romanization=EXCLUDED.romanization;
INSERT INTO word_translations (word_id, locale, gloss, gloss_short, example_ko, example_en, content_version) VALUES ('w-vrb-012', 'en-US', 'to listen', 'to listen', '음악을 들어요.', 'I listen to music.', 1) ON CONFLICT (word_id, locale) DO UPDATE SET gloss=EXCLUDED.gloss, gloss_short=EXCLUDED.gloss_short, example_ko=EXCLUDED.example_ko, example_en=EXCLUDED.example_en;
INSERT INTO word_pack_members (pack_id, word_id, sort_order, is_free_sample) VALUES ('theme-verbs-001', 'w-vrb-012', 11, FALSE) ON CONFLICT (pack_id, word_id) DO UPDATE SET sort_order=EXCLUDED.sort_order, is_free_sample=EXCLUDED.is_free_sample;
INSERT INTO words (word_id, korean, romanization, content_version) VALUES ('w-vrb-013', '말하다', 'mal-ha-da', 1) ON CONFLICT (word_id) DO UPDATE SET korean=EXCLUDED.korean, romanization=EXCLUDED.romanization;
INSERT INTO word_translations (word_id, locale, gloss, gloss_short, example_ko, example_en, content_version) VALUES ('w-vrb-013', 'en-US', 'to speak', 'to speak', '천천히 말해요.', 'I speak slowly.', 1) ON CONFLICT (word_id, locale) DO UPDATE SET gloss=EXCLUDED.gloss, gloss_short=EXCLUDED.gloss_short, example_ko=EXCLUDED.example_ko, example_en=EXCLUDED.example_en;
INSERT INTO word_pack_members (pack_id, word_id, sort_order, is_free_sample) VALUES ('theme-verbs-001', 'w-vrb-013', 12, FALSE) ON CONFLICT (pack_id, word_id) DO UPDATE SET sort_order=EXCLUDED.sort_order, is_free_sample=EXCLUDED.is_free_sample;
INSERT INTO words (word_id, korean, romanization, content_version) VALUES ('w-vrb-014', '읽다', 'ik-da', 1) ON CONFLICT (word_id) DO UPDATE SET korean=EXCLUDED.korean, romanization=EXCLUDED.romanization;
INSERT INTO word_translations (word_id, locale, gloss, gloss_short, example_ko, example_en, content_version) VALUES ('w-vrb-014', 'en-US', 'to read', 'to read', '책을 읽어요.', 'I read a book.', 1) ON CONFLICT (word_id, locale) DO UPDATE SET gloss=EXCLUDED.gloss, gloss_short=EXCLUDED.gloss_short, example_ko=EXCLUDED.example_ko, example_en=EXCLUDED.example_en;
INSERT INTO word_pack_members (pack_id, word_id, sort_order, is_free_sample) VALUES ('theme-verbs-001', 'w-vrb-014', 13, FALSE) ON CONFLICT (pack_id, word_id) DO UPDATE SET sort_order=EXCLUDED.sort_order, is_free_sample=EXCLUDED.is_free_sample;
INSERT INTO words (word_id, korean, romanization, content_version) VALUES ('w-vrb-015', '쓰다', 'sseu-da', 1) ON CONFLICT (word_id) DO UPDATE SET korean=EXCLUDED.korean, romanization=EXCLUDED.romanization;
INSERT INTO word_translations (word_id, locale, gloss, gloss_short, example_ko, example_en, content_version) VALUES ('w-vrb-015', 'en-US', 'to write', 'to write', '편지를 써요.', 'I write a letter.', 1) ON CONFLICT (word_id, locale) DO UPDATE SET gloss=EXCLUDED.gloss, gloss_short=EXCLUDED.gloss_short, example_ko=EXCLUDED.example_ko, example_en=EXCLUDED.example_en;
INSERT INTO word_pack_members (pack_id, word_id, sort_order, is_free_sample) VALUES ('theme-verbs-001', 'w-vrb-015', 14, FALSE) ON CONFLICT (pack_id, word_id) DO UPDATE SET sort_order=EXCLUDED.sort_order, is_free_sample=EXCLUDED.is_free_sample;
INSERT INTO words (word_id, korean, romanization, content_version) VALUES ('w-vrb-016', '사다', 'sa-da', 1) ON CONFLICT (word_id) DO UPDATE SET korean=EXCLUDED.korean, romanization=EXCLUDED.romanization;
INSERT INTO word_translations (word_id, locale, gloss, gloss_short, example_ko, example_en, content_version) VALUES ('w-vrb-016', 'en-US', 'to buy', 'to buy', '빵을 사요.', 'I buy bread.', 1) ON CONFLICT (word_id, locale) DO UPDATE SET gloss=EXCLUDED.gloss, gloss_short=EXCLUDED.gloss_short, example_ko=EXCLUDED.example_ko, example_en=EXCLUDED.example_en;
INSERT INTO word_pack_members (pack_id, word_id, sort_order, is_free_sample) VALUES ('theme-verbs-001', 'w-vrb-016', 15, FALSE) ON CONFLICT (pack_id, word_id) DO UPDATE SET sort_order=EXCLUDED.sort_order, is_free_sample=EXCLUDED.is_free_sample;
INSERT INTO words (word_id, korean, romanization, content_version) VALUES ('w-vrb-017', '팔다', 'pal-da', 1) ON CONFLICT (word_id) DO UPDATE SET korean=EXCLUDED.korean, romanization=EXCLUDED.romanization;
INSERT INTO word_translations (word_id, locale, gloss, gloss_short, example_ko, example_en, content_version) VALUES ('w-vrb-017', 'en-US', 'to sell', 'to sell', '과일을 팔아요.', 'I sell fruit.', 1) ON CONFLICT (word_id, locale) DO UPDATE SET gloss=EXCLUDED.gloss, gloss_short=EXCLUDED.gloss_short, example_ko=EXCLUDED.example_ko, example_en=EXCLUDED.example_en;
INSERT INTO word_pack_members (pack_id, word_id, sort_order, is_free_sample) VALUES ('theme-verbs-001', 'w-vrb-017', 16, FALSE) ON CONFLICT (pack_id, word_id) DO UPDATE SET sort_order=EXCLUDED.sort_order, is_free_sample=EXCLUDED.is_free_sample;
INSERT INTO words (word_id, korean, romanization, content_version) VALUES ('w-vrb-018', '주다', 'ju-da', 1) ON CONFLICT (word_id) DO UPDATE SET korean=EXCLUDED.korean, romanization=EXCLUDED.romanization;
INSERT INTO word_translations (word_id, locale, gloss, gloss_short, example_ko, example_en, content_version) VALUES ('w-vrb-018', 'en-US', 'to give', 'to give', '선물을 줘요.', 'I give a present.', 1) ON CONFLICT (word_id, locale) DO UPDATE SET gloss=EXCLUDED.gloss, gloss_short=EXCLUDED.gloss_short, example_ko=EXCLUDED.example_ko, example_en=EXCLUDED.example_en;
INSERT INTO word_pack_members (pack_id, word_id, sort_order, is_free_sample) VALUES ('theme-verbs-001', 'w-vrb-018', 17, FALSE) ON CONFLICT (pack_id, word_id) DO UPDATE SET sort_order=EXCLUDED.sort_order, is_free_sample=EXCLUDED.is_free_sample;
INSERT INTO words (word_id, korean, romanization, content_version) VALUES ('w-vrb-019', '받다', 'bat-da', 1) ON CONFLICT (word_id) DO UPDATE SET korean=EXCLUDED.korean, romanization=EXCLUDED.romanization;
INSERT INTO word_translations (word_id, locale, gloss, gloss_short, example_ko, example_en, content_version) VALUES ('w-vrb-019', 'en-US', 'to receive', 'to receive', '편지를 받아요.', 'I receive a letter.', 1) ON CONFLICT (word_id, locale) DO UPDATE SET gloss=EXCLUDED.gloss, gloss_short=EXCLUDED.gloss_short, example_ko=EXCLUDED.example_ko, example_en=EXCLUDED.example_en;
INSERT INTO word_pack_members (pack_id, word_id, sort_order, is_free_sample) VALUES ('theme-verbs-001', 'w-vrb-019', 18, FALSE) ON CONFLICT (pack_id, word_id) DO UPDATE SET sort_order=EXCLUDED.sort_order, is_free_sample=EXCLUDED.is_free_sample;
INSERT INTO words (word_id, korean, romanization, content_version) VALUES ('w-vrb-020', '만나다', 'man-na-da', 1) ON CONFLICT (word_id) DO UPDATE SET korean=EXCLUDED.korean, romanization=EXCLUDED.romanization;
INSERT INTO word_translations (word_id, locale, gloss, gloss_short, example_ko, example_en, content_version) VALUES ('w-vrb-020', 'en-US', 'to meet', 'to meet', '친구를 만나요.', 'I meet a friend.', 1) ON CONFLICT (word_id, locale) DO UPDATE SET gloss=EXCLUDED.gloss, gloss_short=EXCLUDED.gloss_short, example_ko=EXCLUDED.example_ko, example_en=EXCLUDED.example_en;
INSERT INTO word_pack_members (pack_id, word_id, sort_order, is_free_sample) VALUES ('theme-verbs-001', 'w-vrb-020', 19, FALSE) ON CONFLICT (pack_id, word_id) DO UPDATE SET sort_order=EXCLUDED.sort_order, is_free_sample=EXCLUDED.is_free_sample;
INSERT INTO words (word_id, korean, romanization, content_version) VALUES ('w-vrb-021', '공부하다', 'gong-bu-ha-da', 1) ON CONFLICT (word_id) DO UPDATE SET korean=EXCLUDED.korean, romanization=EXCLUDED.romanization;
INSERT INTO word_translations (word_id, locale, gloss, gloss_short, example_ko, example_en, content_version) VALUES ('w-vrb-021', 'en-US', 'to study', 'to study', '한국어를 공부해요.', 'I study Korean.', 1) ON CONFLICT (word_id, locale) DO UPDATE SET gloss=EXCLUDED.gloss, gloss_short=EXCLUDED.gloss_short, example_ko=EXCLUDED.example_ko, example_en=EXCLUDED.example_en;
INSERT INTO word_pack_members (pack_id, word_id, sort_order, is_free_sample) VALUES ('theme-verbs-001', 'w-vrb-021', 20, FALSE) ON CONFLICT (pack_id, word_id) DO UPDATE SET sort_order=EXCLUDED.sort_order, is_free_sample=EXCLUDED.is_free_sample;
INSERT INTO words (word_id, korean, romanization, content_version) VALUES ('w-vrb-022', '일하다', 'il-ha-da', 1) ON CONFLICT (word_id) DO UPDATE SET korean=EXCLUDED.korean, romanization=EXCLUDED.romanization;
INSERT INTO word_translations (word_id, locale, gloss, gloss_short, example_ko, example_en, content_version) VALUES ('w-vrb-022', 'en-US', 'to work', 'to work', '회사에서 일해요.', 'I work at a company.', 1) ON CONFLICT (word_id, locale) DO UPDATE SET gloss=EXCLUDED.gloss, gloss_short=EXCLUDED.gloss_short, example_ko=EXCLUDED.example_ko, example_en=EXCLUDED.example_en;
INSERT INTO word_pack_members (pack_id, word_id, sort_order, is_free_sample) VALUES ('theme-verbs-001', 'w-vrb-022', 21, FALSE) ON CONFLICT (pack_id, word_id) DO UPDATE SET sort_order=EXCLUDED.sort_order, is_free_sample=EXCLUDED.is_free_sample;
INSERT INTO words (word_id, korean, romanization, content_version) VALUES ('w-vrb-023', '놀다', 'nol-da', 1) ON CONFLICT (word_id) DO UPDATE SET korean=EXCLUDED.korean, romanization=EXCLUDED.romanization;
INSERT INTO word_translations (word_id, locale, gloss, gloss_short, example_ko, example_en, content_version) VALUES ('w-vrb-023', 'en-US', 'to play', 'to play', '친구와 놀아요.', 'I play with a friend.', 1) ON CONFLICT (word_id, locale) DO UPDATE SET gloss=EXCLUDED.gloss, gloss_short=EXCLUDED.gloss_short, example_ko=EXCLUDED.example_ko, example_en=EXCLUDED.example_en;
INSERT INTO word_pack_members (pack_id, word_id, sort_order, is_free_sample) VALUES ('theme-verbs-001', 'w-vrb-023', 22, FALSE) ON CONFLICT (pack_id, word_id) DO UPDATE SET sort_order=EXCLUDED.sort_order, is_free_sample=EXCLUDED.is_free_sample;
INSERT INTO words (word_id, korean, romanization, content_version) VALUES ('w-vrb-024', '웃다', 'ut-da', 1) ON CONFLICT (word_id) DO UPDATE SET korean=EXCLUDED.korean, romanization=EXCLUDED.romanization;
INSERT INTO word_translations (word_id, locale, gloss, gloss_short, example_ko, example_en, content_version) VALUES ('w-vrb-024', 'en-US', 'to laugh', 'to laugh', '크게 웃어요.', 'I laugh loudly.', 1) ON CONFLICT (word_id, locale) DO UPDATE SET gloss=EXCLUDED.gloss, gloss_short=EXCLUDED.gloss_short, example_ko=EXCLUDED.example_ko, example_en=EXCLUDED.example_en;
INSERT INTO word_pack_members (pack_id, word_id, sort_order, is_free_sample) VALUES ('theme-verbs-001', 'w-vrb-024', 23, FALSE) ON CONFLICT (pack_id, word_id) DO UPDATE SET sort_order=EXCLUDED.sort_order, is_free_sample=EXCLUDED.is_free_sample;

-- 5. distractors (distance_score=0.50 placeholder — 임베딩 부재, GA 전 재계산 권고)
INSERT INTO distractors (word_id, distractor_word_id, distance_score, content_version) VALUES ('w-kd-001', 'w-kd-002', 0.50, 1) ON CONFLICT (word_id, distractor_word_id) DO NOTHING;
INSERT INTO distractors (word_id, distractor_word_id, distance_score, content_version) VALUES ('w-kd-001', 'w-kp-058', 0.50, 1) ON CONFLICT (word_id, distractor_word_id) DO NOTHING;
INSERT INTO distractors (word_id, distractor_word_id, distance_score, content_version) VALUES ('w-kd-001', 'w-kp-057', 0.50, 1) ON CONFLICT (word_id, distractor_word_id) DO NOTHING;
INSERT INTO distractors (word_id, distractor_word_id, distance_score, content_version) VALUES ('w-kd-002', 'w-kd-001', 0.50, 1) ON CONFLICT (word_id, distractor_word_id) DO NOTHING;
INSERT INTO distractors (word_id, distractor_word_id, distance_score, content_version) VALUES ('w-kd-002', 'w-kp-056', 0.50, 1) ON CONFLICT (word_id, distractor_word_id) DO NOTHING;
INSERT INTO distractors (word_id, distractor_word_id, distance_score, content_version) VALUES ('w-kd-002', 'w-pr-188', 0.50, 1) ON CONFLICT (word_id, distractor_word_id) DO NOTHING;
INSERT INTO distractors (word_id, distractor_word_id, distance_score, content_version) VALUES ('w-kd-003', 'w-st-042', 0.50, 1) ON CONFLICT (word_id, distractor_word_id) DO NOTHING;
INSERT INTO distractors (word_id, distractor_word_id, distance_score, content_version) VALUES ('w-kd-004', 'w-kp-056', 0.50, 1) ON CONFLICT (word_id, distractor_word_id) DO NOTHING;
INSERT INTO distractors (word_id, distractor_word_id, distance_score, content_version) VALUES ('w-kd-004', 'w-kd-005', 0.50, 1) ON CONFLICT (word_id, distractor_word_id) DO NOTHING;
INSERT INTO distractors (word_id, distractor_word_id, distance_score, content_version) VALUES ('w-kd-004', 'w-pr-186', 0.50, 1) ON CONFLICT (word_id, distractor_word_id) DO NOTHING;
INSERT INTO distractors (word_id, distractor_word_id, distance_score, content_version) VALUES ('w-kd-005', 'w-kd-004', 0.50, 1) ON CONFLICT (word_id, distractor_word_id) DO NOTHING;
INSERT INTO distractors (word_id, distractor_word_id, distance_score, content_version) VALUES ('w-kd-005', 'w-kp-058', 0.50, 1) ON CONFLICT (word_id, distractor_word_id) DO NOTHING;
INSERT INTO distractors (word_id, distractor_word_id, distance_score, content_version) VALUES ('w-kd-005', 'w-pr-192', 0.50, 1) ON CONFLICT (word_id, distractor_word_id) DO NOTHING;
INSERT INTO distractors (word_id, distractor_word_id, distance_score, content_version) VALUES ('w-kd-006', 'w-kd-003', 0.50, 1) ON CONFLICT (word_id, distractor_word_id) DO NOTHING;
INSERT INTO distractors (word_id, distractor_word_id, distance_score, content_version) VALUES ('w-kd-006', 'w-kd-001', 0.50, 1) ON CONFLICT (word_id, distractor_word_id) DO NOTHING;
INSERT INTO distractors (word_id, distractor_word_id, distance_score, content_version) VALUES ('w-kd-006', 'w-kd-002', 0.50, 1) ON CONFLICT (word_id, distractor_word_id) DO NOTHING;
INSERT INTO distractors (word_id, distractor_word_id, distance_score, content_version) VALUES ('w-kd-007', 'w-kd-009', 0.50, 1) ON CONFLICT (word_id, distractor_word_id) DO NOTHING;
INSERT INTO distractors (word_id, distractor_word_id, distance_score, content_version) VALUES ('w-kd-007', 'w-kd-003', 0.50, 1) ON CONFLICT (word_id, distractor_word_id) DO NOTHING;
INSERT INTO distractors (word_id, distractor_word_id, distance_score, content_version) VALUES ('w-kd-007', 'w-st-042', 0.50, 1) ON CONFLICT (word_id, distractor_word_id) DO NOTHING;
INSERT INTO distractors (word_id, distractor_word_id, distance_score, content_version) VALUES ('w-kd-009', 'w-st-042', 0.50, 1) ON CONFLICT (word_id, distractor_word_id) DO NOTHING;
INSERT INTO distractors (word_id, distractor_word_id, distance_score, content_version) VALUES ('w-kd-009', 'w-kd-007', 0.50, 1) ON CONFLICT (word_id, distractor_word_id) DO NOTHING;
INSERT INTO distractors (word_id, distractor_word_id, distance_score, content_version) VALUES ('w-kd-010', 'w-kd-011', 0.50, 1) ON CONFLICT (word_id, distractor_word_id) DO NOTHING;
INSERT INTO distractors (word_id, distractor_word_id, distance_score, content_version) VALUES ('w-kd-010', 'w-st-042', 0.50, 1) ON CONFLICT (word_id, distractor_word_id) DO NOTHING;
INSERT INTO distractors (word_id, distractor_word_id, distance_score, content_version) VALUES ('w-kd-010', 'w-kp-056', 0.50, 1) ON CONFLICT (word_id, distractor_word_id) DO NOTHING;
INSERT INTO distractors (word_id, distractor_word_id, distance_score, content_version) VALUES ('w-kd-011', 'w-kd-010', 0.50, 1) ON CONFLICT (word_id, distractor_word_id) DO NOTHING;
INSERT INTO distractors (word_id, distractor_word_id, distance_score, content_version) VALUES ('w-kd-011', 'w-st-042', 0.50, 1) ON CONFLICT (word_id, distractor_word_id) DO NOTHING;
INSERT INTO distractors (word_id, distractor_word_id, distance_score, content_version) VALUES ('w-kd-011', 'w-kp-058', 0.50, 1) ON CONFLICT (word_id, distractor_word_id) DO NOTHING;
INSERT INTO distractors (word_id, distractor_word_id, distance_score, content_version) VALUES ('w-kd-012', 'w-kd-058', 0.50, 1) ON CONFLICT (word_id, distractor_word_id) DO NOTHING;
INSERT INTO distractors (word_id, distractor_word_id, distance_score, content_version) VALUES ('w-kd-013', 'w-kd-014', 0.50, 1) ON CONFLICT (word_id, distractor_word_id) DO NOTHING;
INSERT INTO distractors (word_id, distractor_word_id, distance_score, content_version) VALUES ('w-kd-014', 'w-kd-013', 0.50, 1) ON CONFLICT (word_id, distractor_word_id) DO NOTHING;
INSERT INTO distractors (word_id, distractor_word_id, distance_score, content_version) VALUES ('w-kd-014', 'w-kd-015', 0.50, 1) ON CONFLICT (word_id, distractor_word_id) DO NOTHING;
INSERT INTO distractors (word_id, distractor_word_id, distance_score, content_version) VALUES ('w-kd-015', 'w-kd-014', 0.50, 1) ON CONFLICT (word_id, distractor_word_id) DO NOTHING;
INSERT INTO distractors (word_id, distractor_word_id, distance_score, content_version) VALUES ('w-kd-017', 'w-kd-023', 0.50, 1) ON CONFLICT (word_id, distractor_word_id) DO NOTHING;
INSERT INTO distractors (word_id, distractor_word_id, distance_score, content_version) VALUES ('w-kd-017', 'w-kd-013', 0.50, 1) ON CONFLICT (word_id, distractor_word_id) DO NOTHING;
INSERT INTO distractors (word_id, distractor_word_id, distance_score, content_version) VALUES ('w-kd-018', 'w-kd-019', 0.50, 1) ON CONFLICT (word_id, distractor_word_id) DO NOTHING;
INSERT INTO distractors (word_id, distractor_word_id, distance_score, content_version) VALUES ('w-kd-019', 'w-kd-018', 0.50, 1) ON CONFLICT (word_id, distractor_word_id) DO NOTHING;
INSERT INTO distractors (word_id, distractor_word_id, distance_score, content_version) VALUES ('w-kd-020', 'w-kd-019', 0.50, 1) ON CONFLICT (word_id, distractor_word_id) DO NOTHING;
INSERT INTO distractors (word_id, distractor_word_id, distance_score, content_version) VALUES ('w-kd-020', 'w-kd-021', 0.50, 1) ON CONFLICT (word_id, distractor_word_id) DO NOTHING;
INSERT INTO distractors (word_id, distractor_word_id, distance_score, content_version) VALUES ('w-kd-021', 'w-kd-019', 0.50, 1) ON CONFLICT (word_id, distractor_word_id) DO NOTHING;
INSERT INTO distractors (word_id, distractor_word_id, distance_score, content_version) VALUES ('w-kd-021', 'w-kd-022', 0.50, 1) ON CONFLICT (word_id, distractor_word_id) DO NOTHING;
INSERT INTO distractors (word_id, distractor_word_id, distance_score, content_version) VALUES ('w-kd-022', 'w-kd-021', 0.50, 1) ON CONFLICT (word_id, distractor_word_id) DO NOTHING;
INSERT INTO distractors (word_id, distractor_word_id, distance_score, content_version) VALUES ('w-kd-023', 'w-kd-017', 0.50, 1) ON CONFLICT (word_id, distractor_word_id) DO NOTHING;
INSERT INTO distractors (word_id, distractor_word_id, distance_score, content_version) VALUES ('w-kd-024', 'w-kd-013', 0.50, 1) ON CONFLICT (word_id, distractor_word_id) DO NOTHING;
INSERT INTO distractors (word_id, distractor_word_id, distance_score, content_version) VALUES ('w-kd-025', 'w-job-002', 0.50, 1) ON CONFLICT (word_id, distractor_word_id) DO NOTHING;
INSERT INTO distractors (word_id, distractor_word_id, distance_score, content_version) VALUES ('w-kd-026', 'w-kd-032', 0.50, 1) ON CONFLICT (word_id, distractor_word_id) DO NOTHING;
INSERT INTO distractors (word_id, distractor_word_id, distance_score, content_version) VALUES ('w-kd-027', 'w-kd-029', 0.50, 1) ON CONFLICT (word_id, distractor_word_id) DO NOTHING;
INSERT INTO distractors (word_id, distractor_word_id, distance_score, content_version) VALUES ('w-kd-027', 'w-kd-028', 0.50, 1) ON CONFLICT (word_id, distractor_word_id) DO NOTHING;
INSERT INTO distractors (word_id, distractor_word_id, distance_score, content_version) VALUES ('w-kd-027', 'w-job-018', 0.50, 1) ON CONFLICT (word_id, distractor_word_id) DO NOTHING;
INSERT INTO distractors (word_id, distractor_word_id, distance_score, content_version) VALUES ('w-kd-028', 'w-kd-027', 0.50, 1) ON CONFLICT (word_id, distractor_word_id) DO NOTHING;
INSERT INTO distractors (word_id, distractor_word_id, distance_score, content_version) VALUES ('w-kd-028', 'w-kd-029', 0.50, 1) ON CONFLICT (word_id, distractor_word_id) DO NOTHING;
INSERT INTO distractors (word_id, distractor_word_id, distance_score, content_version) VALUES ('w-kd-029', 'w-kd-027', 0.50, 1) ON CONFLICT (word_id, distractor_word_id) DO NOTHING;
INSERT INTO distractors (word_id, distractor_word_id, distance_score, content_version) VALUES ('w-kd-029', 'w-kd-028', 0.50, 1) ON CONFLICT (word_id, distractor_word_id) DO NOTHING;
INSERT INTO distractors (word_id, distractor_word_id, distance_score, content_version) VALUES ('w-kd-031', 'w-tv-053', 0.50, 1) ON CONFLICT (word_id, distractor_word_id) DO NOTHING;
INSERT INTO distractors (word_id, distractor_word_id, distance_score, content_version) VALUES ('w-kd-031', 'w-kd-032', 0.50, 1) ON CONFLICT (word_id, distractor_word_id) DO NOTHING;
INSERT INTO distractors (word_id, distractor_word_id, distance_score, content_version) VALUES ('w-kd-032', 'w-kd-026', 0.50, 1) ON CONFLICT (word_id, distractor_word_id) DO NOTHING;
INSERT INTO distractors (word_id, distractor_word_id, distance_score, content_version) VALUES ('w-kd-032', 'w-kd-031', 0.50, 1) ON CONFLICT (word_id, distractor_word_id) DO NOTHING;
INSERT INTO distractors (word_id, distractor_word_id, distance_score, content_version) VALUES ('w-kd-033', 'w-job-011', 0.50, 1) ON CONFLICT (word_id, distractor_word_id) DO NOTHING;
INSERT INTO distractors (word_id, distractor_word_id, distance_score, content_version) VALUES ('w-kd-034', 'w-job-003', 0.50, 1) ON CONFLICT (word_id, distractor_word_id) DO NOTHING;
INSERT INTO distractors (word_id, distractor_word_id, distance_score, content_version) VALUES ('w-kd-034', 'w-kd-044', 0.50, 1) ON CONFLICT (word_id, distractor_word_id) DO NOTHING;
INSERT INTO distractors (word_id, distractor_word_id, distance_score, content_version) VALUES ('w-kd-037', 'w-pr-241', 0.50, 1) ON CONFLICT (word_id, distractor_word_id) DO NOTHING;
INSERT INTO distractors (word_id, distractor_word_id, distance_score, content_version) VALUES ('w-kd-039', 'w-pr-246', 0.50, 1) ON CONFLICT (word_id, distractor_word_id) DO NOTHING;
INSERT INTO distractors (word_id, distractor_word_id, distance_score, content_version) VALUES ('w-kd-039', 'w-pr-245', 0.50, 1) ON CONFLICT (word_id, distractor_word_id) DO NOTHING;
INSERT INTO distractors (word_id, distractor_word_id, distance_score, content_version) VALUES ('w-kd-040', 'w-pr-064', 0.50, 1) ON CONFLICT (word_id, distractor_word_id) DO NOTHING;
INSERT INTO distractors (word_id, distractor_word_id, distance_score, content_version) VALUES ('w-kd-040', 'w-kd-042', 0.50, 1) ON CONFLICT (word_id, distractor_word_id) DO NOTHING;
INSERT INTO distractors (word_id, distractor_word_id, distance_score, content_version) VALUES ('w-kd-041', 'w-st-018', 0.50, 1) ON CONFLICT (word_id, distractor_word_id) DO NOTHING;
INSERT INTO distractors (word_id, distractor_word_id, distance_score, content_version) VALUES ('w-kd-041', 'w-tv-027', 0.50, 1) ON CONFLICT (word_id, distractor_word_id) DO NOTHING;
INSERT INTO distractors (word_id, distractor_word_id, distance_score, content_version) VALUES ('w-kd-042', 'w-st-015', 0.50, 1) ON CONFLICT (word_id, distractor_word_id) DO NOTHING;
INSERT INTO distractors (word_id, distractor_word_id, distance_score, content_version) VALUES ('w-kd-042', 'w-pr-009', 0.50, 1) ON CONFLICT (word_id, distractor_word_id) DO NOTHING;
INSERT INTO distractors (word_id, distractor_word_id, distance_score, content_version) VALUES ('w-kd-042', 'w-pr-010', 0.50, 1) ON CONFLICT (word_id, distractor_word_id) DO NOTHING;
INSERT INTO distractors (word_id, distractor_word_id, distance_score, content_version) VALUES ('w-kd-043', 'w-kd-050', 0.50, 1) ON CONFLICT (word_id, distractor_word_id) DO NOTHING;
INSERT INTO distractors (word_id, distractor_word_id, distance_score, content_version) VALUES ('w-kd-046', 'w-tv-021', 0.50, 1) ON CONFLICT (word_id, distractor_word_id) DO NOTHING;
INSERT INTO distractors (word_id, distractor_word_id, distance_score, content_version) VALUES ('w-kd-047', 'w-kd-043', 0.50, 1) ON CONFLICT (word_id, distractor_word_id) DO NOTHING;
INSERT INTO distractors (word_id, distractor_word_id, distance_score, content_version) VALUES ('w-kd-047', 'w-kd-044', 0.50, 1) ON CONFLICT (word_id, distractor_word_id) DO NOTHING;
INSERT INTO distractors (word_id, distractor_word_id, distance_score, content_version) VALUES ('w-kd-047', 'w-tv-011', 0.50, 1) ON CONFLICT (word_id, distractor_word_id) DO NOTHING;
INSERT INTO distractors (word_id, distractor_word_id, distance_score, content_version) VALUES ('w-kd-048', 'w-kd-047', 0.50, 1) ON CONFLICT (word_id, distractor_word_id) DO NOTHING;
INSERT INTO distractors (word_id, distractor_word_id, distance_score, content_version) VALUES ('w-kd-048', 'w-kd-049', 0.50, 1) ON CONFLICT (word_id, distractor_word_id) DO NOTHING;
INSERT INTO distractors (word_id, distractor_word_id, distance_score, content_version) VALUES ('w-kd-048', 'w-kd-050', 0.50, 1) ON CONFLICT (word_id, distractor_word_id) DO NOTHING;
INSERT INTO distractors (word_id, distractor_word_id, distance_score, content_version) VALUES ('w-kd-049', 'w-kd-048', 0.50, 1) ON CONFLICT (word_id, distractor_word_id) DO NOTHING;
INSERT INTO distractors (word_id, distractor_word_id, distance_score, content_version) VALUES ('w-kd-050', 'w-kd-043', 0.50, 1) ON CONFLICT (word_id, distractor_word_id) DO NOTHING;
INSERT INTO distractors (word_id, distractor_word_id, distance_score, content_version) VALUES ('w-kd-050', 'w-kd-048', 0.50, 1) ON CONFLICT (word_id, distractor_word_id) DO NOTHING;
INSERT INTO distractors (word_id, distractor_word_id, distance_score, content_version) VALUES ('w-kd-051', 'w-kd-027', 0.50, 1) ON CONFLICT (word_id, distractor_word_id) DO NOTHING;
INSERT INTO distractors (word_id, distractor_word_id, distance_score, content_version) VALUES ('w-kd-051', 'w-kd-029', 0.50, 1) ON CONFLICT (word_id, distractor_word_id) DO NOTHING;
INSERT INTO distractors (word_id, distractor_word_id, distance_score, content_version) VALUES ('w-kd-053', 'w-kd-054', 0.50, 1) ON CONFLICT (word_id, distractor_word_id) DO NOTHING;
INSERT INTO distractors (word_id, distractor_word_id, distance_score, content_version) VALUES ('w-kd-053', 'w-kd-055', 0.50, 1) ON CONFLICT (word_id, distractor_word_id) DO NOTHING;
INSERT INTO distractors (word_id, distractor_word_id, distance_score, content_version) VALUES ('w-kd-054', 'w-kd-053', 0.50, 1) ON CONFLICT (word_id, distractor_word_id) DO NOTHING;
INSERT INTO distractors (word_id, distractor_word_id, distance_score, content_version) VALUES ('w-kd-054', 'w-kd-055', 0.50, 1) ON CONFLICT (word_id, distractor_word_id) DO NOTHING;
INSERT INTO distractors (word_id, distractor_word_id, distance_score, content_version) VALUES ('w-kd-055', 'w-kd-054', 0.50, 1) ON CONFLICT (word_id, distractor_word_id) DO NOTHING;
INSERT INTO distractors (word_id, distractor_word_id, distance_score, content_version) VALUES ('w-kd-055', 'w-kd-053', 0.50, 1) ON CONFLICT (word_id, distractor_word_id) DO NOTHING;
INSERT INTO distractors (word_id, distractor_word_id, distance_score, content_version) VALUES ('w-kd-056', 'w-kd-014', 0.50, 1) ON CONFLICT (word_id, distractor_word_id) DO NOTHING;
INSERT INTO distractors (word_id, distractor_word_id, distance_score, content_version) VALUES ('w-kd-056', 'w-kd-019', 0.50, 1) ON CONFLICT (word_id, distractor_word_id) DO NOTHING;
INSERT INTO distractors (word_id, distractor_word_id, distance_score, content_version) VALUES ('w-kd-057', 'w-kd-014', 0.50, 1) ON CONFLICT (word_id, distractor_word_id) DO NOTHING;
INSERT INTO distractors (word_id, distractor_word_id, distance_score, content_version) VALUES ('w-kd-058', 'w-kd-012', 0.50, 1) ON CONFLICT (word_id, distractor_word_id) DO NOTHING;
INSERT INTO distractors (word_id, distractor_word_id, distance_score, content_version) VALUES ('w-kd-059', 'w-kd-058', 0.50, 1) ON CONFLICT (word_id, distractor_word_id) DO NOTHING;
INSERT INTO distractors (word_id, distractor_word_id, distance_score, content_version) VALUES ('w-kd-059', 'w-kd-056', 0.50, 1) ON CONFLICT (word_id, distractor_word_id) DO NOTHING;
INSERT INTO distractors (word_id, distractor_word_id, distance_score, content_version) VALUES ('w-kd-060', 'w-pr-144', 0.50, 1) ON CONFLICT (word_id, distractor_word_id) DO NOTHING;
INSERT INTO distractors (word_id, distractor_word_id, distance_score, content_version) VALUES ('w-kd-060', 'w-pr-276', 0.50, 1) ON CONFLICT (word_id, distractor_word_id) DO NOTHING;
INSERT INTO distractors (word_id, distractor_word_id, distance_score, content_version) VALUES ('w-kp-001', 'w-job-009', 0.50, 1) ON CONFLICT (word_id, distractor_word_id) DO NOTHING;
INSERT INTO distractors (word_id, distractor_word_id, distance_score, content_version) VALUES ('w-kp-001', 'w-kp-007', 0.50, 1) ON CONFLICT (word_id, distractor_word_id) DO NOTHING;
INSERT INTO distractors (word_id, distractor_word_id, distance_score, content_version) VALUES ('w-kp-001', 'w-kp-003', 0.50, 1) ON CONFLICT (word_id, distractor_word_id) DO NOTHING;
INSERT INTO distractors (word_id, distractor_word_id, distance_score, content_version) VALUES ('w-kp-002', 'w-kp-001', 0.50, 1) ON CONFLICT (word_id, distractor_word_id) DO NOTHING;
INSERT INTO distractors (word_id, distractor_word_id, distance_score, content_version) VALUES ('w-kp-002', 'w-job-009', 0.50, 1) ON CONFLICT (word_id, distractor_word_id) DO NOTHING;
INSERT INTO distractors (word_id, distractor_word_id, distance_score, content_version) VALUES ('w-kp-003', 'w-kp-007', 0.50, 1) ON CONFLICT (word_id, distractor_word_id) DO NOTHING;
INSERT INTO distractors (word_id, distractor_word_id, distance_score, content_version) VALUES ('w-kp-003', 'w-kp-060', 0.50, 1) ON CONFLICT (word_id, distractor_word_id) DO NOTHING;
INSERT INTO distractors (word_id, distractor_word_id, distance_score, content_version) VALUES ('w-kp-003', 'w-kp-059', 0.50, 1) ON CONFLICT (word_id, distractor_word_id) DO NOTHING;
INSERT INTO distractors (word_id, distractor_word_id, distance_score, content_version) VALUES ('w-kp-004', 'w-kp-003', 0.50, 1) ON CONFLICT (word_id, distractor_word_id) DO NOTHING;
INSERT INTO distractors (word_id, distractor_word_id, distance_score, content_version) VALUES ('w-kp-005', 'w-kp-020', 0.50, 1) ON CONFLICT (word_id, distractor_word_id) DO NOTHING;
INSERT INTO distractors (word_id, distractor_word_id, distance_score, content_version) VALUES ('w-kp-006', 'w-kp-004', 0.50, 1) ON CONFLICT (word_id, distractor_word_id) DO NOTHING;
INSERT INTO distractors (word_id, distractor_word_id, distance_score, content_version) VALUES ('w-kp-007', 'w-kp-003', 0.50, 1) ON CONFLICT (word_id, distractor_word_id) DO NOTHING;
INSERT INTO distractors (word_id, distractor_word_id, distance_score, content_version) VALUES ('w-kp-007', 'w-st-042', 0.50, 1) ON CONFLICT (word_id, distractor_word_id) DO NOTHING;
INSERT INTO distractors (word_id, distractor_word_id, distance_score, content_version) VALUES ('w-kp-007', 'w-kp-001', 0.50, 1) ON CONFLICT (word_id, distractor_word_id) DO NOTHING;
INSERT INTO distractors (word_id, distractor_word_id, distance_score, content_version) VALUES ('w-kp-008', 'w-kp-050', 0.50, 1) ON CONFLICT (word_id, distractor_word_id) DO NOTHING;
INSERT INTO distractors (word_id, distractor_word_id, distance_score, content_version) VALUES ('w-kp-008', 'w-kp-043', 0.50, 1) ON CONFLICT (word_id, distractor_word_id) DO NOTHING;
INSERT INTO distractors (word_id, distractor_word_id, distance_score, content_version) VALUES ('w-kp-008', 'w-kp-010', 0.50, 1) ON CONFLICT (word_id, distractor_word_id) DO NOTHING;
INSERT INTO distractors (word_id, distractor_word_id, distance_score, content_version) VALUES ('w-kp-009', 'w-kp-031', 0.50, 1) ON CONFLICT (word_id, distractor_word_id) DO NOTHING;
INSERT INTO distractors (word_id, distractor_word_id, distance_score, content_version) VALUES ('w-kp-009', 'w-kp-012', 0.50, 1) ON CONFLICT (word_id, distractor_word_id) DO NOTHING;
INSERT INTO distractors (word_id, distractor_word_id, distance_score, content_version) VALUES ('w-kp-010', 'w-kp-008', 0.50, 1) ON CONFLICT (word_id, distractor_word_id) DO NOTHING;
INSERT INTO distractors (word_id, distractor_word_id, distance_score, content_version) VALUES ('w-kp-010', 'w-kp-021', 0.50, 1) ON CONFLICT (word_id, distractor_word_id) DO NOTHING;
INSERT INTO distractors (word_id, distractor_word_id, distance_score, content_version) VALUES ('w-kp-010', 'w-kp-043', 0.50, 1) ON CONFLICT (word_id, distractor_word_id) DO NOTHING;
INSERT INTO distractors (word_id, distractor_word_id, distance_score, content_version) VALUES ('w-kp-011', 'w-kp-050', 0.50, 1) ON CONFLICT (word_id, distractor_word_id) DO NOTHING;
INSERT INTO distractors (word_id, distractor_word_id, distance_score, content_version) VALUES ('w-kp-012', 'w-kp-009', 0.50, 1) ON CONFLICT (word_id, distractor_word_id) DO NOTHING;
INSERT INTO distractors (word_id, distractor_word_id, distance_score, content_version) VALUES ('w-kp-012', 'w-kp-031', 0.50, 1) ON CONFLICT (word_id, distractor_word_id) DO NOTHING;
INSERT INTO distractors (word_id, distractor_word_id, distance_score, content_version) VALUES ('w-kp-013', 'w-kp-014', 0.50, 1) ON CONFLICT (word_id, distractor_word_id) DO NOTHING;
INSERT INTO distractors (word_id, distractor_word_id, distance_score, content_version) VALUES ('w-kp-013', 'w-kp-015', 0.50, 1) ON CONFLICT (word_id, distractor_word_id) DO NOTHING;
INSERT INTO distractors (word_id, distractor_word_id, distance_score, content_version) VALUES ('w-kp-013', 'w-kp-016', 0.50, 1) ON CONFLICT (word_id, distractor_word_id) DO NOTHING;
INSERT INTO distractors (word_id, distractor_word_id, distance_score, content_version) VALUES ('w-kp-014', 'w-kp-013', 0.50, 1) ON CONFLICT (word_id, distractor_word_id) DO NOTHING;
INSERT INTO distractors (word_id, distractor_word_id, distance_score, content_version) VALUES ('w-kp-014', 'w-kp-018', 0.50, 1) ON CONFLICT (word_id, distractor_word_id) DO NOTHING;
INSERT INTO distractors (word_id, distractor_word_id, distance_score, content_version) VALUES ('w-kp-015', 'w-kp-013', 0.50, 1) ON CONFLICT (word_id, distractor_word_id) DO NOTHING;
INSERT INTO distractors (word_id, distractor_word_id, distance_score, content_version) VALUES ('w-kp-015', 'w-kp-016', 0.50, 1) ON CONFLICT (word_id, distractor_word_id) DO NOTHING;
INSERT INTO distractors (word_id, distractor_word_id, distance_score, content_version) VALUES ('w-kp-016', 'w-kp-015', 0.50, 1) ON CONFLICT (word_id, distractor_word_id) DO NOTHING;
INSERT INTO distractors (word_id, distractor_word_id, distance_score, content_version) VALUES ('w-kp-016', 'w-kp-017', 0.50, 1) ON CONFLICT (word_id, distractor_word_id) DO NOTHING;
INSERT INTO distractors (word_id, distractor_word_id, distance_score, content_version) VALUES ('w-kp-017', 'w-kp-018', 0.50, 1) ON CONFLICT (word_id, distractor_word_id) DO NOTHING;
INSERT INTO distractors (word_id, distractor_word_id, distance_score, content_version) VALUES ('w-kp-017', 'w-kp-016', 0.50, 1) ON CONFLICT (word_id, distractor_word_id) DO NOTHING;
INSERT INTO distractors (word_id, distractor_word_id, distance_score, content_version) VALUES ('w-kp-018', 'w-kp-017', 0.50, 1) ON CONFLICT (word_id, distractor_word_id) DO NOTHING;
INSERT INTO distractors (word_id, distractor_word_id, distance_score, content_version) VALUES ('w-kp-019', 'w-kp-015', 0.50, 1) ON CONFLICT (word_id, distractor_word_id) DO NOTHING;
INSERT INTO distractors (word_id, distractor_word_id, distance_score, content_version) VALUES ('w-kp-019', 'w-kp-016', 0.50, 1) ON CONFLICT (word_id, distractor_word_id) DO NOTHING;
INSERT INTO distractors (word_id, distractor_word_id, distance_score, content_version) VALUES ('w-kp-020', 'w-kp-013', 0.50, 1) ON CONFLICT (word_id, distractor_word_id) DO NOTHING;
INSERT INTO distractors (word_id, distractor_word_id, distance_score, content_version) VALUES ('w-kp-020', 'w-kp-021', 0.50, 1) ON CONFLICT (word_id, distractor_word_id) DO NOTHING;
INSERT INTO distractors (word_id, distractor_word_id, distance_score, content_version) VALUES ('w-kp-021', 'w-kp-010', 0.50, 1) ON CONFLICT (word_id, distractor_word_id) DO NOTHING;
INSERT INTO distractors (word_id, distractor_word_id, distance_score, content_version) VALUES ('w-kp-022', 'w-kp-049', 0.50, 1) ON CONFLICT (word_id, distractor_word_id) DO NOTHING;
INSERT INTO distractors (word_id, distractor_word_id, distance_score, content_version) VALUES ('w-kp-022', 'w-kp-012', 0.50, 1) ON CONFLICT (word_id, distractor_word_id) DO NOTHING;
INSERT INTO distractors (word_id, distractor_word_id, distance_score, content_version) VALUES ('w-kp-023', 'w-kp-024', 0.50, 1) ON CONFLICT (word_id, distractor_word_id) DO NOTHING;
INSERT INTO distractors (word_id, distractor_word_id, distance_score, content_version) VALUES ('w-kp-023', 'w-kp-013', 0.50, 1) ON CONFLICT (word_id, distractor_word_id) DO NOTHING;
INSERT INTO distractors (word_id, distractor_word_id, distance_score, content_version) VALUES ('w-kp-023', 'w-kp-012', 0.50, 1) ON CONFLICT (word_id, distractor_word_id) DO NOTHING;
INSERT INTO distractors (word_id, distractor_word_id, distance_score, content_version) VALUES ('w-kp-024', 'w-kp-023', 0.50, 1) ON CONFLICT (word_id, distractor_word_id) DO NOTHING;
INSERT INTO distractors (word_id, distractor_word_id, distance_score, content_version) VALUES ('w-kp-024', 'w-kp-025', 0.50, 1) ON CONFLICT (word_id, distractor_word_id) DO NOTHING;
INSERT INTO distractors (word_id, distractor_word_id, distance_score, content_version) VALUES ('w-kp-025', 'w-kp-024', 0.50, 1) ON CONFLICT (word_id, distractor_word_id) DO NOTHING;
INSERT INTO distractors (word_id, distractor_word_id, distance_score, content_version) VALUES ('w-kp-025', 'w-kp-023', 0.50, 1) ON CONFLICT (word_id, distractor_word_id) DO NOTHING;
INSERT INTO distractors (word_id, distractor_word_id, distance_score, content_version) VALUES ('w-kp-025', 'w-kp-028', 0.50, 1) ON CONFLICT (word_id, distractor_word_id) DO NOTHING;
INSERT INTO distractors (word_id, distractor_word_id, distance_score, content_version) VALUES ('w-kp-026', 'w-pr-073', 0.50, 1) ON CONFLICT (word_id, distractor_word_id) DO NOTHING;
INSERT INTO distractors (word_id, distractor_word_id, distance_score, content_version) VALUES ('w-kp-027', 'w-pr-149', 0.50, 1) ON CONFLICT (word_id, distractor_word_id) DO NOTHING;
INSERT INTO distractors (word_id, distractor_word_id, distance_score, content_version) VALUES ('w-kp-028', 'w-kp-025', 0.50, 1) ON CONFLICT (word_id, distractor_word_id) DO NOTHING;
INSERT INTO distractors (word_id, distractor_word_id, distance_score, content_version) VALUES ('w-kp-028', 'w-kp-050', 0.50, 1) ON CONFLICT (word_id, distractor_word_id) DO NOTHING;
INSERT INTO distractors (word_id, distractor_word_id, distance_score, content_version) VALUES ('w-kp-028', 'w-kp-012', 0.50, 1) ON CONFLICT (word_id, distractor_word_id) DO NOTHING;
INSERT INTO distractors (word_id, distractor_word_id, distance_score, content_version) VALUES ('w-kp-029', 'w-kp-049', 0.50, 1) ON CONFLICT (word_id, distractor_word_id) DO NOTHING;
INSERT INTO distractors (word_id, distractor_word_id, distance_score, content_version) VALUES ('w-kp-030', 'w-pr-055', 0.50, 1) ON CONFLICT (word_id, distractor_word_id) DO NOTHING;
INSERT INTO distractors (word_id, distractor_word_id, distance_score, content_version) VALUES ('w-kp-030', 'w-pr-300', 0.50, 1) ON CONFLICT (word_id, distractor_word_id) DO NOTHING;
INSERT INTO distractors (word_id, distractor_word_id, distance_score, content_version) VALUES ('w-kp-031', 'w-kp-009', 0.50, 1) ON CONFLICT (word_id, distractor_word_id) DO NOTHING;
INSERT INTO distractors (word_id, distractor_word_id, distance_score, content_version) VALUES ('w-kp-031', 'w-kp-012', 0.50, 1) ON CONFLICT (word_id, distractor_word_id) DO NOTHING;
INSERT INTO distractors (word_id, distractor_word_id, distance_score, content_version) VALUES ('w-kp-032', 'w-kp-012', 0.50, 1) ON CONFLICT (word_id, distractor_word_id) DO NOTHING;
INSERT INTO distractors (word_id, distractor_word_id, distance_score, content_version) VALUES ('w-kp-032', 'w-kp-031', 0.50, 1) ON CONFLICT (word_id, distractor_word_id) DO NOTHING;
INSERT INTO distractors (word_id, distractor_word_id, distance_score, content_version) VALUES ('w-kp-033', 'w-kp-034', 0.50, 1) ON CONFLICT (word_id, distractor_word_id) DO NOTHING;
INSERT INTO distractors (word_id, distractor_word_id, distance_score, content_version) VALUES ('w-kp-033', 'w-kp-040', 0.50, 1) ON CONFLICT (word_id, distractor_word_id) DO NOTHING;
INSERT INTO distractors (word_id, distractor_word_id, distance_score, content_version) VALUES ('w-kp-034', 'w-kp-033', 0.50, 1) ON CONFLICT (word_id, distractor_word_id) DO NOTHING;
INSERT INTO distractors (word_id, distractor_word_id, distance_score, content_version) VALUES ('w-kp-034', 'w-kp-035', 0.50, 1) ON CONFLICT (word_id, distractor_word_id) DO NOTHING;
INSERT INTO distractors (word_id, distractor_word_id, distance_score, content_version) VALUES ('w-kp-035', 'w-st-049', 0.50, 1) ON CONFLICT (word_id, distractor_word_id) DO NOTHING;
INSERT INTO distractors (word_id, distractor_word_id, distance_score, content_version) VALUES ('w-kp-035', 'w-st-050', 0.50, 1) ON CONFLICT (word_id, distractor_word_id) DO NOTHING;
INSERT INTO distractors (word_id, distractor_word_id, distance_score, content_version) VALUES ('w-kp-035', 'w-kp-036', 0.50, 1) ON CONFLICT (word_id, distractor_word_id) DO NOTHING;
INSERT INTO distractors (word_id, distractor_word_id, distance_score, content_version) VALUES ('w-kp-036', 'w-kp-035', 0.50, 1) ON CONFLICT (word_id, distractor_word_id) DO NOTHING;
INSERT INTO distractors (word_id, distractor_word_id, distance_score, content_version) VALUES ('w-kp-036', 'w-st-043', 0.50, 1) ON CONFLICT (word_id, distractor_word_id) DO NOTHING;
INSERT INTO distractors (word_id, distractor_word_id, distance_score, content_version) VALUES ('w-kp-036', 'w-kp-041', 0.50, 1) ON CONFLICT (word_id, distractor_word_id) DO NOTHING;
INSERT INTO distractors (word_id, distractor_word_id, distance_score, content_version) VALUES ('w-kp-037', 'w-pr-028', 0.50, 1) ON CONFLICT (word_id, distractor_word_id) DO NOTHING;
INSERT INTO distractors (word_id, distractor_word_id, distance_score, content_version) VALUES ('w-kp-037', 'w-st-043', 0.50, 1) ON CONFLICT (word_id, distractor_word_id) DO NOTHING;
INSERT INTO distractors (word_id, distractor_word_id, distance_score, content_version) VALUES ('w-kp-038', 'w-kp-034', 0.50, 1) ON CONFLICT (word_id, distractor_word_id) DO NOTHING;
INSERT INTO distractors (word_id, distractor_word_id, distance_score, content_version) VALUES ('w-kp-038', 'w-kp-033', 0.50, 1) ON CONFLICT (word_id, distractor_word_id) DO NOTHING;
INSERT INTO distractors (word_id, distractor_word_id, distance_score, content_version) VALUES ('w-kp-038', 'w-pr-100', 0.50, 1) ON CONFLICT (word_id, distractor_word_id) DO NOTHING;
INSERT INTO distractors (word_id, distractor_word_id, distance_score, content_version) VALUES ('w-kp-039', 'w-kp-033', 0.50, 1) ON CONFLICT (word_id, distractor_word_id) DO NOTHING;
INSERT INTO distractors (word_id, distractor_word_id, distance_score, content_version) VALUES ('w-kp-039', 'w-kp-034', 0.50, 1) ON CONFLICT (word_id, distractor_word_id) DO NOTHING;
INSERT INTO distractors (word_id, distractor_word_id, distance_score, content_version) VALUES ('w-kp-039', 'w-pr-038', 0.50, 1) ON CONFLICT (word_id, distractor_word_id) DO NOTHING;
INSERT INTO distractors (word_id, distractor_word_id, distance_score, content_version) VALUES ('w-kp-040', 'w-kp-033', 0.50, 1) ON CONFLICT (word_id, distractor_word_id) DO NOTHING;
INSERT INTO distractors (word_id, distractor_word_id, distance_score, content_version) VALUES ('w-kp-041', 'w-kp-035', 0.50, 1) ON CONFLICT (word_id, distractor_word_id) DO NOTHING;
INSERT INTO distractors (word_id, distractor_word_id, distance_score, content_version) VALUES ('w-kp-041', 'w-st-043', 0.50, 1) ON CONFLICT (word_id, distractor_word_id) DO NOTHING;
INSERT INTO distractors (word_id, distractor_word_id, distance_score, content_version) VALUES ('w-kp-043', 'w-kp-045', 0.50, 1) ON CONFLICT (word_id, distractor_word_id) DO NOTHING;
INSERT INTO distractors (word_id, distractor_word_id, distance_score, content_version) VALUES ('w-kp-044', 'w-kp-043', 0.50, 1) ON CONFLICT (word_id, distractor_word_id) DO NOTHING;
INSERT INTO distractors (word_id, distractor_word_id, distance_score, content_version) VALUES ('w-kp-044', 'w-pr-223', 0.50, 1) ON CONFLICT (word_id, distractor_word_id) DO NOTHING;
INSERT INTO distractors (word_id, distractor_word_id, distance_score, content_version) VALUES ('w-kp-046', 'w-kp-047', 0.50, 1) ON CONFLICT (word_id, distractor_word_id) DO NOTHING;
INSERT INTO distractors (word_id, distractor_word_id, distance_score, content_version) VALUES ('w-kp-047', 'w-kp-046', 0.50, 1) ON CONFLICT (word_id, distractor_word_id) DO NOTHING;
INSERT INTO distractors (word_id, distractor_word_id, distance_score, content_version) VALUES ('w-kp-047', 'w-pr-075', 0.50, 1) ON CONFLICT (word_id, distractor_word_id) DO NOTHING;
INSERT INTO distractors (word_id, distractor_word_id, distance_score, content_version) VALUES ('w-kp-048', 'w-kp-009', 0.50, 1) ON CONFLICT (word_id, distractor_word_id) DO NOTHING;
INSERT INTO distractors (word_id, distractor_word_id, distance_score, content_version) VALUES ('w-kp-048', 'w-pr-277', 0.50, 1) ON CONFLICT (word_id, distractor_word_id) DO NOTHING;
INSERT INTO distractors (word_id, distractor_word_id, distance_score, content_version) VALUES ('w-kp-048', 'w-kp-012', 0.50, 1) ON CONFLICT (word_id, distractor_word_id) DO NOTHING;
INSERT INTO distractors (word_id, distractor_word_id, distance_score, content_version) VALUES ('w-kp-049', 'w-kp-050', 0.50, 1) ON CONFLICT (word_id, distractor_word_id) DO NOTHING;
INSERT INTO distractors (word_id, distractor_word_id, distance_score, content_version) VALUES ('w-kp-049', 'w-kp-022', 0.50, 1) ON CONFLICT (word_id, distractor_word_id) DO NOTHING;
INSERT INTO distractors (word_id, distractor_word_id, distance_score, content_version) VALUES ('w-kp-050', 'w-kp-049', 0.50, 1) ON CONFLICT (word_id, distractor_word_id) DO NOTHING;
INSERT INTO distractors (word_id, distractor_word_id, distance_score, content_version) VALUES ('w-kp-050', 'w-kp-029', 0.50, 1) ON CONFLICT (word_id, distractor_word_id) DO NOTHING;
INSERT INTO distractors (word_id, distractor_word_id, distance_score, content_version) VALUES ('w-kp-051', 'w-kp-049', 0.50, 1) ON CONFLICT (word_id, distractor_word_id) DO NOTHING;
INSERT INTO distractors (word_id, distractor_word_id, distance_score, content_version) VALUES ('w-kp-052', 'w-mo-028', 0.50, 1) ON CONFLICT (word_id, distractor_word_id) DO NOTHING;
INSERT INTO distractors (word_id, distractor_word_id, distance_score, content_version) VALUES ('w-kp-053', 'w-kp-052', 0.50, 1) ON CONFLICT (word_id, distractor_word_id) DO NOTHING;
INSERT INTO distractors (word_id, distractor_word_id, distance_score, content_version) VALUES ('w-kp-053', 'w-st-043', 0.50, 1) ON CONFLICT (word_id, distractor_word_id) DO NOTHING;
INSERT INTO distractors (word_id, distractor_word_id, distance_score, content_version) VALUES ('w-kp-054', 'w-kp-055', 0.50, 1) ON CONFLICT (word_id, distractor_word_id) DO NOTHING;
INSERT INTO distractors (word_id, distractor_word_id, distance_score, content_version) VALUES ('w-kp-055', 'w-kp-053', 0.50, 1) ON CONFLICT (word_id, distractor_word_id) DO NOTHING;
INSERT INTO distractors (word_id, distractor_word_id, distance_score, content_version) VALUES ('w-kp-055', 'w-kp-054', 0.50, 1) ON CONFLICT (word_id, distractor_word_id) DO NOTHING;
INSERT INTO distractors (word_id, distractor_word_id, distance_score, content_version) VALUES ('w-kp-056', 'w-kd-004', 0.50, 1) ON CONFLICT (word_id, distractor_word_id) DO NOTHING;
INSERT INTO distractors (word_id, distractor_word_id, distance_score, content_version) VALUES ('w-kp-056', 'w-pr-186', 0.50, 1) ON CONFLICT (word_id, distractor_word_id) DO NOTHING;
INSERT INTO distractors (word_id, distractor_word_id, distance_score, content_version) VALUES ('w-kp-057', 'w-kp-058', 0.50, 1) ON CONFLICT (word_id, distractor_word_id) DO NOTHING;
INSERT INTO distractors (word_id, distractor_word_id, distance_score, content_version) VALUES ('w-kp-057', 'w-kd-001', 0.50, 1) ON CONFLICT (word_id, distractor_word_id) DO NOTHING;
INSERT INTO distractors (word_id, distractor_word_id, distance_score, content_version) VALUES ('w-kp-057', 'w-pr-185', 0.50, 1) ON CONFLICT (word_id, distractor_word_id) DO NOTHING;
INSERT INTO distractors (word_id, distractor_word_id, distance_score, content_version) VALUES ('w-kp-058', 'w-kp-057', 0.50, 1) ON CONFLICT (word_id, distractor_word_id) DO NOTHING;
INSERT INTO distractors (word_id, distractor_word_id, distance_score, content_version) VALUES ('w-kp-058', 'w-pr-185', 0.50, 1) ON CONFLICT (word_id, distractor_word_id) DO NOTHING;
INSERT INTO distractors (word_id, distractor_word_id, distance_score, content_version) VALUES ('w-kp-058', 'w-kd-001', 0.50, 1) ON CONFLICT (word_id, distractor_word_id) DO NOTHING;
INSERT INTO distractors (word_id, distractor_word_id, distance_score, content_version) VALUES ('w-kp-059', 'w-kp-003', 0.50, 1) ON CONFLICT (word_id, distractor_word_id) DO NOTHING;
INSERT INTO distractors (word_id, distractor_word_id, distance_score, content_version) VALUES ('w-kp-059', 'w-pr-191', 0.50, 1) ON CONFLICT (word_id, distractor_word_id) DO NOTHING;
INSERT INTO distractors (word_id, distractor_word_id, distance_score, content_version) VALUES ('w-kp-059', 'w-kp-060', 0.50, 1) ON CONFLICT (word_id, distractor_word_id) DO NOTHING;
INSERT INTO distractors (word_id, distractor_word_id, distance_score, content_version) VALUES ('w-kp-060', 'w-kp-003', 0.50, 1) ON CONFLICT (word_id, distractor_word_id) DO NOTHING;
INSERT INTO distractors (word_id, distractor_word_id, distance_score, content_version) VALUES ('w-kp-060', 'w-kp-059', 0.50, 1) ON CONFLICT (word_id, distractor_word_id) DO NOTHING;
INSERT INTO distractors (word_id, distractor_word_id, distance_score, content_version) VALUES ('w-kp-060', 'w-kd-028', 0.50, 1) ON CONFLICT (word_id, distractor_word_id) DO NOTHING;
INSERT INTO distractors (word_id, distractor_word_id, distance_score, content_version) VALUES ('w-tv-001', 'w-bod-017', 0.50, 1) ON CONFLICT (word_id, distractor_word_id) DO NOTHING;
INSERT INTO distractors (word_id, distractor_word_id, distance_score, content_version) VALUES ('w-tv-001', 'w-st-026', 0.50, 1) ON CONFLICT (word_id, distractor_word_id) DO NOTHING;
INSERT INTO distractors (word_id, distractor_word_id, distance_score, content_version) VALUES ('w-tv-002', 'w-st-027', 0.50, 1) ON CONFLICT (word_id, distractor_word_id) DO NOTHING;
INSERT INTO distractors (word_id, distractor_word_id, distance_score, content_version) VALUES ('w-tv-002', 'w-st-025', 0.50, 1) ON CONFLICT (word_id, distractor_word_id) DO NOTHING;
INSERT INTO distractors (word_id, distractor_word_id, distance_score, content_version) VALUES ('w-tv-003', 'w-kp-043', 0.50, 1) ON CONFLICT (word_id, distractor_word_id) DO NOTHING;
INSERT INTO distractors (word_id, distractor_word_id, distance_score, content_version) VALUES ('w-tv-003', 'w-tv-028', 0.50, 1) ON CONFLICT (word_id, distractor_word_id) DO NOTHING;
INSERT INTO distractors (word_id, distractor_word_id, distance_score, content_version) VALUES ('w-tv-004', 'w-tv-005', 0.50, 1) ON CONFLICT (word_id, distractor_word_id) DO NOTHING;
INSERT INTO distractors (word_id, distractor_word_id, distance_score, content_version) VALUES ('w-tv-005', 'w-tv-004', 0.50, 1) ON CONFLICT (word_id, distractor_word_id) DO NOTHING;
INSERT INTO distractors (word_id, distractor_word_id, distance_score, content_version) VALUES ('w-tv-006', 'w-pr-223', 0.50, 1) ON CONFLICT (word_id, distractor_word_id) DO NOTHING;
INSERT INTO distractors (word_id, distractor_word_id, distance_score, content_version) VALUES ('w-tv-007', 'w-pr-157', 0.50, 1) ON CONFLICT (word_id, distractor_word_id) DO NOTHING;
INSERT INTO distractors (word_id, distractor_word_id, distance_score, content_version) VALUES ('w-tv-008', 'w-tv-003', 0.50, 1) ON CONFLICT (word_id, distractor_word_id) DO NOTHING;
INSERT INTO distractors (word_id, distractor_word_id, distance_score, content_version) VALUES ('w-tv-009', 'w-tv-004', 0.50, 1) ON CONFLICT (word_id, distractor_word_id) DO NOTHING;
INSERT INTO distractors (word_id, distractor_word_id, distance_score, content_version) VALUES ('w-tv-009', 'w-tv-005', 0.50, 1) ON CONFLICT (word_id, distractor_word_id) DO NOTHING;
INSERT INTO distractors (word_id, distractor_word_id, distance_score, content_version) VALUES ('w-tv-010', 'w-tv-004', 0.50, 1) ON CONFLICT (word_id, distractor_word_id) DO NOTHING;
INSERT INTO distractors (word_id, distractor_word_id, distance_score, content_version) VALUES ('w-tv-012', 'w-st-018', 0.50, 1) ON CONFLICT (word_id, distractor_word_id) DO NOTHING;
INSERT INTO distractors (word_id, distractor_word_id, distance_score, content_version) VALUES ('w-tv-012', 'w-kd-012', 0.50, 1) ON CONFLICT (word_id, distractor_word_id) DO NOTHING;
INSERT INTO distractors (word_id, distractor_word_id, distance_score, content_version) VALUES ('w-tv-013', 'w-tv-014', 0.50, 1) ON CONFLICT (word_id, distractor_word_id) DO NOTHING;
INSERT INTO distractors (word_id, distractor_word_id, distance_score, content_version) VALUES ('w-tv-013', 'w-tv-012', 0.50, 1) ON CONFLICT (word_id, distractor_word_id) DO NOTHING;
INSERT INTO distractors (word_id, distractor_word_id, distance_score, content_version) VALUES ('w-tv-013', 'w-kp-044', 0.50, 1) ON CONFLICT (word_id, distractor_word_id) DO NOTHING;
INSERT INTO distractors (word_id, distractor_word_id, distance_score, content_version) VALUES ('w-tv-014', 'w-tv-013', 0.50, 1) ON CONFLICT (word_id, distractor_word_id) DO NOTHING;
INSERT INTO distractors (word_id, distractor_word_id, distance_score, content_version) VALUES ('w-tv-015', 'w-pr-223', 0.50, 1) ON CONFLICT (word_id, distractor_word_id) DO NOTHING;
INSERT INTO distractors (word_id, distractor_word_id, distance_score, content_version) VALUES ('w-tv-016', 'w-kd-041', 0.50, 1) ON CONFLICT (word_id, distractor_word_id) DO NOTHING;
INSERT INTO distractors (word_id, distractor_word_id, distance_score, content_version) VALUES ('w-tv-016', 'w-tv-021', 0.50, 1) ON CONFLICT (word_id, distractor_word_id) DO NOTHING;
INSERT INTO distractors (word_id, distractor_word_id, distance_score, content_version) VALUES ('w-tv-016', 'w-tv-018', 0.50, 1) ON CONFLICT (word_id, distractor_word_id) DO NOTHING;
INSERT INTO distractors (word_id, distractor_word_id, distance_score, content_version) VALUES ('w-tv-018', 'w-pr-008', 0.50, 1) ON CONFLICT (word_id, distractor_word_id) DO NOTHING;
INSERT INTO distractors (word_id, distractor_word_id, distance_score, content_version) VALUES ('w-tv-018', 'w-pr-009', 0.50, 1) ON CONFLICT (word_id, distractor_word_id) DO NOTHING;
INSERT INTO distractors (word_id, distractor_word_id, distance_score, content_version) VALUES ('w-tv-018', 'w-pr-010', 0.50, 1) ON CONFLICT (word_id, distractor_word_id) DO NOTHING;
INSERT INTO distractors (word_id, distractor_word_id, distance_score, content_version) VALUES ('w-tv-019', 'w-pr-285', 0.50, 1) ON CONFLICT (word_id, distractor_word_id) DO NOTHING;
INSERT INTO distractors (word_id, distractor_word_id, distance_score, content_version) VALUES ('w-tv-019', 'w-pr-290', 0.50, 1) ON CONFLICT (word_id, distractor_word_id) DO NOTHING;
INSERT INTO distractors (word_id, distractor_word_id, distance_score, content_version) VALUES ('w-tv-021', 'w-kd-046', 0.50, 1) ON CONFLICT (word_id, distractor_word_id) DO NOTHING;
INSERT INTO distractors (word_id, distractor_word_id, distance_score, content_version) VALUES ('w-tv-021', 'w-tv-011', 0.50, 1) ON CONFLICT (word_id, distractor_word_id) DO NOTHING;
INSERT INTO distractors (word_id, distractor_word_id, distance_score, content_version) VALUES ('w-tv-022', 'w-st-019', 0.50, 1) ON CONFLICT (word_id, distractor_word_id) DO NOTHING;
INSERT INTO distractors (word_id, distractor_word_id, distance_score, content_version) VALUES ('w-tv-022', 'w-tv-023', 0.50, 1) ON CONFLICT (word_id, distractor_word_id) DO NOTHING;
INSERT INTO distractors (word_id, distractor_word_id, distance_score, content_version) VALUES ('w-tv-023', 'w-tv-022', 0.50, 1) ON CONFLICT (word_id, distractor_word_id) DO NOTHING;
INSERT INTO distractors (word_id, distractor_word_id, distance_score, content_version) VALUES ('w-tv-023', 'w-tv-028', 0.50, 1) ON CONFLICT (word_id, distractor_word_id) DO NOTHING;
INSERT INTO distractors (word_id, distractor_word_id, distance_score, content_version) VALUES ('w-tv-024', 'w-st-018', 0.50, 1) ON CONFLICT (word_id, distractor_word_id) DO NOTHING;
INSERT INTO distractors (word_id, distractor_word_id, distance_score, content_version) VALUES ('w-tv-025', 'w-st-017', 0.50, 1) ON CONFLICT (word_id, distractor_word_id) DO NOTHING;
INSERT INTO distractors (word_id, distractor_word_id, distance_score, content_version) VALUES ('w-tv-026', 'w-tv-025', 0.50, 1) ON CONFLICT (word_id, distractor_word_id) DO NOTHING;
INSERT INTO distractors (word_id, distractor_word_id, distance_score, content_version) VALUES ('w-tv-027', 'w-kd-041', 0.50, 1) ON CONFLICT (word_id, distractor_word_id) DO NOTHING;
INSERT INTO distractors (word_id, distractor_word_id, distance_score, content_version) VALUES ('w-tv-027', 'w-st-018', 0.50, 1) ON CONFLICT (word_id, distractor_word_id) DO NOTHING;
INSERT INTO distractors (word_id, distractor_word_id, distance_score, content_version) VALUES ('w-tv-027', 'w-st-020', 0.50, 1) ON CONFLICT (word_id, distractor_word_id) DO NOTHING;
INSERT INTO distractors (word_id, distractor_word_id, distance_score, content_version) VALUES ('w-tv-028', 'w-tv-046', 0.50, 1) ON CONFLICT (word_id, distractor_word_id) DO NOTHING;
INSERT INTO distractors (word_id, distractor_word_id, distance_score, content_version) VALUES ('w-tv-028', 'w-tv-045', 0.50, 1) ON CONFLICT (word_id, distractor_word_id) DO NOTHING;
INSERT INTO distractors (word_id, distractor_word_id, distance_score, content_version) VALUES ('w-tv-029', 'w-st-020', 0.50, 1) ON CONFLICT (word_id, distractor_word_id) DO NOTHING;
INSERT INTO distractors (word_id, distractor_word_id, distance_score, content_version) VALUES ('w-tv-031', 'w-pr-049', 0.50, 1) ON CONFLICT (word_id, distractor_word_id) DO NOTHING;
INSERT INTO distractors (word_id, distractor_word_id, distance_score, content_version) VALUES ('w-tv-031', 'w-pr-066', 0.50, 1) ON CONFLICT (word_id, distractor_word_id) DO NOTHING;
INSERT INTO distractors (word_id, distractor_word_id, distance_score, content_version) VALUES ('w-tv-032', 'w-kp-050', 0.50, 1) ON CONFLICT (word_id, distractor_word_id) DO NOTHING;
INSERT INTO distractors (word_id, distractor_word_id, distance_score, content_version) VALUES ('w-tv-033', 'w-pr-210', 0.50, 1) ON CONFLICT (word_id, distractor_word_id) DO NOTHING;
INSERT INTO distractors (word_id, distractor_word_id, distance_score, content_version) VALUES ('w-tv-037', 'w-tv-041', 0.50, 1) ON CONFLICT (word_id, distractor_word_id) DO NOTHING;
INSERT INTO distractors (word_id, distractor_word_id, distance_score, content_version) VALUES ('w-tv-038', 'w-pr-256', 0.50, 1) ON CONFLICT (word_id, distractor_word_id) DO NOTHING;
INSERT INTO distractors (word_id, distractor_word_id, distance_score, content_version) VALUES ('w-tv-038', 'w-tv-032', 0.50, 1) ON CONFLICT (word_id, distractor_word_id) DO NOTHING;
INSERT INTO distractors (word_id, distractor_word_id, distance_score, content_version) VALUES ('w-tv-039', 'w-kp-050', 0.50, 1) ON CONFLICT (word_id, distractor_word_id) DO NOTHING;
INSERT INTO distractors (word_id, distractor_word_id, distance_score, content_version) VALUES ('w-tv-039', 'w-kp-049', 0.50, 1) ON CONFLICT (word_id, distractor_word_id) DO NOTHING;
INSERT INTO distractors (word_id, distractor_word_id, distance_score, content_version) VALUES ('w-tv-040', 'w-kp-044', 0.50, 1) ON CONFLICT (word_id, distractor_word_id) DO NOTHING;
INSERT INTO distractors (word_id, distractor_word_id, distance_score, content_version) VALUES ('w-tv-042', 'w-tv-043', 0.50, 1) ON CONFLICT (word_id, distractor_word_id) DO NOTHING;
INSERT INTO distractors (word_id, distractor_word_id, distance_score, content_version) VALUES ('w-tv-042', 'w-st-043', 0.50, 1) ON CONFLICT (word_id, distractor_word_id) DO NOTHING;
INSERT INTO distractors (word_id, distractor_word_id, distance_score, content_version) VALUES ('w-tv-043', 'w-tv-042', 0.50, 1) ON CONFLICT (word_id, distractor_word_id) DO NOTHING;
INSERT INTO distractors (word_id, distractor_word_id, distance_score, content_version) VALUES ('w-tv-043', 'w-st-043', 0.50, 1) ON CONFLICT (word_id, distractor_word_id) DO NOTHING;
INSERT INTO distractors (word_id, distractor_word_id, distance_score, content_version) VALUES ('w-tv-045', 'w-tv-046', 0.50, 1) ON CONFLICT (word_id, distractor_word_id) DO NOTHING;
INSERT INTO distractors (word_id, distractor_word_id, distance_score, content_version) VALUES ('w-tv-045', 'w-tv-047', 0.50, 1) ON CONFLICT (word_id, distractor_word_id) DO NOTHING;
INSERT INTO distractors (word_id, distractor_word_id, distance_score, content_version) VALUES ('w-tv-046', 'w-tv-045', 0.50, 1) ON CONFLICT (word_id, distractor_word_id) DO NOTHING;
INSERT INTO distractors (word_id, distractor_word_id, distance_score, content_version) VALUES ('w-tv-047', 'w-st-020', 0.50, 1) ON CONFLICT (word_id, distractor_word_id) DO NOTHING;
INSERT INTO distractors (word_id, distractor_word_id, distance_score, content_version) VALUES ('w-tv-047', 'w-tv-045', 0.50, 1) ON CONFLICT (word_id, distractor_word_id) DO NOTHING;
INSERT INTO distractors (word_id, distractor_word_id, distance_score, content_version) VALUES ('w-tv-047', 'w-tv-046', 0.50, 1) ON CONFLICT (word_id, distractor_word_id) DO NOTHING;
INSERT INTO distractors (word_id, distractor_word_id, distance_score, content_version) VALUES ('w-tv-049', 'w-pr-157', 0.50, 1) ON CONFLICT (word_id, distractor_word_id) DO NOTHING;
INSERT INTO distractors (word_id, distractor_word_id, distance_score, content_version) VALUES ('w-tv-052', 'w-tv-058', 0.50, 1) ON CONFLICT (word_id, distractor_word_id) DO NOTHING;
INSERT INTO distractors (word_id, distractor_word_id, distance_score, content_version) VALUES ('w-tv-053', 'w-kd-031', 0.50, 1) ON CONFLICT (word_id, distractor_word_id) DO NOTHING;
INSERT INTO distractors (word_id, distractor_word_id, distance_score, content_version) VALUES ('w-tv-054', 'w-kd-045', 0.50, 1) ON CONFLICT (word_id, distractor_word_id) DO NOTHING;
INSERT INTO distractors (word_id, distractor_word_id, distance_score, content_version) VALUES ('w-tv-055', 'w-kd-045', 0.50, 1) ON CONFLICT (word_id, distractor_word_id) DO NOTHING;
INSERT INTO distractors (word_id, distractor_word_id, distance_score, content_version) VALUES ('w-tv-055', 'w-kd-025', 0.50, 1) ON CONFLICT (word_id, distractor_word_id) DO NOTHING;
INSERT INTO distractors (word_id, distractor_word_id, distance_score, content_version) VALUES ('w-tv-058', 'w-pr-097', 0.50, 1) ON CONFLICT (word_id, distractor_word_id) DO NOTHING;
INSERT INTO distractors (word_id, distractor_word_id, distance_score, content_version) VALUES ('w-tv-059', 'w-tv-057', 0.50, 1) ON CONFLICT (word_id, distractor_word_id) DO NOTHING;
INSERT INTO distractors (word_id, distractor_word_id, distance_score, content_version) VALUES ('w-tv-060', 'w-kp-040', 0.50, 1) ON CONFLICT (word_id, distractor_word_id) DO NOTHING;
INSERT INTO distractors (word_id, distractor_word_id, distance_score, content_version) VALUES ('w-mo-001', 'w-pr-208', 0.50, 1) ON CONFLICT (word_id, distractor_word_id) DO NOTHING;
INSERT INTO distractors (word_id, distractor_word_id, distance_score, content_version) VALUES ('w-mo-001', 'w-pr-209', 0.50, 1) ON CONFLICT (word_id, distractor_word_id) DO NOTHING;
INSERT INTO distractors (word_id, distractor_word_id, distance_score, content_version) VALUES ('w-mo-001', 'w-pr-016', 0.50, 1) ON CONFLICT (word_id, distractor_word_id) DO NOTHING;
INSERT INTO distractors (word_id, distractor_word_id, distance_score, content_version) VALUES ('w-mo-002', 'w-pr-041', 0.50, 1) ON CONFLICT (word_id, distractor_word_id) DO NOTHING;
INSERT INTO distractors (word_id, distractor_word_id, distance_score, content_version) VALUES ('w-mo-002', 'w-pr-049', 0.50, 1) ON CONFLICT (word_id, distractor_word_id) DO NOTHING;
INSERT INTO distractors (word_id, distractor_word_id, distance_score, content_version) VALUES ('w-mo-003', 'w-pr-022', 0.50, 1) ON CONFLICT (word_id, distractor_word_id) DO NOTHING;
INSERT INTO distractors (word_id, distractor_word_id, distance_score, content_version) VALUES ('w-mo-003', 'w-pr-020', 0.50, 1) ON CONFLICT (word_id, distractor_word_id) DO NOTHING;
INSERT INTO distractors (word_id, distractor_word_id, distance_score, content_version) VALUES ('w-mo-003', 'w-pr-023', 0.50, 1) ON CONFLICT (word_id, distractor_word_id) DO NOTHING;
INSERT INTO distractors (word_id, distractor_word_id, distance_score, content_version) VALUES ('w-mo-004', 'w-mo-006', 0.50, 1) ON CONFLICT (word_id, distractor_word_id) DO NOTHING;
INSERT INTO distractors (word_id, distractor_word_id, distance_score, content_version) VALUES ('w-mo-005', 'w-pr-024', 0.50, 1) ON CONFLICT (word_id, distractor_word_id) DO NOTHING;
INSERT INTO distractors (word_id, distractor_word_id, distance_score, content_version) VALUES ('w-mo-006', 'w-mo-004', 0.50, 1) ON CONFLICT (word_id, distractor_word_id) DO NOTHING;
INSERT INTO distractors (word_id, distractor_word_id, distance_score, content_version) VALUES ('w-mo-008', 'w-mo-009', 0.50, 1) ON CONFLICT (word_id, distractor_word_id) DO NOTHING;
INSERT INTO distractors (word_id, distractor_word_id, distance_score, content_version) VALUES ('w-mo-009', 'w-mo-008', 0.50, 1) ON CONFLICT (word_id, distractor_word_id) DO NOTHING;
INSERT INTO distractors (word_id, distractor_word_id, distance_score, content_version) VALUES ('w-mo-011', 'w-mo-012', 0.50, 1) ON CONFLICT (word_id, distractor_word_id) DO NOTHING;
INSERT INTO distractors (word_id, distractor_word_id, distance_score, content_version) VALUES ('w-mo-011', 'w-mo-013', 0.50, 1) ON CONFLICT (word_id, distractor_word_id) DO NOTHING;
INSERT INTO distractors (word_id, distractor_word_id, distance_score, content_version) VALUES ('w-mo-012', 'w-mo-011', 0.50, 1) ON CONFLICT (word_id, distractor_word_id) DO NOTHING;
INSERT INTO distractors (word_id, distractor_word_id, distance_score, content_version) VALUES ('w-mo-012', 'w-mo-013', 0.50, 1) ON CONFLICT (word_id, distractor_word_id) DO NOTHING;
INSERT INTO distractors (word_id, distractor_word_id, distance_score, content_version) VALUES ('w-mo-012', 'w-cal-020', 0.50, 1) ON CONFLICT (word_id, distractor_word_id) DO NOTHING;
INSERT INTO distractors (word_id, distractor_word_id, distance_score, content_version) VALUES ('w-mo-013', 'w-mo-011', 0.50, 1) ON CONFLICT (word_id, distractor_word_id) DO NOTHING;
INSERT INTO distractors (word_id, distractor_word_id, distance_score, content_version) VALUES ('w-mo-013', 'w-mo-012', 0.50, 1) ON CONFLICT (word_id, distractor_word_id) DO NOTHING;
INSERT INTO distractors (word_id, distractor_word_id, distance_score, content_version) VALUES ('w-mo-014', 'w-mo-018', 0.50, 1) ON CONFLICT (word_id, distractor_word_id) DO NOTHING;
INSERT INTO distractors (word_id, distractor_word_id, distance_score, content_version) VALUES ('w-mo-014', 'w-tv-046', 0.50, 1) ON CONFLICT (word_id, distractor_word_id) DO NOTHING;
INSERT INTO distractors (word_id, distractor_word_id, distance_score, content_version) VALUES ('w-mo-014', 'w-pr-208', 0.50, 1) ON CONFLICT (word_id, distractor_word_id) DO NOTHING;
INSERT INTO distractors (word_id, distractor_word_id, distance_score, content_version) VALUES ('w-mo-017', 'w-kd-040', 0.50, 1) ON CONFLICT (word_id, distractor_word_id) DO NOTHING;
INSERT INTO distractors (word_id, distractor_word_id, distance_score, content_version) VALUES ('w-mo-018', 'w-mo-014', 0.50, 1) ON CONFLICT (word_id, distractor_word_id) DO NOTHING;
INSERT INTO distractors (word_id, distractor_word_id, distance_score, content_version) VALUES ('w-mo-019', 'w-mo-020', 0.50, 1) ON CONFLICT (word_id, distractor_word_id) DO NOTHING;
INSERT INTO distractors (word_id, distractor_word_id, distance_score, content_version) VALUES ('w-mo-020', 'w-mo-019', 0.50, 1) ON CONFLICT (word_id, distractor_word_id) DO NOTHING;
INSERT INTO distractors (word_id, distractor_word_id, distance_score, content_version) VALUES ('w-mo-022', 'w-st-016', 0.50, 1) ON CONFLICT (word_id, distractor_word_id) DO NOTHING;
INSERT INTO distractors (word_id, distractor_word_id, distance_score, content_version) VALUES ('w-mo-023', 'w-kp-027', 0.50, 1) ON CONFLICT (word_id, distractor_word_id) DO NOTHING;
INSERT INTO distractors (word_id, distractor_word_id, distance_score, content_version) VALUES ('w-mo-023', 'w-pr-152', 0.50, 1) ON CONFLICT (word_id, distractor_word_id) DO NOTHING;
INSERT INTO distractors (word_id, distractor_word_id, distance_score, content_version) VALUES ('w-mo-027', 'w-mo-029', 0.50, 1) ON CONFLICT (word_id, distractor_word_id) DO NOTHING;
INSERT INTO distractors (word_id, distractor_word_id, distance_score, content_version) VALUES ('w-mo-030', 'w-pr-083', 0.50, 1) ON CONFLICT (word_id, distractor_word_id) DO NOTHING;
INSERT INTO distractors (word_id, distractor_word_id, distance_score, content_version) VALUES ('w-mo-032', 'w-mo-033', 0.50, 1) ON CONFLICT (word_id, distractor_word_id) DO NOTHING;
INSERT INTO distractors (word_id, distractor_word_id, distance_score, content_version) VALUES ('w-mo-033', 'w-mo-032', 0.50, 1) ON CONFLICT (word_id, distractor_word_id) DO NOTHING;
INSERT INTO distractors (word_id, distractor_word_id, distance_score, content_version) VALUES ('w-mo-034', 'w-st-042', 0.50, 1) ON CONFLICT (word_id, distractor_word_id) DO NOTHING;
INSERT INTO distractors (word_id, distractor_word_id, distance_score, content_version) VALUES ('w-mo-034', 'w-kp-007', 0.50, 1) ON CONFLICT (word_id, distractor_word_id) DO NOTHING;
INSERT INTO distractors (word_id, distractor_word_id, distance_score, content_version) VALUES ('w-mo-037', 'w-num-010', 0.50, 1) ON CONFLICT (word_id, distractor_word_id) DO NOTHING;
INSERT INTO distractors (word_id, distractor_word_id, distance_score, content_version) VALUES ('w-mo-040', 'w-vrb-008', 0.50, 1) ON CONFLICT (word_id, distractor_word_id) DO NOTHING;
INSERT INTO distractors (word_id, distractor_word_id, distance_score, content_version) VALUES ('w-mo-041', 'w-mo-042', 0.50, 1) ON CONFLICT (word_id, distractor_word_id) DO NOTHING;
INSERT INTO distractors (word_id, distractor_word_id, distance_score, content_version) VALUES ('w-mo-041', 'w-kp-007', 0.50, 1) ON CONFLICT (word_id, distractor_word_id) DO NOTHING;
INSERT INTO distractors (word_id, distractor_word_id, distance_score, content_version) VALUES ('w-mo-042', 'w-st-042', 0.50, 1) ON CONFLICT (word_id, distractor_word_id) DO NOTHING;
INSERT INTO distractors (word_id, distractor_word_id, distance_score, content_version) VALUES ('w-mo-043', 'w-tv-041', 0.50, 1) ON CONFLICT (word_id, distractor_word_id) DO NOTHING;
INSERT INTO distractors (word_id, distractor_word_id, distance_score, content_version) VALUES ('w-mo-044', 'w-tv-033', 0.50, 1) ON CONFLICT (word_id, distractor_word_id) DO NOTHING;
INSERT INTO distractors (word_id, distractor_word_id, distance_score, content_version) VALUES ('w-mo-046', 'w-pr-193', 0.50, 1) ON CONFLICT (word_id, distractor_word_id) DO NOTHING;
INSERT INTO distractors (word_id, distractor_word_id, distance_score, content_version) VALUES ('w-mo-046', 'w-pr-194', 0.50, 1) ON CONFLICT (word_id, distractor_word_id) DO NOTHING;
INSERT INTO distractors (word_id, distractor_word_id, distance_score, content_version) VALUES ('w-mo-047', 'w-adj-022', 0.50, 1) ON CONFLICT (word_id, distractor_word_id) DO NOTHING;
INSERT INTO distractors (word_id, distractor_word_id, distance_score, content_version) VALUES ('w-mo-047', 'w-emo-016', 0.50, 1) ON CONFLICT (word_id, distractor_word_id) DO NOTHING;
INSERT INTO distractors (word_id, distractor_word_id, distance_score, content_version) VALUES ('w-mo-048', 'w-kp-035', 0.50, 1) ON CONFLICT (word_id, distractor_word_id) DO NOTHING;
INSERT INTO distractors (word_id, distractor_word_id, distance_score, content_version) VALUES ('w-mo-048', 'w-st-043', 0.50, 1) ON CONFLICT (word_id, distractor_word_id) DO NOTHING;
INSERT INTO distractors (word_id, distractor_word_id, distance_score, content_version) VALUES ('w-pr-001', 'w-pr-002', 0.50, 1) ON CONFLICT (word_id, distractor_word_id) DO NOTHING;
INSERT INTO distractors (word_id, distractor_word_id, distance_score, content_version) VALUES ('w-pr-001', 'w-pr-012', 0.50, 1) ON CONFLICT (word_id, distractor_word_id) DO NOTHING;
INSERT INTO distractors (word_id, distractor_word_id, distance_score, content_version) VALUES ('w-pr-001', 'w-pr-013', 0.50, 1) ON CONFLICT (word_id, distractor_word_id) DO NOTHING;
INSERT INTO distractors (word_id, distractor_word_id, distance_score, content_version) VALUES ('w-pr-002', 'w-pr-003', 0.50, 1) ON CONFLICT (word_id, distractor_word_id) DO NOTHING;
INSERT INTO distractors (word_id, distractor_word_id, distance_score, content_version) VALUES ('w-pr-002', 'w-pr-001', 0.50, 1) ON CONFLICT (word_id, distractor_word_id) DO NOTHING;
INSERT INTO distractors (word_id, distractor_word_id, distance_score, content_version) VALUES ('w-pr-002', 'w-pr-004', 0.50, 1) ON CONFLICT (word_id, distractor_word_id) DO NOTHING;
INSERT INTO distractors (word_id, distractor_word_id, distance_score, content_version) VALUES ('w-pr-003', 'w-pr-002', 0.50, 1) ON CONFLICT (word_id, distractor_word_id) DO NOTHING;
INSERT INTO distractors (word_id, distractor_word_id, distance_score, content_version) VALUES ('w-pr-003', 'w-pr-004', 0.50, 1) ON CONFLICT (word_id, distractor_word_id) DO NOTHING;
INSERT INTO distractors (word_id, distractor_word_id, distance_score, content_version) VALUES ('w-pr-003', 'w-pr-001', 0.50, 1) ON CONFLICT (word_id, distractor_word_id) DO NOTHING;
INSERT INTO distractors (word_id, distractor_word_id, distance_score, content_version) VALUES ('w-pr-004', 'w-pr-003', 0.50, 1) ON CONFLICT (word_id, distractor_word_id) DO NOTHING;
INSERT INTO distractors (word_id, distractor_word_id, distance_score, content_version) VALUES ('w-pr-004', 'w-pr-005', 0.50, 1) ON CONFLICT (word_id, distractor_word_id) DO NOTHING;
INSERT INTO distractors (word_id, distractor_word_id, distance_score, content_version) VALUES ('w-pr-004', 'w-pr-001', 0.50, 1) ON CONFLICT (word_id, distractor_word_id) DO NOTHING;
INSERT INTO distractors (word_id, distractor_word_id, distance_score, content_version) VALUES ('w-pr-005', 'w-pr-004', 0.50, 1) ON CONFLICT (word_id, distractor_word_id) DO NOTHING;
INSERT INTO distractors (word_id, distractor_word_id, distance_score, content_version) VALUES ('w-pr-005', 'w-pr-006', 0.50, 1) ON CONFLICT (word_id, distractor_word_id) DO NOTHING;
INSERT INTO distractors (word_id, distractor_word_id, distance_score, content_version) VALUES ('w-pr-005', 'w-pr-012', 0.50, 1) ON CONFLICT (word_id, distractor_word_id) DO NOTHING;
INSERT INTO distractors (word_id, distractor_word_id, distance_score, content_version) VALUES ('w-pr-006', 'w-pr-007', 0.50, 1) ON CONFLICT (word_id, distractor_word_id) DO NOTHING;
INSERT INTO distractors (word_id, distractor_word_id, distance_score, content_version) VALUES ('w-pr-006', 'w-pr-005', 0.50, 1) ON CONFLICT (word_id, distractor_word_id) DO NOTHING;
INSERT INTO distractors (word_id, distractor_word_id, distance_score, content_version) VALUES ('w-pr-006', 'w-pr-012', 0.50, 1) ON CONFLICT (word_id, distractor_word_id) DO NOTHING;
INSERT INTO distractors (word_id, distractor_word_id, distance_score, content_version) VALUES ('w-pr-007', 'w-pr-006', 0.50, 1) ON CONFLICT (word_id, distractor_word_id) DO NOTHING;
INSERT INTO distractors (word_id, distractor_word_id, distance_score, content_version) VALUES ('w-pr-007', 'w-pr-012', 0.50, 1) ON CONFLICT (word_id, distractor_word_id) DO NOTHING;
INSERT INTO distractors (word_id, distractor_word_id, distance_score, content_version) VALUES ('w-pr-008', 'w-pr-009', 0.50, 1) ON CONFLICT (word_id, distractor_word_id) DO NOTHING;
INSERT INTO distractors (word_id, distractor_word_id, distance_score, content_version) VALUES ('w-pr-008', 'w-pr-010', 0.50, 1) ON CONFLICT (word_id, distractor_word_id) DO NOTHING;
INSERT INTO distractors (word_id, distractor_word_id, distance_score, content_version) VALUES ('w-pr-008', 'w-pr-011', 0.50, 1) ON CONFLICT (word_id, distractor_word_id) DO NOTHING;
INSERT INTO distractors (word_id, distractor_word_id, distance_score, content_version) VALUES ('w-pr-009', 'w-pr-008', 0.50, 1) ON CONFLICT (word_id, distractor_word_id) DO NOTHING;
INSERT INTO distractors (word_id, distractor_word_id, distance_score, content_version) VALUES ('w-pr-009', 'w-pr-010', 0.50, 1) ON CONFLICT (word_id, distractor_word_id) DO NOTHING;
INSERT INTO distractors (word_id, distractor_word_id, distance_score, content_version) VALUES ('w-pr-010', 'w-pr-009', 0.50, 1) ON CONFLICT (word_id, distractor_word_id) DO NOTHING;
INSERT INTO distractors (word_id, distractor_word_id, distance_score, content_version) VALUES ('w-pr-010', 'w-pr-008', 0.50, 1) ON CONFLICT (word_id, distractor_word_id) DO NOTHING;
INSERT INTO distractors (word_id, distractor_word_id, distance_score, content_version) VALUES ('w-pr-011', 'w-pr-008', 0.50, 1) ON CONFLICT (word_id, distractor_word_id) DO NOTHING;
INSERT INTO distractors (word_id, distractor_word_id, distance_score, content_version) VALUES ('w-pr-011', 'w-pr-213', 0.50, 1) ON CONFLICT (word_id, distractor_word_id) DO NOTHING;
INSERT INTO distractors (word_id, distractor_word_id, distance_score, content_version) VALUES ('w-pr-012', 'w-pr-013', 0.50, 1) ON CONFLICT (word_id, distractor_word_id) DO NOTHING;
INSERT INTO distractors (word_id, distractor_word_id, distance_score, content_version) VALUES ('w-pr-012', 'w-pr-066', 0.50, 1) ON CONFLICT (word_id, distractor_word_id) DO NOTHING;
INSERT INTO distractors (word_id, distractor_word_id, distance_score, content_version) VALUES ('w-pr-013', 'w-pr-012', 0.50, 1) ON CONFLICT (word_id, distractor_word_id) DO NOTHING;
INSERT INTO distractors (word_id, distractor_word_id, distance_score, content_version) VALUES ('w-pr-014', 'w-pr-015', 0.50, 1) ON CONFLICT (word_id, distractor_word_id) DO NOTHING;
INSERT INTO distractors (word_id, distractor_word_id, distance_score, content_version) VALUES ('w-pr-015', 'w-pr-014', 0.50, 1) ON CONFLICT (word_id, distractor_word_id) DO NOTHING;
INSERT INTO distractors (word_id, distractor_word_id, distance_score, content_version) VALUES ('w-pr-015', 'w-pr-138', 0.50, 1) ON CONFLICT (word_id, distractor_word_id) DO NOTHING;
INSERT INTO distractors (word_id, distractor_word_id, distance_score, content_version) VALUES ('w-pr-016', 'w-pr-017', 0.50, 1) ON CONFLICT (word_id, distractor_word_id) DO NOTHING;
INSERT INTO distractors (word_id, distractor_word_id, distance_score, content_version) VALUES ('w-pr-016', 'w-pr-018', 0.50, 1) ON CONFLICT (word_id, distractor_word_id) DO NOTHING;
INSERT INTO distractors (word_id, distractor_word_id, distance_score, content_version) VALUES ('w-pr-016', 'w-pr-019', 0.50, 1) ON CONFLICT (word_id, distractor_word_id) DO NOTHING;
INSERT INTO distractors (word_id, distractor_word_id, distance_score, content_version) VALUES ('w-pr-017', 'w-pr-016', 0.50, 1) ON CONFLICT (word_id, distractor_word_id) DO NOTHING;
INSERT INTO distractors (word_id, distractor_word_id, distance_score, content_version) VALUES ('w-pr-017', 'w-pr-019', 0.50, 1) ON CONFLICT (word_id, distractor_word_id) DO NOTHING;
INSERT INTO distractors (word_id, distractor_word_id, distance_score, content_version) VALUES ('w-pr-017', 'w-mo-005', 0.50, 1) ON CONFLICT (word_id, distractor_word_id) DO NOTHING;
INSERT INTO distractors (word_id, distractor_word_id, distance_score, content_version) VALUES ('w-pr-018', 'w-pr-016', 0.50, 1) ON CONFLICT (word_id, distractor_word_id) DO NOTHING;
INSERT INTO distractors (word_id, distractor_word_id, distance_score, content_version) VALUES ('w-pr-018', 'w-pr-019', 0.50, 1) ON CONFLICT (word_id, distractor_word_id) DO NOTHING;
INSERT INTO distractors (word_id, distractor_word_id, distance_score, content_version) VALUES ('w-pr-018', 'w-pr-017', 0.50, 1) ON CONFLICT (word_id, distractor_word_id) DO NOTHING;
INSERT INTO distractors (word_id, distractor_word_id, distance_score, content_version) VALUES ('w-pr-019', 'w-pr-017', 0.50, 1) ON CONFLICT (word_id, distractor_word_id) DO NOTHING;
INSERT INTO distractors (word_id, distractor_word_id, distance_score, content_version) VALUES ('w-pr-019', 'w-pr-016', 0.50, 1) ON CONFLICT (word_id, distractor_word_id) DO NOTHING;
INSERT INTO distractors (word_id, distractor_word_id, distance_score, content_version) VALUES ('w-pr-019', 'w-pr-074', 0.50, 1) ON CONFLICT (word_id, distractor_word_id) DO NOTHING;
INSERT INTO distractors (word_id, distractor_word_id, distance_score, content_version) VALUES ('w-pr-020', 'w-pr-021', 0.50, 1) ON CONFLICT (word_id, distractor_word_id) DO NOTHING;
INSERT INTO distractors (word_id, distractor_word_id, distance_score, content_version) VALUES ('w-pr-020', 'w-pr-022', 0.50, 1) ON CONFLICT (word_id, distractor_word_id) DO NOTHING;
INSERT INTO distractors (word_id, distractor_word_id, distance_score, content_version) VALUES ('w-pr-020', 'w-pr-023', 0.50, 1) ON CONFLICT (word_id, distractor_word_id) DO NOTHING;
INSERT INTO distractors (word_id, distractor_word_id, distance_score, content_version) VALUES ('w-pr-021', 'w-pr-020', 0.50, 1) ON CONFLICT (word_id, distractor_word_id) DO NOTHING;
INSERT INTO distractors (word_id, distractor_word_id, distance_score, content_version) VALUES ('w-pr-021', 'w-pr-022', 0.50, 1) ON CONFLICT (word_id, distractor_word_id) DO NOTHING;
INSERT INTO distractors (word_id, distractor_word_id, distance_score, content_version) VALUES ('w-pr-021', 'w-pr-023', 0.50, 1) ON CONFLICT (word_id, distractor_word_id) DO NOTHING;
INSERT INTO distractors (word_id, distractor_word_id, distance_score, content_version) VALUES ('w-pr-022', 'w-pr-020', 0.50, 1) ON CONFLICT (word_id, distractor_word_id) DO NOTHING;
INSERT INTO distractors (word_id, distractor_word_id, distance_score, content_version) VALUES ('w-pr-022', 'w-pr-023', 0.50, 1) ON CONFLICT (word_id, distractor_word_id) DO NOTHING;
INSERT INTO distractors (word_id, distractor_word_id, distance_score, content_version) VALUES ('w-pr-022', 'w-pr-021', 0.50, 1) ON CONFLICT (word_id, distractor_word_id) DO NOTHING;
INSERT INTO distractors (word_id, distractor_word_id, distance_score, content_version) VALUES ('w-pr-023', 'w-pr-022', 0.50, 1) ON CONFLICT (word_id, distractor_word_id) DO NOTHING;
INSERT INTO distractors (word_id, distractor_word_id, distance_score, content_version) VALUES ('w-pr-023', 'w-pr-021', 0.50, 1) ON CONFLICT (word_id, distractor_word_id) DO NOTHING;
INSERT INTO distractors (word_id, distractor_word_id, distance_score, content_version) VALUES ('w-pr-024', 'w-pr-074', 0.50, 1) ON CONFLICT (word_id, distractor_word_id) DO NOTHING;
INSERT INTO distractors (word_id, distractor_word_id, distance_score, content_version) VALUES ('w-pr-024', 'w-pr-026', 0.50, 1) ON CONFLICT (word_id, distractor_word_id) DO NOTHING;
INSERT INTO distractors (word_id, distractor_word_id, distance_score, content_version) VALUES ('w-pr-024', 'w-sea-015', 0.50, 1) ON CONFLICT (word_id, distractor_word_id) DO NOTHING;
INSERT INTO distractors (word_id, distractor_word_id, distance_score, content_version) VALUES ('w-pr-025', 'w-pr-024', 0.50, 1) ON CONFLICT (word_id, distractor_word_id) DO NOTHING;
INSERT INTO distractors (word_id, distractor_word_id, distance_score, content_version) VALUES ('w-pr-025', 'w-pr-026', 0.50, 1) ON CONFLICT (word_id, distractor_word_id) DO NOTHING;
INSERT INTO distractors (word_id, distractor_word_id, distance_score, content_version) VALUES ('w-pr-026', 'w-pr-024', 0.50, 1) ON CONFLICT (word_id, distractor_word_id) DO NOTHING;
INSERT INTO distractors (word_id, distractor_word_id, distance_score, content_version) VALUES ('w-pr-026', 'w-sea-015', 0.50, 1) ON CONFLICT (word_id, distractor_word_id) DO NOTHING;
INSERT INTO distractors (word_id, distractor_word_id, distance_score, content_version) VALUES ('w-pr-027', 'w-pr-024', 0.50, 1) ON CONFLICT (word_id, distractor_word_id) DO NOTHING;
INSERT INTO distractors (word_id, distractor_word_id, distance_score, content_version) VALUES ('w-pr-027', 'w-sea-015', 0.50, 1) ON CONFLICT (word_id, distractor_word_id) DO NOTHING;
INSERT INTO distractors (word_id, distractor_word_id, distance_score, content_version) VALUES ('w-pr-028', 'w-kp-037', 0.50, 1) ON CONFLICT (word_id, distractor_word_id) DO NOTHING;
INSERT INTO distractors (word_id, distractor_word_id, distance_score, content_version) VALUES ('w-pr-028', 'w-st-043', 0.50, 1) ON CONFLICT (word_id, distractor_word_id) DO NOTHING;
INSERT INTO distractors (word_id, distractor_word_id, distance_score, content_version) VALUES ('w-pr-029', 'w-pr-030', 0.50, 1) ON CONFLICT (word_id, distractor_word_id) DO NOTHING;
INSERT INTO distractors (word_id, distractor_word_id, distance_score, content_version) VALUES ('w-pr-030', 'w-pr-029', 0.50, 1) ON CONFLICT (word_id, distractor_word_id) DO NOTHING;
INSERT INTO distractors (word_id, distractor_word_id, distance_score, content_version) VALUES ('w-pr-030', 'w-kp-037', 0.50, 1) ON CONFLICT (word_id, distractor_word_id) DO NOTHING;
INSERT INTO distractors (word_id, distractor_word_id, distance_score, content_version) VALUES ('w-pr-032', 'w-pr-028', 0.50, 1) ON CONFLICT (word_id, distractor_word_id) DO NOTHING;
INSERT INTO distractors (word_id, distractor_word_id, distance_score, content_version) VALUES ('w-pr-032', 'w-pr-039', 0.50, 1) ON CONFLICT (word_id, distractor_word_id) DO NOTHING;
INSERT INTO distractors (word_id, distractor_word_id, distance_score, content_version) VALUES ('w-pr-034', 'w-pr-028', 0.50, 1) ON CONFLICT (word_id, distractor_word_id) DO NOTHING;
INSERT INTO distractors (word_id, distractor_word_id, distance_score, content_version) VALUES ('w-pr-036', 'w-pr-037', 0.50, 1) ON CONFLICT (word_id, distractor_word_id) DO NOTHING;
INSERT INTO distractors (word_id, distractor_word_id, distance_score, content_version) VALUES ('w-pr-036', 'w-pr-078', 0.50, 1) ON CONFLICT (word_id, distractor_word_id) DO NOTHING;
INSERT INTO distractors (word_id, distractor_word_id, distance_score, content_version) VALUES ('w-pr-037', 'w-pr-036', 0.50, 1) ON CONFLICT (word_id, distractor_word_id) DO NOTHING;
INSERT INTO distractors (word_id, distractor_word_id, distance_score, content_version) VALUES ('w-pr-037', 'w-pr-078', 0.50, 1) ON CONFLICT (word_id, distractor_word_id) DO NOTHING;
INSERT INTO distractors (word_id, distractor_word_id, distance_score, content_version) VALUES ('w-pr-038', 'w-kp-039', 0.50, 1) ON CONFLICT (word_id, distractor_word_id) DO NOTHING;
INSERT INTO distractors (word_id, distractor_word_id, distance_score, content_version) VALUES ('w-pr-038', 'w-pr-029', 0.50, 1) ON CONFLICT (word_id, distractor_word_id) DO NOTHING;
INSERT INTO distractors (word_id, distractor_word_id, distance_score, content_version) VALUES ('w-pr-038', 'w-kp-033', 0.50, 1) ON CONFLICT (word_id, distractor_word_id) DO NOTHING;
INSERT INTO distractors (word_id, distractor_word_id, distance_score, content_version) VALUES ('w-pr-039', 'w-pr-032', 0.50, 1) ON CONFLICT (word_id, distractor_word_id) DO NOTHING;
INSERT INTO distractors (word_id, distractor_word_id, distance_score, content_version) VALUES ('w-pr-039', 'w-pr-028', 0.50, 1) ON CONFLICT (word_id, distractor_word_id) DO NOTHING;
INSERT INTO distractors (word_id, distractor_word_id, distance_score, content_version) VALUES ('w-pr-040', 'w-pr-041', 0.50, 1) ON CONFLICT (word_id, distractor_word_id) DO NOTHING;
INSERT INTO distractors (word_id, distractor_word_id, distance_score, content_version) VALUES ('w-pr-041', 'w-pr-040', 0.50, 1) ON CONFLICT (word_id, distractor_word_id) DO NOTHING;
INSERT INTO distractors (word_id, distractor_word_id, distance_score, content_version) VALUES ('w-pr-041', 'w-pr-042', 0.50, 1) ON CONFLICT (word_id, distractor_word_id) DO NOTHING;
INSERT INTO distractors (word_id, distractor_word_id, distance_score, content_version) VALUES ('w-pr-042', 'w-pr-041', 0.50, 1) ON CONFLICT (word_id, distractor_word_id) DO NOTHING;
INSERT INTO distractors (word_id, distractor_word_id, distance_score, content_version) VALUES ('w-pr-042', 'w-pr-049', 0.50, 1) ON CONFLICT (word_id, distractor_word_id) DO NOTHING;
INSERT INTO distractors (word_id, distractor_word_id, distance_score, content_version) VALUES ('w-pr-045', 'w-kd-042', 0.50, 1) ON CONFLICT (word_id, distractor_word_id) DO NOTHING;
INSERT INTO distractors (word_id, distractor_word_id, distance_score, content_version) VALUES ('w-pr-045', 'w-kd-041', 0.50, 1) ON CONFLICT (word_id, distractor_word_id) DO NOTHING;
INSERT INTO distractors (word_id, distractor_word_id, distance_score, content_version) VALUES ('w-pr-045', 'w-st-018', 0.50, 1) ON CONFLICT (word_id, distractor_word_id) DO NOTHING;
INSERT INTO distractors (word_id, distractor_word_id, distance_score, content_version) VALUES ('w-pr-047', 'w-kp-049', 0.50, 1) ON CONFLICT (word_id, distractor_word_id) DO NOTHING;
INSERT INTO distractors (word_id, distractor_word_id, distance_score, content_version) VALUES ('w-pr-047', 'w-kp-029', 0.50, 1) ON CONFLICT (word_id, distractor_word_id) DO NOTHING;
INSERT INTO distractors (word_id, distractor_word_id, distance_score, content_version) VALUES ('w-pr-048', 'w-kp-013', 0.50, 1) ON CONFLICT (word_id, distractor_word_id) DO NOTHING;
INSERT INTO distractors (word_id, distractor_word_id, distance_score, content_version) VALUES ('w-pr-048', 'w-kp-023', 0.50, 1) ON CONFLICT (word_id, distractor_word_id) DO NOTHING;
INSERT INTO distractors (word_id, distractor_word_id, distance_score, content_version) VALUES ('w-pr-049', 'w-tv-031', 0.50, 1) ON CONFLICT (word_id, distractor_word_id) DO NOTHING;
INSERT INTO distractors (word_id, distractor_word_id, distance_score, content_version) VALUES ('w-pr-049', 'w-pr-066', 0.50, 1) ON CONFLICT (word_id, distractor_word_id) DO NOTHING;
INSERT INTO distractors (word_id, distractor_word_id, distance_score, content_version) VALUES ('w-pr-050', 'w-pr-283', 0.50, 1) ON CONFLICT (word_id, distractor_word_id) DO NOTHING;
INSERT INTO distractors (word_id, distractor_word_id, distance_score, content_version) VALUES ('w-pr-050', 'w-pr-287', 0.50, 1) ON CONFLICT (word_id, distractor_word_id) DO NOTHING;
INSERT INTO distractors (word_id, distractor_word_id, distance_score, content_version) VALUES ('w-pr-051', 'w-kd-058', 0.50, 1) ON CONFLICT (word_id, distractor_word_id) DO NOTHING;
INSERT INTO distractors (word_id, distractor_word_id, distance_score, content_version) VALUES ('w-pr-051', 'w-kd-040', 0.50, 1) ON CONFLICT (word_id, distractor_word_id) DO NOTHING;
INSERT INTO distractors (word_id, distractor_word_id, distance_score, content_version) VALUES ('w-pr-052', 'w-pr-055', 0.50, 1) ON CONFLICT (word_id, distractor_word_id) DO NOTHING;
INSERT INTO distractors (word_id, distractor_word_id, distance_score, content_version) VALUES ('w-pr-053', 'w-pr-054', 0.50, 1) ON CONFLICT (word_id, distractor_word_id) DO NOTHING;
INSERT INTO distractors (word_id, distractor_word_id, distance_score, content_version) VALUES ('w-pr-054', 'w-pr-053', 0.50, 1) ON CONFLICT (word_id, distractor_word_id) DO NOTHING;
INSERT INTO distractors (word_id, distractor_word_id, distance_score, content_version) VALUES ('w-pr-054', 'w-pr-055', 0.50, 1) ON CONFLICT (word_id, distractor_word_id) DO NOTHING;
INSERT INTO distractors (word_id, distractor_word_id, distance_score, content_version) VALUES ('w-pr-055', 'w-kp-030', 0.50, 1) ON CONFLICT (word_id, distractor_word_id) DO NOTHING;
INSERT INTO distractors (word_id, distractor_word_id, distance_score, content_version) VALUES ('w-pr-055', 'w-pr-052', 0.50, 1) ON CONFLICT (word_id, distractor_word_id) DO NOTHING;
INSERT INTO distractors (word_id, distractor_word_id, distance_score, content_version) VALUES ('w-pr-055', 'w-pr-054', 0.50, 1) ON CONFLICT (word_id, distractor_word_id) DO NOTHING;
INSERT INTO distractors (word_id, distractor_word_id, distance_score, content_version) VALUES ('w-pr-056', 'w-pr-057', 0.50, 1) ON CONFLICT (word_id, distractor_word_id) DO NOTHING;
INSERT INTO distractors (word_id, distractor_word_id, distance_score, content_version) VALUES ('w-pr-056', 'w-pr-044', 0.50, 1) ON CONFLICT (word_id, distractor_word_id) DO NOTHING;
INSERT INTO distractors (word_id, distractor_word_id, distance_score, content_version) VALUES ('w-pr-057', 'w-pr-044', 0.50, 1) ON CONFLICT (word_id, distractor_word_id) DO NOTHING;
INSERT INTO distractors (word_id, distractor_word_id, distance_score, content_version) VALUES ('w-pr-057', 'w-pr-056', 0.50, 1) ON CONFLICT (word_id, distractor_word_id) DO NOTHING;
INSERT INTO distractors (word_id, distractor_word_id, distance_score, content_version) VALUES ('w-pr-059', 'w-pr-060', 0.50, 1) ON CONFLICT (word_id, distractor_word_id) DO NOTHING;
INSERT INTO distractors (word_id, distractor_word_id, distance_score, content_version) VALUES ('w-pr-059', 'w-kd-008', 0.50, 1) ON CONFLICT (word_id, distractor_word_id) DO NOTHING;
INSERT INTO distractors (word_id, distractor_word_id, distance_score, content_version) VALUES ('w-pr-060', 'w-pr-059', 0.50, 1) ON CONFLICT (word_id, distractor_word_id) DO NOTHING;
INSERT INTO distractors (word_id, distractor_word_id, distance_score, content_version) VALUES ('w-pr-061', 'w-pr-051', 0.50, 1) ON CONFLICT (word_id, distractor_word_id) DO NOTHING;
INSERT INTO distractors (word_id, distractor_word_id, distance_score, content_version) VALUES ('w-pr-061', 'w-kp-004', 0.50, 1) ON CONFLICT (word_id, distractor_word_id) DO NOTHING;
INSERT INTO distractors (word_id, distractor_word_id, distance_score, content_version) VALUES ('w-pr-062', 'w-pr-063', 0.50, 1) ON CONFLICT (word_id, distractor_word_id) DO NOTHING;
INSERT INTO distractors (word_id, distractor_word_id, distance_score, content_version) VALUES ('w-pr-062', 'w-kd-043', 0.50, 1) ON CONFLICT (word_id, distractor_word_id) DO NOTHING;
INSERT INTO distractors (word_id, distractor_word_id, distance_score, content_version) VALUES ('w-pr-063', 'w-pr-062', 0.50, 1) ON CONFLICT (word_id, distractor_word_id) DO NOTHING;
INSERT INTO distractors (word_id, distractor_word_id, distance_score, content_version) VALUES ('w-pr-063', 'w-pr-066', 0.50, 1) ON CONFLICT (word_id, distractor_word_id) DO NOTHING;
INSERT INTO distractors (word_id, distractor_word_id, distance_score, content_version) VALUES ('w-pr-064', 'w-kd-040', 0.50, 1) ON CONFLICT (word_id, distractor_word_id) DO NOTHING;
INSERT INTO distractors (word_id, distractor_word_id, distance_score, content_version) VALUES ('w-pr-065', 'w-pr-259', 0.50, 1) ON CONFLICT (word_id, distractor_word_id) DO NOTHING;
INSERT INTO distractors (word_id, distractor_word_id, distance_score, content_version) VALUES ('w-pr-065', 'w-mo-032', 0.50, 1) ON CONFLICT (word_id, distractor_word_id) DO NOTHING;
INSERT INTO distractors (word_id, distractor_word_id, distance_score, content_version) VALUES ('w-pr-066', 'w-pr-012', 0.50, 1) ON CONFLICT (word_id, distractor_word_id) DO NOTHING;
INSERT INTO distractors (word_id, distractor_word_id, distance_score, content_version) VALUES ('w-pr-066', 'w-pr-049', 0.50, 1) ON CONFLICT (word_id, distractor_word_id) DO NOTHING;
INSERT INTO distractors (word_id, distractor_word_id, distance_score, content_version) VALUES ('w-pr-067', 'w-pr-062', 0.50, 1) ON CONFLICT (word_id, distractor_word_id) DO NOTHING;
INSERT INTO distractors (word_id, distractor_word_id, distance_score, content_version) VALUES ('w-pr-067', 'w-pr-063', 0.50, 1) ON CONFLICT (word_id, distractor_word_id) DO NOTHING;
INSERT INTO distractors (word_id, distractor_word_id, distance_score, content_version) VALUES ('w-pr-068', 'w-st-042', 0.50, 1) ON CONFLICT (word_id, distractor_word_id) DO NOTHING;
INSERT INTO distractors (word_id, distractor_word_id, distance_score, content_version) VALUES ('w-pr-068', 'w-pr-182', 0.50, 1) ON CONFLICT (word_id, distractor_word_id) DO NOTHING;
INSERT INTO distractors (word_id, distractor_word_id, distance_score, content_version) VALUES ('w-pr-072', 'w-pr-073', 0.50, 1) ON CONFLICT (word_id, distractor_word_id) DO NOTHING;
INSERT INTO distractors (word_id, distractor_word_id, distance_score, content_version) VALUES ('w-pr-072', 'w-bod-009', 0.50, 1) ON CONFLICT (word_id, distractor_word_id) DO NOTHING;
INSERT INTO distractors (word_id, distractor_word_id, distance_score, content_version) VALUES ('w-pr-072', 'w-pr-074', 0.50, 1) ON CONFLICT (word_id, distractor_word_id) DO NOTHING;
INSERT INTO distractors (word_id, distractor_word_id, distance_score, content_version) VALUES ('w-pr-073', 'w-pr-072', 0.50, 1) ON CONFLICT (word_id, distractor_word_id) DO NOTHING;
INSERT INTO distractors (word_id, distractor_word_id, distance_score, content_version) VALUES ('w-pr-073', 'w-pr-074', 0.50, 1) ON CONFLICT (word_id, distractor_word_id) DO NOTHING;
INSERT INTO distractors (word_id, distractor_word_id, distance_score, content_version) VALUES ('w-pr-073', 'w-bod-006', 0.50, 1) ON CONFLICT (word_id, distractor_word_id) DO NOTHING;
INSERT INTO distractors (word_id, distractor_word_id, distance_score, content_version) VALUES ('w-pr-074', 'w-bod-007', 0.50, 1) ON CONFLICT (word_id, distractor_word_id) DO NOTHING;
INSERT INTO distractors (word_id, distractor_word_id, distance_score, content_version) VALUES ('w-pr-074', 'w-bod-005', 0.50, 1) ON CONFLICT (word_id, distractor_word_id) DO NOTHING;
INSERT INTO distractors (word_id, distractor_word_id, distance_score, content_version) VALUES ('w-pr-074', 'w-bod-006', 0.50, 1) ON CONFLICT (word_id, distractor_word_id) DO NOTHING;
INSERT INTO distractors (word_id, distractor_word_id, distance_score, content_version) VALUES ('w-pr-075', 'w-pr-076', 0.50, 1) ON CONFLICT (word_id, distractor_word_id) DO NOTHING;
INSERT INTO distractors (word_id, distractor_word_id, distance_score, content_version) VALUES ('w-pr-075', 'w-bod-011', 0.50, 1) ON CONFLICT (word_id, distractor_word_id) DO NOTHING;
INSERT INTO distractors (word_id, distractor_word_id, distance_score, content_version) VALUES ('w-pr-075', 'w-bod-013', 0.50, 1) ON CONFLICT (word_id, distractor_word_id) DO NOTHING;
INSERT INTO distractors (word_id, distractor_word_id, distance_score, content_version) VALUES ('w-pr-076', 'w-pr-075', 0.50, 1) ON CONFLICT (word_id, distractor_word_id) DO NOTHING;
INSERT INTO distractors (word_id, distractor_word_id, distance_score, content_version) VALUES ('w-pr-076', 'w-bod-014', 0.50, 1) ON CONFLICT (word_id, distractor_word_id) DO NOTHING;
INSERT INTO distractors (word_id, distractor_word_id, distance_score, content_version) VALUES ('w-pr-077', 'w-pr-078', 0.50, 1) ON CONFLICT (word_id, distractor_word_id) DO NOTHING;
INSERT INTO distractors (word_id, distractor_word_id, distance_score, content_version) VALUES ('w-pr-077', 'w-st-006', 0.50, 1) ON CONFLICT (word_id, distractor_word_id) DO NOTHING;
INSERT INTO distractors (word_id, distractor_word_id, distance_score, content_version) VALUES ('w-pr-078', 'w-pr-077', 0.50, 1) ON CONFLICT (word_id, distractor_word_id) DO NOTHING;
INSERT INTO distractors (word_id, distractor_word_id, distance_score, content_version) VALUES ('w-pr-079', 'w-pr-074', 0.50, 1) ON CONFLICT (word_id, distractor_word_id) DO NOTHING;
INSERT INTO distractors (word_id, distractor_word_id, distance_score, content_version) VALUES ('w-pr-080', 'w-bod-001', 0.50, 1) ON CONFLICT (word_id, distractor_word_id) DO NOTHING;
INSERT INTO distractors (word_id, distractor_word_id, distance_score, content_version) VALUES ('w-pr-080', 'w-pr-081', 0.50, 1) ON CONFLICT (word_id, distractor_word_id) DO NOTHING;
INSERT INTO distractors (word_id, distractor_word_id, distance_score, content_version) VALUES ('w-pr-081', 'w-pr-080', 0.50, 1) ON CONFLICT (word_id, distractor_word_id) DO NOTHING;
INSERT INTO distractors (word_id, distractor_word_id, distance_score, content_version) VALUES ('w-pr-082', 'w-pr-083', 0.50, 1) ON CONFLICT (word_id, distractor_word_id) DO NOTHING;
INSERT INTO distractors (word_id, distractor_word_id, distance_score, content_version) VALUES ('w-pr-083', 'w-pr-084', 0.50, 1) ON CONFLICT (word_id, distractor_word_id) DO NOTHING;
INSERT INTO distractors (word_id, distractor_word_id, distance_score, content_version) VALUES ('w-pr-084', 'w-pr-083', 0.50, 1) ON CONFLICT (word_id, distractor_word_id) DO NOTHING;
INSERT INTO distractors (word_id, distractor_word_id, distance_score, content_version) VALUES ('w-pr-085', 'w-mo-027', 0.50, 1) ON CONFLICT (word_id, distractor_word_id) DO NOTHING;
INSERT INTO distractors (word_id, distractor_word_id, distance_score, content_version) VALUES ('w-pr-086', 'w-mo-033', 0.50, 1) ON CONFLICT (word_id, distractor_word_id) DO NOTHING;
INSERT INTO distractors (word_id, distractor_word_id, distance_score, content_version) VALUES ('w-pr-087', 'w-pr-082', 0.50, 1) ON CONFLICT (word_id, distractor_word_id) DO NOTHING;
INSERT INTO distractors (word_id, distractor_word_id, distance_score, content_version) VALUES ('w-pr-089', 'w-pr-083', 0.50, 1) ON CONFLICT (word_id, distractor_word_id) DO NOTHING;
INSERT INTO distractors (word_id, distractor_word_id, distance_score, content_version) VALUES ('w-pr-089', 'w-pr-255', 0.50, 1) ON CONFLICT (word_id, distractor_word_id) DO NOTHING;
INSERT INTO distractors (word_id, distractor_word_id, distance_score, content_version) VALUES ('w-pr-091', 'w-st-043', 0.50, 1) ON CONFLICT (word_id, distractor_word_id) DO NOTHING;
INSERT INTO distractors (word_id, distractor_word_id, distance_score, content_version) VALUES ('w-pr-092', 'w-pr-091', 0.50, 1) ON CONFLICT (word_id, distractor_word_id) DO NOTHING;
INSERT INTO distractors (word_id, distractor_word_id, distance_score, content_version) VALUES ('w-pr-093', 'w-pr-094', 0.50, 1) ON CONFLICT (word_id, distractor_word_id) DO NOTHING;
INSERT INTO distractors (word_id, distractor_word_id, distance_score, content_version) VALUES ('w-pr-093', 'w-kp-034', 0.50, 1) ON CONFLICT (word_id, distractor_word_id) DO NOTHING;
INSERT INTO distractors (word_id, distractor_word_id, distance_score, content_version) VALUES ('w-pr-094', 'w-pr-093', 0.50, 1) ON CONFLICT (word_id, distractor_word_id) DO NOTHING;
INSERT INTO distractors (word_id, distractor_word_id, distance_score, content_version) VALUES ('w-pr-094', 'w-kp-034', 0.50, 1) ON CONFLICT (word_id, distractor_word_id) DO NOTHING;
INSERT INTO distractors (word_id, distractor_word_id, distance_score, content_version) VALUES ('w-pr-095', 'w-pr-096', 0.50, 1) ON CONFLICT (word_id, distractor_word_id) DO NOTHING;
INSERT INTO distractors (word_id, distractor_word_id, distance_score, content_version) VALUES ('w-pr-096', 'w-pr-095', 0.50, 1) ON CONFLICT (word_id, distractor_word_id) DO NOTHING;
INSERT INTO distractors (word_id, distractor_word_id, distance_score, content_version) VALUES ('w-pr-097', 'w-tv-058', 0.50, 1) ON CONFLICT (word_id, distractor_word_id) DO NOTHING;
INSERT INTO distractors (word_id, distractor_word_id, distance_score, content_version) VALUES ('w-pr-098', 'w-pr-099', 0.50, 1) ON CONFLICT (word_id, distractor_word_id) DO NOTHING;
INSERT INTO distractors (word_id, distractor_word_id, distance_score, content_version) VALUES ('w-pr-098', 'w-st-043', 0.50, 1) ON CONFLICT (word_id, distractor_word_id) DO NOTHING;
INSERT INTO distractors (word_id, distractor_word_id, distance_score, content_version) VALUES ('w-pr-099', 'w-pr-098', 0.50, 1) ON CONFLICT (word_id, distractor_word_id) DO NOTHING;
INSERT INTO distractors (word_id, distractor_word_id, distance_score, content_version) VALUES ('w-pr-099', 'w-st-043', 0.50, 1) ON CONFLICT (word_id, distractor_word_id) DO NOTHING;
INSERT INTO distractors (word_id, distractor_word_id, distance_score, content_version) VALUES ('w-pr-100', 'w-kp-040', 0.50, 1) ON CONFLICT (word_id, distractor_word_id) DO NOTHING;
INSERT INTO distractors (word_id, distractor_word_id, distance_score, content_version) VALUES ('w-pr-100', 'w-kp-037', 0.50, 1) ON CONFLICT (word_id, distractor_word_id) DO NOTHING;
INSERT INTO distractors (word_id, distractor_word_id, distance_score, content_version) VALUES ('w-pr-101', 'w-pr-102', 0.50, 1) ON CONFLICT (word_id, distractor_word_id) DO NOTHING;
INSERT INTO distractors (word_id, distractor_word_id, distance_score, content_version) VALUES ('w-pr-101', 'w-pr-103', 0.50, 1) ON CONFLICT (word_id, distractor_word_id) DO NOTHING;
INSERT INTO distractors (word_id, distractor_word_id, distance_score, content_version) VALUES ('w-pr-101', 'w-pr-105', 0.50, 1) ON CONFLICT (word_id, distractor_word_id) DO NOTHING;
INSERT INTO distractors (word_id, distractor_word_id, distance_score, content_version) VALUES ('w-pr-102', 'w-pr-101', 0.50, 1) ON CONFLICT (word_id, distractor_word_id) DO NOTHING;
INSERT INTO distractors (word_id, distractor_word_id, distance_score, content_version) VALUES ('w-pr-102', 'w-pr-104', 0.50, 1) ON CONFLICT (word_id, distractor_word_id) DO NOTHING;
INSERT INTO distractors (word_id, distractor_word_id, distance_score, content_version) VALUES ('w-pr-102', 'w-col-013', 0.50, 1) ON CONFLICT (word_id, distractor_word_id) DO NOTHING;
INSERT INTO distractors (word_id, distractor_word_id, distance_score, content_version) VALUES ('w-pr-103', 'w-col-010', 0.50, 1) ON CONFLICT (word_id, distractor_word_id) DO NOTHING;
INSERT INTO distractors (word_id, distractor_word_id, distance_score, content_version) VALUES ('w-pr-103', 'w-pr-101', 0.50, 1) ON CONFLICT (word_id, distractor_word_id) DO NOTHING;
INSERT INTO distractors (word_id, distractor_word_id, distance_score, content_version) VALUES ('w-pr-104', 'w-pr-102', 0.50, 1) ON CONFLICT (word_id, distractor_word_id) DO NOTHING;
INSERT INTO distractors (word_id, distractor_word_id, distance_score, content_version) VALUES ('w-pr-104', 'w-col-011', 0.50, 1) ON CONFLICT (word_id, distractor_word_id) DO NOTHING;
INSERT INTO distractors (word_id, distractor_word_id, distance_score, content_version) VALUES ('w-pr-105', 'w-pr-106', 0.50, 1) ON CONFLICT (word_id, distractor_word_id) DO NOTHING;
INSERT INTO distractors (word_id, distractor_word_id, distance_score, content_version) VALUES ('w-pr-105', 'w-pr-107', 0.50, 1) ON CONFLICT (word_id, distractor_word_id) DO NOTHING;
INSERT INTO distractors (word_id, distractor_word_id, distance_score, content_version) VALUES ('w-pr-105', 'w-col-011', 0.50, 1) ON CONFLICT (word_id, distractor_word_id) DO NOTHING;
INSERT INTO distractors (word_id, distractor_word_id, distance_score, content_version) VALUES ('w-pr-106', 'w-pr-105', 0.50, 1) ON CONFLICT (word_id, distractor_word_id) DO NOTHING;
INSERT INTO distractors (word_id, distractor_word_id, distance_score, content_version) VALUES ('w-pr-106', 'w-pr-107', 0.50, 1) ON CONFLICT (word_id, distractor_word_id) DO NOTHING;
INSERT INTO distractors (word_id, distractor_word_id, distance_score, content_version) VALUES ('w-pr-107', 'w-pr-105', 0.50, 1) ON CONFLICT (word_id, distractor_word_id) DO NOTHING;
INSERT INTO distractors (word_id, distractor_word_id, distance_score, content_version) VALUES ('w-pr-107', 'w-pr-106', 0.50, 1) ON CONFLICT (word_id, distractor_word_id) DO NOTHING;
INSERT INTO distractors (word_id, distractor_word_id, distance_score, content_version) VALUES ('w-pr-107', 'w-col-011', 0.50, 1) ON CONFLICT (word_id, distractor_word_id) DO NOTHING;
INSERT INTO distractors (word_id, distractor_word_id, distance_score, content_version) VALUES ('w-pr-109', 'w-col-014', 0.50, 1) ON CONFLICT (word_id, distractor_word_id) DO NOTHING;
INSERT INTO distractors (word_id, distractor_word_id, distance_score, content_version) VALUES ('w-pr-109', 'w-col-016', 0.50, 1) ON CONFLICT (word_id, distractor_word_id) DO NOTHING;
INSERT INTO distractors (word_id, distractor_word_id, distance_score, content_version) VALUES ('w-pr-110', 'w-col-001', 0.50, 1) ON CONFLICT (word_id, distractor_word_id) DO NOTHING;
INSERT INTO distractors (word_id, distractor_word_id, distance_score, content_version) VALUES ('w-pr-111', 'w-pr-112', 0.50, 1) ON CONFLICT (word_id, distractor_word_id) DO NOTHING;
INSERT INTO distractors (word_id, distractor_word_id, distance_score, content_version) VALUES ('w-pr-111', 'w-pr-114', 0.50, 1) ON CONFLICT (word_id, distractor_word_id) DO NOTHING;
INSERT INTO distractors (word_id, distractor_word_id, distance_score, content_version) VALUES ('w-pr-111', 'w-pr-113', 0.50, 1) ON CONFLICT (word_id, distractor_word_id) DO NOTHING;
INSERT INTO distractors (word_id, distractor_word_id, distance_score, content_version) VALUES ('w-pr-112', 'w-pr-111', 0.50, 1) ON CONFLICT (word_id, distractor_word_id) DO NOTHING;
INSERT INTO distractors (word_id, distractor_word_id, distance_score, content_version) VALUES ('w-pr-112', 'w-pr-114', 0.50, 1) ON CONFLICT (word_id, distractor_word_id) DO NOTHING;
INSERT INTO distractors (word_id, distractor_word_id, distance_score, content_version) VALUES ('w-pr-112', 'w-pr-196', 0.50, 1) ON CONFLICT (word_id, distractor_word_id) DO NOTHING;
INSERT INTO distractors (word_id, distractor_word_id, distance_score, content_version) VALUES ('w-pr-113', 'w-pr-193', 0.50, 1) ON CONFLICT (word_id, distractor_word_id) DO NOTHING;
INSERT INTO distractors (word_id, distractor_word_id, distance_score, content_version) VALUES ('w-pr-113', 'w-pr-111', 0.50, 1) ON CONFLICT (word_id, distractor_word_id) DO NOTHING;
INSERT INTO distractors (word_id, distractor_word_id, distance_score, content_version) VALUES ('w-pr-113', 'w-pr-195', 0.50, 1) ON CONFLICT (word_id, distractor_word_id) DO NOTHING;
INSERT INTO distractors (word_id, distractor_word_id, distance_score, content_version) VALUES ('w-pr-114', 'w-pr-112', 0.50, 1) ON CONFLICT (word_id, distractor_word_id) DO NOTHING;
INSERT INTO distractors (word_id, distractor_word_id, distance_score, content_version) VALUES ('w-pr-114', 'w-pr-111', 0.50, 1) ON CONFLICT (word_id, distractor_word_id) DO NOTHING;
INSERT INTO distractors (word_id, distractor_word_id, distance_score, content_version) VALUES ('w-pr-114', 'w-pr-196', 0.50, 1) ON CONFLICT (word_id, distractor_word_id) DO NOTHING;
INSERT INTO distractors (word_id, distractor_word_id, distance_score, content_version) VALUES ('w-pr-115', 'w-pr-137', 0.50, 1) ON CONFLICT (word_id, distractor_word_id) DO NOTHING;
INSERT INTO distractors (word_id, distractor_word_id, distance_score, content_version) VALUES ('w-pr-115', 'w-pr-138', 0.50, 1) ON CONFLICT (word_id, distractor_word_id) DO NOTHING;
INSERT INTO distractors (word_id, distractor_word_id, distance_score, content_version) VALUES ('w-pr-116', 'w-pr-112', 0.50, 1) ON CONFLICT (word_id, distractor_word_id) DO NOTHING;
INSERT INTO distractors (word_id, distractor_word_id, distance_score, content_version) VALUES ('w-pr-116', 'w-pr-117', 0.50, 1) ON CONFLICT (word_id, distractor_word_id) DO NOTHING;
INSERT INTO distractors (word_id, distractor_word_id, distance_score, content_version) VALUES ('w-pr-117', 'w-pr-116', 0.50, 1) ON CONFLICT (word_id, distractor_word_id) DO NOTHING;
INSERT INTO distractors (word_id, distractor_word_id, distance_score, content_version) VALUES ('w-pr-117', 'w-pr-112', 0.50, 1) ON CONFLICT (word_id, distractor_word_id) DO NOTHING;
INSERT INTO distractors (word_id, distractor_word_id, distance_score, content_version) VALUES ('w-pr-118', 'w-pr-119', 0.50, 1) ON CONFLICT (word_id, distractor_word_id) DO NOTHING;
INSERT INTO distractors (word_id, distractor_word_id, distance_score, content_version) VALUES ('w-pr-118', 'w-st-045', 0.50, 1) ON CONFLICT (word_id, distractor_word_id) DO NOTHING;
INSERT INTO distractors (word_id, distractor_word_id, distance_score, content_version) VALUES ('w-pr-119', 'w-pr-118', 0.50, 1) ON CONFLICT (word_id, distractor_word_id) DO NOTHING;
INSERT INTO distractors (word_id, distractor_word_id, distance_score, content_version) VALUES ('w-pr-119', 'w-st-045', 0.50, 1) ON CONFLICT (word_id, distractor_word_id) DO NOTHING;
INSERT INTO distractors (word_id, distractor_word_id, distance_score, content_version) VALUES ('w-pr-121', 'w-pr-122', 0.50, 1) ON CONFLICT (word_id, distractor_word_id) DO NOTHING;
INSERT INTO distractors (word_id, distractor_word_id, distance_score, content_version) VALUES ('w-pr-121', 'w-pr-125', 0.50, 1) ON CONFLICT (word_id, distractor_word_id) DO NOTHING;
INSERT INTO distractors (word_id, distractor_word_id, distance_score, content_version) VALUES ('w-pr-121', 'w-pr-124', 0.50, 1) ON CONFLICT (word_id, distractor_word_id) DO NOTHING;
INSERT INTO distractors (word_id, distractor_word_id, distance_score, content_version) VALUES ('w-pr-122', 'w-pr-121', 0.50, 1) ON CONFLICT (word_id, distractor_word_id) DO NOTHING;
INSERT INTO distractors (word_id, distractor_word_id, distance_score, content_version) VALUES ('w-pr-122', 'w-pr-123', 0.50, 1) ON CONFLICT (word_id, distractor_word_id) DO NOTHING;
INSERT INTO distractors (word_id, distractor_word_id, distance_score, content_version) VALUES ('w-pr-122', 'w-hom-021', 0.50, 1) ON CONFLICT (word_id, distractor_word_id) DO NOTHING;
INSERT INTO distractors (word_id, distractor_word_id, distance_score, content_version) VALUES ('w-pr-123', 'w-pr-124', 0.50, 1) ON CONFLICT (word_id, distractor_word_id) DO NOTHING;
INSERT INTO distractors (word_id, distractor_word_id, distance_score, content_version) VALUES ('w-pr-123', 'w-pr-125', 0.50, 1) ON CONFLICT (word_id, distractor_word_id) DO NOTHING;
INSERT INTO distractors (word_id, distractor_word_id, distance_score, content_version) VALUES ('w-pr-124', 'w-pr-123', 0.50, 1) ON CONFLICT (word_id, distractor_word_id) DO NOTHING;
INSERT INTO distractors (word_id, distractor_word_id, distance_score, content_version) VALUES ('w-pr-124', 'w-pr-125', 0.50, 1) ON CONFLICT (word_id, distractor_word_id) DO NOTHING;
INSERT INTO distractors (word_id, distractor_word_id, distance_score, content_version) VALUES ('w-pr-124', 'w-pr-121', 0.50, 1) ON CONFLICT (word_id, distractor_word_id) DO NOTHING;
INSERT INTO distractors (word_id, distractor_word_id, distance_score, content_version) VALUES ('w-pr-125', 'w-pr-123', 0.50, 1) ON CONFLICT (word_id, distractor_word_id) DO NOTHING;
INSERT INTO distractors (word_id, distractor_word_id, distance_score, content_version) VALUES ('w-pr-125', 'w-pr-124', 0.50, 1) ON CONFLICT (word_id, distractor_word_id) DO NOTHING;
INSERT INTO distractors (word_id, distractor_word_id, distance_score, content_version) VALUES ('w-pr-125', 'w-pr-130', 0.50, 1) ON CONFLICT (word_id, distractor_word_id) DO NOTHING;
INSERT INTO distractors (word_id, distractor_word_id, distance_score, content_version) VALUES ('w-pr-126', 'w-pr-127', 0.50, 1) ON CONFLICT (word_id, distractor_word_id) DO NOTHING;
INSERT INTO distractors (word_id, distractor_word_id, distance_score, content_version) VALUES ('w-pr-126', 'w-pr-121', 0.50, 1) ON CONFLICT (word_id, distractor_word_id) DO NOTHING;
INSERT INTO distractors (word_id, distractor_word_id, distance_score, content_version) VALUES ('w-pr-126', 'w-pr-122', 0.50, 1) ON CONFLICT (word_id, distractor_word_id) DO NOTHING;
INSERT INTO distractors (word_id, distractor_word_id, distance_score, content_version) VALUES ('w-pr-127', 'w-pr-126', 0.50, 1) ON CONFLICT (word_id, distractor_word_id) DO NOTHING;
INSERT INTO distractors (word_id, distractor_word_id, distance_score, content_version) VALUES ('w-pr-127', 'w-kd-047', 0.50, 1) ON CONFLICT (word_id, distractor_word_id) DO NOTHING;
INSERT INTO distractors (word_id, distractor_word_id, distance_score, content_version) VALUES ('w-pr-128', 'w-pr-129', 0.50, 1) ON CONFLICT (word_id, distractor_word_id) DO NOTHING;
INSERT INTO distractors (word_id, distractor_word_id, distance_score, content_version) VALUES ('w-pr-128', 'w-pr-123', 0.50, 1) ON CONFLICT (word_id, distractor_word_id) DO NOTHING;
INSERT INTO distractors (word_id, distractor_word_id, distance_score, content_version) VALUES ('w-pr-128', 'w-pr-124', 0.50, 1) ON CONFLICT (word_id, distractor_word_id) DO NOTHING;
INSERT INTO distractors (word_id, distractor_word_id, distance_score, content_version) VALUES ('w-pr-129', 'w-pr-128', 0.50, 1) ON CONFLICT (word_id, distractor_word_id) DO NOTHING;
INSERT INTO distractors (word_id, distractor_word_id, distance_score, content_version) VALUES ('w-pr-129', 'w-pr-123', 0.50, 1) ON CONFLICT (word_id, distractor_word_id) DO NOTHING;
INSERT INTO distractors (word_id, distractor_word_id, distance_score, content_version) VALUES ('w-pr-129', 'w-pr-124', 0.50, 1) ON CONFLICT (word_id, distractor_word_id) DO NOTHING;
INSERT INTO distractors (word_id, distractor_word_id, distance_score, content_version) VALUES ('w-pr-130', 'w-pr-125', 0.50, 1) ON CONFLICT (word_id, distractor_word_id) DO NOTHING;
INSERT INTO distractors (word_id, distractor_word_id, distance_score, content_version) VALUES ('w-pr-130', 'w-pr-124', 0.50, 1) ON CONFLICT (word_id, distractor_word_id) DO NOTHING;
INSERT INTO distractors (word_id, distractor_word_id, distance_score, content_version) VALUES ('w-pr-131', 'w-pr-132', 0.50, 1) ON CONFLICT (word_id, distractor_word_id) DO NOTHING;
INSERT INTO distractors (word_id, distractor_word_id, distance_score, content_version) VALUES ('w-pr-131', 'w-pr-133', 0.50, 1) ON CONFLICT (word_id, distractor_word_id) DO NOTHING;
INSERT INTO distractors (word_id, distractor_word_id, distance_score, content_version) VALUES ('w-pr-131', 'w-pr-134', 0.50, 1) ON CONFLICT (word_id, distractor_word_id) DO NOTHING;
INSERT INTO distractors (word_id, distractor_word_id, distance_score, content_version) VALUES ('w-pr-132', 'w-pr-133', 0.50, 1) ON CONFLICT (word_id, distractor_word_id) DO NOTHING;
INSERT INTO distractors (word_id, distractor_word_id, distance_score, content_version) VALUES ('w-pr-132', 'w-pr-131', 0.50, 1) ON CONFLICT (word_id, distractor_word_id) DO NOTHING;
INSERT INTO distractors (word_id, distractor_word_id, distance_score, content_version) VALUES ('w-pr-133', 'w-pr-132', 0.50, 1) ON CONFLICT (word_id, distractor_word_id) DO NOTHING;
INSERT INTO distractors (word_id, distractor_word_id, distance_score, content_version) VALUES ('w-pr-133', 'w-pr-131', 0.50, 1) ON CONFLICT (word_id, distractor_word_id) DO NOTHING;
INSERT INTO distractors (word_id, distractor_word_id, distance_score, content_version) VALUES ('w-pr-134', 'w-pr-131', 0.50, 1) ON CONFLICT (word_id, distractor_word_id) DO NOTHING;
INSERT INTO distractors (word_id, distractor_word_id, distance_score, content_version) VALUES ('w-pr-134', 'w-pr-133', 0.50, 1) ON CONFLICT (word_id, distractor_word_id) DO NOTHING;
INSERT INTO distractors (word_id, distractor_word_id, distance_score, content_version) VALUES ('w-pr-134', 'w-pr-197', 0.50, 1) ON CONFLICT (word_id, distractor_word_id) DO NOTHING;
INSERT INTO distractors (word_id, distractor_word_id, distance_score, content_version) VALUES ('w-pr-135', 'w-pr-133', 0.50, 1) ON CONFLICT (word_id, distractor_word_id) DO NOTHING;
INSERT INTO distractors (word_id, distractor_word_id, distance_score, content_version) VALUES ('w-pr-135', 'w-pr-131', 0.50, 1) ON CONFLICT (word_id, distractor_word_id) DO NOTHING;
INSERT INTO distractors (word_id, distractor_word_id, distance_score, content_version) VALUES ('w-pr-136', 'w-pr-137', 0.50, 1) ON CONFLICT (word_id, distractor_word_id) DO NOTHING;
INSERT INTO distractors (word_id, distractor_word_id, distance_score, content_version) VALUES ('w-pr-136', 'w-pr-138', 0.50, 1) ON CONFLICT (word_id, distractor_word_id) DO NOTHING;
INSERT INTO distractors (word_id, distractor_word_id, distance_score, content_version) VALUES ('w-pr-137', 'w-pr-136', 0.50, 1) ON CONFLICT (word_id, distractor_word_id) DO NOTHING;
INSERT INTO distractors (word_id, distractor_word_id, distance_score, content_version) VALUES ('w-pr-137', 'w-pr-138', 0.50, 1) ON CONFLICT (word_id, distractor_word_id) DO NOTHING;
INSERT INTO distractors (word_id, distractor_word_id, distance_score, content_version) VALUES ('w-pr-138', 'w-pr-136', 0.50, 1) ON CONFLICT (word_id, distractor_word_id) DO NOTHING;
INSERT INTO distractors (word_id, distractor_word_id, distance_score, content_version) VALUES ('w-pr-139', 'w-pr-140', 0.50, 1) ON CONFLICT (word_id, distractor_word_id) DO NOTHING;
INSERT INTO distractors (word_id, distractor_word_id, distance_score, content_version) VALUES ('w-pr-139', 'w-pr-141', 0.50, 1) ON CONFLICT (word_id, distractor_word_id) DO NOTHING;
INSERT INTO distractors (word_id, distractor_word_id, distance_score, content_version) VALUES ('w-pr-139', 'w-pr-144', 0.50, 1) ON CONFLICT (word_id, distractor_word_id) DO NOTHING;
INSERT INTO distractors (word_id, distractor_word_id, distance_score, content_version) VALUES ('w-pr-140', 'w-pr-139', 0.50, 1) ON CONFLICT (word_id, distractor_word_id) DO NOTHING;
INSERT INTO distractors (word_id, distractor_word_id, distance_score, content_version) VALUES ('w-pr-140', 'w-pr-141', 0.50, 1) ON CONFLICT (word_id, distractor_word_id) DO NOTHING;
INSERT INTO distractors (word_id, distractor_word_id, distance_score, content_version) VALUES ('w-pr-140', 'w-pr-143', 0.50, 1) ON CONFLICT (word_id, distractor_word_id) DO NOTHING;
INSERT INTO distractors (word_id, distractor_word_id, distance_score, content_version) VALUES ('w-pr-141', 'w-pr-139', 0.50, 1) ON CONFLICT (word_id, distractor_word_id) DO NOTHING;
INSERT INTO distractors (word_id, distractor_word_id, distance_score, content_version) VALUES ('w-pr-141', 'w-pr-142', 0.50, 1) ON CONFLICT (word_id, distractor_word_id) DO NOTHING;
INSERT INTO distractors (word_id, distractor_word_id, distance_score, content_version) VALUES ('w-pr-142', 'w-pr-141', 0.50, 1) ON CONFLICT (word_id, distractor_word_id) DO NOTHING;
INSERT INTO distractors (word_id, distractor_word_id, distance_score, content_version) VALUES ('w-pr-142', 'w-pr-140', 0.50, 1) ON CONFLICT (word_id, distractor_word_id) DO NOTHING;
INSERT INTO distractors (word_id, distractor_word_id, distance_score, content_version) VALUES ('w-pr-143', 'w-pr-140', 0.50, 1) ON CONFLICT (word_id, distractor_word_id) DO NOTHING;
INSERT INTO distractors (word_id, distractor_word_id, distance_score, content_version) VALUES ('w-pr-144', 'w-pr-139', 0.50, 1) ON CONFLICT (word_id, distractor_word_id) DO NOTHING;
INSERT INTO distractors (word_id, distractor_word_id, distance_score, content_version) VALUES ('w-pr-144', 'w-kd-060', 0.50, 1) ON CONFLICT (word_id, distractor_word_id) DO NOTHING;
INSERT INTO distractors (word_id, distractor_word_id, distance_score, content_version) VALUES ('w-pr-144', 'w-pr-148', 0.50, 1) ON CONFLICT (word_id, distractor_word_id) DO NOTHING;
INSERT INTO distractors (word_id, distractor_word_id, distance_score, content_version) VALUES ('w-pr-145', 'w-pr-146', 0.50, 1) ON CONFLICT (word_id, distractor_word_id) DO NOTHING;
INSERT INTO distractors (word_id, distractor_word_id, distance_score, content_version) VALUES ('w-pr-146', 'w-pr-145', 0.50, 1) ON CONFLICT (word_id, distractor_word_id) DO NOTHING;
INSERT INTO distractors (word_id, distractor_word_id, distance_score, content_version) VALUES ('w-pr-146', 'w-pr-147', 0.50, 1) ON CONFLICT (word_id, distractor_word_id) DO NOTHING;
INSERT INTO distractors (word_id, distractor_word_id, distance_score, content_version) VALUES ('w-pr-147', 'w-pr-140', 0.50, 1) ON CONFLICT (word_id, distractor_word_id) DO NOTHING;
INSERT INTO distractors (word_id, distractor_word_id, distance_score, content_version) VALUES ('w-pr-148', 'w-pr-139', 0.50, 1) ON CONFLICT (word_id, distractor_word_id) DO NOTHING;
INSERT INTO distractors (word_id, distractor_word_id, distance_score, content_version) VALUES ('w-pr-148', 'w-pr-144', 0.50, 1) ON CONFLICT (word_id, distractor_word_id) DO NOTHING;
INSERT INTO distractors (word_id, distractor_word_id, distance_score, content_version) VALUES ('w-pr-149', 'w-pr-154', 0.50, 1) ON CONFLICT (word_id, distractor_word_id) DO NOTHING;
INSERT INTO distractors (word_id, distractor_word_id, distance_score, content_version) VALUES ('w-pr-149', 'w-pr-157', 0.50, 1) ON CONFLICT (word_id, distractor_word_id) DO NOTHING;
INSERT INTO distractors (word_id, distractor_word_id, distance_score, content_version) VALUES ('w-pr-149', 'w-pr-156', 0.50, 1) ON CONFLICT (word_id, distractor_word_id) DO NOTHING;
INSERT INTO distractors (word_id, distractor_word_id, distance_score, content_version) VALUES ('w-pr-150', 'w-pr-153', 0.50, 1) ON CONFLICT (word_id, distractor_word_id) DO NOTHING;
INSERT INTO distractors (word_id, distractor_word_id, distance_score, content_version) VALUES ('w-pr-151', 'w-pr-152', 0.50, 1) ON CONFLICT (word_id, distractor_word_id) DO NOTHING;
INSERT INTO distractors (word_id, distractor_word_id, distance_score, content_version) VALUES ('w-pr-152', 'w-pr-151', 0.50, 1) ON CONFLICT (word_id, distractor_word_id) DO NOTHING;
INSERT INTO distractors (word_id, distractor_word_id, distance_score, content_version) VALUES ('w-pr-154', 'w-pr-155', 0.50, 1) ON CONFLICT (word_id, distractor_word_id) DO NOTHING;
INSERT INTO distractors (word_id, distractor_word_id, distance_score, content_version) VALUES ('w-pr-155', 'w-pr-154', 0.50, 1) ON CONFLICT (word_id, distractor_word_id) DO NOTHING;
INSERT INTO distractors (word_id, distractor_word_id, distance_score, content_version) VALUES ('w-pr-156', 'w-pr-157', 0.50, 1) ON CONFLICT (word_id, distractor_word_id) DO NOTHING;
INSERT INTO distractors (word_id, distractor_word_id, distance_score, content_version) VALUES ('w-pr-156', 'w-pr-158', 0.50, 1) ON CONFLICT (word_id, distractor_word_id) DO NOTHING;
INSERT INTO distractors (word_id, distractor_word_id, distance_score, content_version) VALUES ('w-pr-157', 'w-pr-160', 0.50, 1) ON CONFLICT (word_id, distractor_word_id) DO NOTHING;
INSERT INTO distractors (word_id, distractor_word_id, distance_score, content_version) VALUES ('w-pr-158', 'w-pr-156', 0.50, 1) ON CONFLICT (word_id, distractor_word_id) DO NOTHING;
INSERT INTO distractors (word_id, distractor_word_id, distance_score, content_version) VALUES ('w-pr-158', 'w-pr-159', 0.50, 1) ON CONFLICT (word_id, distractor_word_id) DO NOTHING;
INSERT INTO distractors (word_id, distractor_word_id, distance_score, content_version) VALUES ('w-pr-159', 'w-pr-014', 0.50, 1) ON CONFLICT (word_id, distractor_word_id) DO NOTHING;
INSERT INTO distractors (word_id, distractor_word_id, distance_score, content_version) VALUES ('w-pr-160', 'w-pr-157', 0.50, 1) ON CONFLICT (word_id, distractor_word_id) DO NOTHING;
INSERT INTO distractors (word_id, distractor_word_id, distance_score, content_version) VALUES ('w-pr-160', 'w-tv-046', 0.50, 1) ON CONFLICT (word_id, distractor_word_id) DO NOTHING;
INSERT INTO distractors (word_id, distractor_word_id, distance_score, content_version) VALUES ('w-pr-161', 'w-pr-165', 0.50, 1) ON CONFLICT (word_id, distractor_word_id) DO NOTHING;
INSERT INTO distractors (word_id, distractor_word_id, distance_score, content_version) VALUES ('w-pr-161', 'w-pr-162', 0.50, 1) ON CONFLICT (word_id, distractor_word_id) DO NOTHING;
INSERT INTO distractors (word_id, distractor_word_id, distance_score, content_version) VALUES ('w-pr-162', 'w-pr-161', 0.50, 1) ON CONFLICT (word_id, distractor_word_id) DO NOTHING;
INSERT INTO distractors (word_id, distractor_word_id, distance_score, content_version) VALUES ('w-pr-163', 'w-pr-164', 0.50, 1) ON CONFLICT (word_id, distractor_word_id) DO NOTHING;
INSERT INTO distractors (word_id, distractor_word_id, distance_score, content_version) VALUES ('w-pr-164', 'w-pr-163', 0.50, 1) ON CONFLICT (word_id, distractor_word_id) DO NOTHING;
INSERT INTO distractors (word_id, distractor_word_id, distance_score, content_version) VALUES ('w-pr-165', 'w-pr-161', 0.50, 1) ON CONFLICT (word_id, distractor_word_id) DO NOTHING;
INSERT INTO distractors (word_id, distractor_word_id, distance_score, content_version) VALUES ('w-pr-165', 'w-pr-166', 0.50, 1) ON CONFLICT (word_id, distractor_word_id) DO NOTHING;
INSERT INTO distractors (word_id, distractor_word_id, distance_score, content_version) VALUES ('w-pr-166', 'w-pr-165', 0.50, 1) ON CONFLICT (word_id, distractor_word_id) DO NOTHING;
INSERT INTO distractors (word_id, distractor_word_id, distance_score, content_version) VALUES ('w-pr-167', 'w-pr-168', 0.50, 1) ON CONFLICT (word_id, distractor_word_id) DO NOTHING;
INSERT INTO distractors (word_id, distractor_word_id, distance_score, content_version) VALUES ('w-pr-168', 'w-pr-167', 0.50, 1) ON CONFLICT (word_id, distractor_word_id) DO NOTHING;
INSERT INTO distractors (word_id, distractor_word_id, distance_score, content_version) VALUES ('w-pr-168', 'w-pr-169', 0.50, 1) ON CONFLICT (word_id, distractor_word_id) DO NOTHING;
INSERT INTO distractors (word_id, distractor_word_id, distance_score, content_version) VALUES ('w-pr-169', 'w-pr-170', 0.50, 1) ON CONFLICT (word_id, distractor_word_id) DO NOTHING;
INSERT INTO distractors (word_id, distractor_word_id, distance_score, content_version) VALUES ('w-pr-170', 'w-pr-169', 0.50, 1) ON CONFLICT (word_id, distractor_word_id) DO NOTHING;
INSERT INTO distractors (word_id, distractor_word_id, distance_score, content_version) VALUES ('w-pr-171', 'w-pr-229', 0.50, 1) ON CONFLICT (word_id, distractor_word_id) DO NOTHING;
INSERT INTO distractors (word_id, distractor_word_id, distance_score, content_version) VALUES ('w-pr-171', 'w-pr-172', 0.50, 1) ON CONFLICT (word_id, distractor_word_id) DO NOTHING;
INSERT INTO distractors (word_id, distractor_word_id, distance_score, content_version) VALUES ('w-pr-172', 'w-pr-171', 0.50, 1) ON CONFLICT (word_id, distractor_word_id) DO NOTHING;
INSERT INTO distractors (word_id, distractor_word_id, distance_score, content_version) VALUES ('w-pr-172', 'w-pr-230', 0.50, 1) ON CONFLICT (word_id, distractor_word_id) DO NOTHING;
INSERT INTO distractors (word_id, distractor_word_id, distance_score, content_version) VALUES ('w-pr-173', 'w-pr-167', 0.50, 1) ON CONFLICT (word_id, distractor_word_id) DO NOTHING;
INSERT INTO distractors (word_id, distractor_word_id, distance_score, content_version) VALUES ('w-pr-174', 'w-pr-177', 0.50, 1) ON CONFLICT (word_id, distractor_word_id) DO NOTHING;
INSERT INTO distractors (word_id, distractor_word_id, distance_score, content_version) VALUES ('w-pr-174', 'w-pr-178', 0.50, 1) ON CONFLICT (word_id, distractor_word_id) DO NOTHING;
INSERT INTO distractors (word_id, distractor_word_id, distance_score, content_version) VALUES ('w-pr-176', 'w-pr-171', 0.50, 1) ON CONFLICT (word_id, distractor_word_id) DO NOTHING;
INSERT INTO distractors (word_id, distractor_word_id, distance_score, content_version) VALUES ('w-pr-176', 'w-pr-229', 0.50, 1) ON CONFLICT (word_id, distractor_word_id) DO NOTHING;
INSERT INTO distractors (word_id, distractor_word_id, distance_score, content_version) VALUES ('w-pr-177', 'w-pr-174', 0.50, 1) ON CONFLICT (word_id, distractor_word_id) DO NOTHING;
INSERT INTO distractors (word_id, distractor_word_id, distance_score, content_version) VALUES ('w-pr-181', 'w-pr-182', 0.50, 1) ON CONFLICT (word_id, distractor_word_id) DO NOTHING;
INSERT INTO distractors (word_id, distractor_word_id, distance_score, content_version) VALUES ('w-pr-182', 'w-pr-181', 0.50, 1) ON CONFLICT (word_id, distractor_word_id) DO NOTHING;
INSERT INTO distractors (word_id, distractor_word_id, distance_score, content_version) VALUES ('w-pr-182', 'w-pr-183', 0.50, 1) ON CONFLICT (word_id, distractor_word_id) DO NOTHING;
INSERT INTO distractors (word_id, distractor_word_id, distance_score, content_version) VALUES ('w-pr-183', 'w-st-042', 0.50, 1) ON CONFLICT (word_id, distractor_word_id) DO NOTHING;
INSERT INTO distractors (word_id, distractor_word_id, distance_score, content_version) VALUES ('w-pr-183', 'w-pr-181', 0.50, 1) ON CONFLICT (word_id, distractor_word_id) DO NOTHING;
INSERT INTO distractors (word_id, distractor_word_id, distance_score, content_version) VALUES ('w-pr-183', 'w-pr-182', 0.50, 1) ON CONFLICT (word_id, distractor_word_id) DO NOTHING;
INSERT INTO distractors (word_id, distractor_word_id, distance_score, content_version) VALUES ('w-pr-184', 'w-st-042', 0.50, 1) ON CONFLICT (word_id, distractor_word_id) DO NOTHING;
INSERT INTO distractors (word_id, distractor_word_id, distance_score, content_version) VALUES ('w-pr-185', 'w-kd-001', 0.50, 1) ON CONFLICT (word_id, distractor_word_id) DO NOTHING;
INSERT INTO distractors (word_id, distractor_word_id, distance_score, content_version) VALUES ('w-pr-185', 'w-pr-186', 0.50, 1) ON CONFLICT (word_id, distractor_word_id) DO NOTHING;
INSERT INTO distractors (word_id, distractor_word_id, distance_score, content_version) VALUES ('w-pr-186', 'w-kd-002', 0.50, 1) ON CONFLICT (word_id, distractor_word_id) DO NOTHING;
INSERT INTO distractors (word_id, distractor_word_id, distance_score, content_version) VALUES ('w-pr-187', 'w-pr-188', 0.50, 1) ON CONFLICT (word_id, distractor_word_id) DO NOTHING;
INSERT INTO distractors (word_id, distractor_word_id, distance_score, content_version) VALUES ('w-pr-187', 'w-kd-001', 0.50, 1) ON CONFLICT (word_id, distractor_word_id) DO NOTHING;
INSERT INTO distractors (word_id, distractor_word_id, distance_score, content_version) VALUES ('w-pr-188', 'w-pr-187', 0.50, 1) ON CONFLICT (word_id, distractor_word_id) DO NOTHING;
INSERT INTO distractors (word_id, distractor_word_id, distance_score, content_version) VALUES ('w-pr-188', 'w-kd-002', 0.50, 1) ON CONFLICT (word_id, distractor_word_id) DO NOTHING;
INSERT INTO distractors (word_id, distractor_word_id, distance_score, content_version) VALUES ('w-pr-189', 'w-st-042', 0.50, 1) ON CONFLICT (word_id, distractor_word_id) DO NOTHING;
INSERT INTO distractors (word_id, distractor_word_id, distance_score, content_version) VALUES ('w-pr-189', 'w-pr-068', 0.50, 1) ON CONFLICT (word_id, distractor_word_id) DO NOTHING;
INSERT INTO distractors (word_id, distractor_word_id, distance_score, content_version) VALUES ('w-pr-190', 'w-pr-191', 0.50, 1) ON CONFLICT (word_id, distractor_word_id) DO NOTHING;
INSERT INTO distractors (word_id, distractor_word_id, distance_score, content_version) VALUES ('w-pr-191', 'w-pr-190', 0.50, 1) ON CONFLICT (word_id, distractor_word_id) DO NOTHING;
INSERT INTO distractors (word_id, distractor_word_id, distance_score, content_version) VALUES ('w-pr-191', 'w-pr-192', 0.50, 1) ON CONFLICT (word_id, distractor_word_id) DO NOTHING;
INSERT INTO distractors (word_id, distractor_word_id, distance_score, content_version) VALUES ('w-pr-192', 'w-pr-191', 0.50, 1) ON CONFLICT (word_id, distractor_word_id) DO NOTHING;
INSERT INTO distractors (word_id, distractor_word_id, distance_score, content_version) VALUES ('w-pr-193', 'w-pr-194', 0.50, 1) ON CONFLICT (word_id, distractor_word_id) DO NOTHING;
INSERT INTO distractors (word_id, distractor_word_id, distance_score, content_version) VALUES ('w-pr-193', 'w-pr-195', 0.50, 1) ON CONFLICT (word_id, distractor_word_id) DO NOTHING;
INSERT INTO distractors (word_id, distractor_word_id, distance_score, content_version) VALUES ('w-pr-193', 'w-pr-113', 0.50, 1) ON CONFLICT (word_id, distractor_word_id) DO NOTHING;
INSERT INTO distractors (word_id, distractor_word_id, distance_score, content_version) VALUES ('w-pr-194', 'w-pr-193', 0.50, 1) ON CONFLICT (word_id, distractor_word_id) DO NOTHING;
INSERT INTO distractors (word_id, distractor_word_id, distance_score, content_version) VALUES ('w-pr-194', 'w-pr-195', 0.50, 1) ON CONFLICT (word_id, distractor_word_id) DO NOTHING;
INSERT INTO distractors (word_id, distractor_word_id, distance_score, content_version) VALUES ('w-pr-195', 'w-pr-193', 0.50, 1) ON CONFLICT (word_id, distractor_word_id) DO NOTHING;
INSERT INTO distractors (word_id, distractor_word_id, distance_score, content_version) VALUES ('w-pr-195', 'w-pr-111', 0.50, 1) ON CONFLICT (word_id, distractor_word_id) DO NOTHING;
INSERT INTO distractors (word_id, distractor_word_id, distance_score, content_version) VALUES ('w-pr-195', 'w-pr-112', 0.50, 1) ON CONFLICT (word_id, distractor_word_id) DO NOTHING;
INSERT INTO distractors (word_id, distractor_word_id, distance_score, content_version) VALUES ('w-pr-196', 'w-pr-112', 0.50, 1) ON CONFLICT (word_id, distractor_word_id) DO NOTHING;
INSERT INTO distractors (word_id, distractor_word_id, distance_score, content_version) VALUES ('w-pr-196', 'w-pr-114', 0.50, 1) ON CONFLICT (word_id, distractor_word_id) DO NOTHING;
INSERT INTO distractors (word_id, distractor_word_id, distance_score, content_version) VALUES ('w-pr-196', 'w-pr-111', 0.50, 1) ON CONFLICT (word_id, distractor_word_id) DO NOTHING;
INSERT INTO distractors (word_id, distractor_word_id, distance_score, content_version) VALUES ('w-pr-197', 'w-pr-145', 0.50, 1) ON CONFLICT (word_id, distractor_word_id) DO NOTHING;
INSERT INTO distractors (word_id, distractor_word_id, distance_score, content_version) VALUES ('w-pr-198', 'w-pr-193', 0.50, 1) ON CONFLICT (word_id, distractor_word_id) DO NOTHING;
INSERT INTO distractors (word_id, distractor_word_id, distance_score, content_version) VALUES ('w-pr-198', 'w-pr-111', 0.50, 1) ON CONFLICT (word_id, distractor_word_id) DO NOTHING;
INSERT INTO distractors (word_id, distractor_word_id, distance_score, content_version) VALUES ('w-pr-199', 'w-pr-200', 0.50, 1) ON CONFLICT (word_id, distractor_word_id) DO NOTHING;
INSERT INTO distractors (word_id, distractor_word_id, distance_score, content_version) VALUES ('w-pr-199', 'w-pr-112', 0.50, 1) ON CONFLICT (word_id, distractor_word_id) DO NOTHING;
INSERT INTO distractors (word_id, distractor_word_id, distance_score, content_version) VALUES ('w-pr-200', 'w-pr-199', 0.50, 1) ON CONFLICT (word_id, distractor_word_id) DO NOTHING;
INSERT INTO distractors (word_id, distractor_word_id, distance_score, content_version) VALUES ('w-pr-200', 'w-pr-111', 0.50, 1) ON CONFLICT (word_id, distractor_word_id) DO NOTHING;
INSERT INTO distractors (word_id, distractor_word_id, distance_score, content_version) VALUES ('w-pr-200', 'w-pr-114', 0.50, 1) ON CONFLICT (word_id, distractor_word_id) DO NOTHING;
INSERT INTO distractors (word_id, distractor_word_id, distance_score, content_version) VALUES ('w-pr-201', 'w-pr-203', 0.50, 1) ON CONFLICT (word_id, distractor_word_id) DO NOTHING;
INSERT INTO distractors (word_id, distractor_word_id, distance_score, content_version) VALUES ('w-pr-201', 'w-pr-202', 0.50, 1) ON CONFLICT (word_id, distractor_word_id) DO NOTHING;
INSERT INTO distractors (word_id, distractor_word_id, distance_score, content_version) VALUES ('w-pr-202', 'w-pr-203', 0.50, 1) ON CONFLICT (word_id, distractor_word_id) DO NOTHING;
INSERT INTO distractors (word_id, distractor_word_id, distance_score, content_version) VALUES ('w-pr-203', 'w-pr-202', 0.50, 1) ON CONFLICT (word_id, distractor_word_id) DO NOTHING;
INSERT INTO distractors (word_id, distractor_word_id, distance_score, content_version) VALUES ('w-pr-204', 'w-sea-015', 0.50, 1) ON CONFLICT (word_id, distractor_word_id) DO NOTHING;
INSERT INTO distractors (word_id, distractor_word_id, distance_score, content_version) VALUES ('w-pr-204', 'w-pr-205', 0.50, 1) ON CONFLICT (word_id, distractor_word_id) DO NOTHING;
INSERT INTO distractors (word_id, distractor_word_id, distance_score, content_version) VALUES ('w-pr-205', 'w-pr-206', 0.50, 1) ON CONFLICT (word_id, distractor_word_id) DO NOTHING;
INSERT INTO distractors (word_id, distractor_word_id, distance_score, content_version) VALUES ('w-pr-205', 'w-pr-204', 0.50, 1) ON CONFLICT (word_id, distractor_word_id) DO NOTHING;
INSERT INTO distractors (word_id, distractor_word_id, distance_score, content_version) VALUES ('w-pr-206', 'w-pr-207', 0.50, 1) ON CONFLICT (word_id, distractor_word_id) DO NOTHING;
INSERT INTO distractors (word_id, distractor_word_id, distance_score, content_version) VALUES ('w-pr-206', 'w-pr-205', 0.50, 1) ON CONFLICT (word_id, distractor_word_id) DO NOTHING;
INSERT INTO distractors (word_id, distractor_word_id, distance_score, content_version) VALUES ('w-pr-206', 'w-sea-015', 0.50, 1) ON CONFLICT (word_id, distractor_word_id) DO NOTHING;
INSERT INTO distractors (word_id, distractor_word_id, distance_score, content_version) VALUES ('w-pr-207', 'w-pr-206', 0.50, 1) ON CONFLICT (word_id, distractor_word_id) DO NOTHING;
INSERT INTO distractors (word_id, distractor_word_id, distance_score, content_version) VALUES ('w-pr-207', 'w-pr-205', 0.50, 1) ON CONFLICT (word_id, distractor_word_id) DO NOTHING;
INSERT INTO distractors (word_id, distractor_word_id, distance_score, content_version) VALUES ('w-pr-207', 'w-pr-204', 0.50, 1) ON CONFLICT (word_id, distractor_word_id) DO NOTHING;
INSERT INTO distractors (word_id, distractor_word_id, distance_score, content_version) VALUES ('w-pr-208', 'w-pr-209', 0.50, 1) ON CONFLICT (word_id, distractor_word_id) DO NOTHING;
INSERT INTO distractors (word_id, distractor_word_id, distance_score, content_version) VALUES ('w-pr-209', 'w-pr-208', 0.50, 1) ON CONFLICT (word_id, distractor_word_id) DO NOTHING;
INSERT INTO distractors (word_id, distractor_word_id, distance_score, content_version) VALUES ('w-pr-211', 'w-pr-212', 0.50, 1) ON CONFLICT (word_id, distractor_word_id) DO NOTHING;
INSERT INTO distractors (word_id, distractor_word_id, distance_score, content_version) VALUES ('w-pr-212', 'w-pr-211', 0.50, 1) ON CONFLICT (word_id, distractor_word_id) DO NOTHING;
INSERT INTO distractors (word_id, distractor_word_id, distance_score, content_version) VALUES ('w-pr-212', 'w-pr-213', 0.50, 1) ON CONFLICT (word_id, distractor_word_id) DO NOTHING;
INSERT INTO distractors (word_id, distractor_word_id, distance_score, content_version) VALUES ('w-pr-212', 'w-pr-218', 0.50, 1) ON CONFLICT (word_id, distractor_word_id) DO NOTHING;
INSERT INTO distractors (word_id, distractor_word_id, distance_score, content_version) VALUES ('w-pr-213', 'w-pr-209', 0.50, 1) ON CONFLICT (word_id, distractor_word_id) DO NOTHING;
INSERT INTO distractors (word_id, distractor_word_id, distance_score, content_version) VALUES ('w-pr-215', 'w-pr-216', 0.50, 1) ON CONFLICT (word_id, distractor_word_id) DO NOTHING;
INSERT INTO distractors (word_id, distractor_word_id, distance_score, content_version) VALUES ('w-pr-216', 'w-pr-215', 0.50, 1) ON CONFLICT (word_id, distractor_word_id) DO NOTHING;
INSERT INTO distractors (word_id, distractor_word_id, distance_score, content_version) VALUES ('w-pr-219', 'w-pr-220', 0.50, 1) ON CONFLICT (word_id, distractor_word_id) DO NOTHING;
INSERT INTO distractors (word_id, distractor_word_id, distance_score, content_version) VALUES ('w-pr-219', 'w-hom-012', 0.50, 1) ON CONFLICT (word_id, distractor_word_id) DO NOTHING;
INSERT INTO distractors (word_id, distractor_word_id, distance_score, content_version) VALUES ('w-pr-220', 'w-pr-219', 0.50, 1) ON CONFLICT (word_id, distractor_word_id) DO NOTHING;
INSERT INTO distractors (word_id, distractor_word_id, distance_score, content_version) VALUES ('w-pr-221', 'w-pr-222', 0.50, 1) ON CONFLICT (word_id, distractor_word_id) DO NOTHING;
INSERT INTO distractors (word_id, distractor_word_id, distance_score, content_version) VALUES ('w-pr-222', 'w-pr-223', 0.50, 1) ON CONFLICT (word_id, distractor_word_id) DO NOTHING;
INSERT INTO distractors (word_id, distractor_word_id, distance_score, content_version) VALUES ('w-pr-222', 'w-pr-221', 0.50, 1) ON CONFLICT (word_id, distractor_word_id) DO NOTHING;
INSERT INTO distractors (word_id, distractor_word_id, distance_score, content_version) VALUES ('w-pr-223', 'w-pr-222', 0.50, 1) ON CONFLICT (word_id, distractor_word_id) DO NOTHING;
INSERT INTO distractors (word_id, distractor_word_id, distance_score, content_version) VALUES ('w-pr-226', 'w-pr-156', 0.50, 1) ON CONFLICT (word_id, distractor_word_id) DO NOTHING;
INSERT INTO distractors (word_id, distractor_word_id, distance_score, content_version) VALUES ('w-pr-227', 'w-tv-046', 0.50, 1) ON CONFLICT (word_id, distractor_word_id) DO NOTHING;
INSERT INTO distractors (word_id, distractor_word_id, distance_score, content_version) VALUES ('w-pr-227', 'w-pr-223', 0.50, 1) ON CONFLICT (word_id, distractor_word_id) DO NOTHING;
INSERT INTO distractors (word_id, distractor_word_id, distance_score, content_version) VALUES ('w-pr-228', 'w-pr-044', 0.50, 1) ON CONFLICT (word_id, distractor_word_id) DO NOTHING;
INSERT INTO distractors (word_id, distractor_word_id, distance_score, content_version) VALUES ('w-pr-228', 'w-pr-056', 0.50, 1) ON CONFLICT (word_id, distractor_word_id) DO NOTHING;
INSERT INTO distractors (word_id, distractor_word_id, distance_score, content_version) VALUES ('w-pr-229', 'w-pr-230', 0.50, 1) ON CONFLICT (word_id, distractor_word_id) DO NOTHING;
INSERT INTO distractors (word_id, distractor_word_id, distance_score, content_version) VALUES ('w-pr-229', 'w-pr-171', 0.50, 1) ON CONFLICT (word_id, distractor_word_id) DO NOTHING;
INSERT INTO distractors (word_id, distractor_word_id, distance_score, content_version) VALUES ('w-pr-230', 'w-pr-229', 0.50, 1) ON CONFLICT (word_id, distractor_word_id) DO NOTHING;
INSERT INTO distractors (word_id, distractor_word_id, distance_score, content_version) VALUES ('w-pr-230', 'w-pr-172', 0.50, 1) ON CONFLICT (word_id, distractor_word_id) DO NOTHING;
INSERT INTO distractors (word_id, distractor_word_id, distance_score, content_version) VALUES ('w-pr-233', 'w-pr-234', 0.50, 1) ON CONFLICT (word_id, distractor_word_id) DO NOTHING;
INSERT INTO distractors (word_id, distractor_word_id, distance_score, content_version) VALUES ('w-pr-233', 'w-pr-232', 0.50, 1) ON CONFLICT (word_id, distractor_word_id) DO NOTHING;
INSERT INTO distractors (word_id, distractor_word_id, distance_score, content_version) VALUES ('w-pr-234', 'w-pr-233', 0.50, 1) ON CONFLICT (word_id, distractor_word_id) DO NOTHING;
INSERT INTO distractors (word_id, distractor_word_id, distance_score, content_version) VALUES ('w-pr-234', 'w-pr-232', 0.50, 1) ON CONFLICT (word_id, distractor_word_id) DO NOTHING;
INSERT INTO distractors (word_id, distractor_word_id, distance_score, content_version) VALUES ('w-pr-235', 'w-pr-236', 0.50, 1) ON CONFLICT (word_id, distractor_word_id) DO NOTHING;
INSERT INTO distractors (word_id, distractor_word_id, distance_score, content_version) VALUES ('w-pr-236', 'w-pr-235', 0.50, 1) ON CONFLICT (word_id, distractor_word_id) DO NOTHING;
INSERT INTO distractors (word_id, distractor_word_id, distance_score, content_version) VALUES ('w-pr-238', 'w-pr-239', 0.50, 1) ON CONFLICT (word_id, distractor_word_id) DO NOTHING;
INSERT INTO distractors (word_id, distractor_word_id, distance_score, content_version) VALUES ('w-pr-238', 'w-pr-169', 0.50, 1) ON CONFLICT (word_id, distractor_word_id) DO NOTHING;
INSERT INTO distractors (word_id, distractor_word_id, distance_score, content_version) VALUES ('w-pr-239', 'w-pr-238', 0.50, 1) ON CONFLICT (word_id, distractor_word_id) DO NOTHING;
INSERT INTO distractors (word_id, distractor_word_id, distance_score, content_version) VALUES ('w-pr-241', 'w-kd-037', 0.50, 1) ON CONFLICT (word_id, distractor_word_id) DO NOTHING;
INSERT INTO distractors (word_id, distractor_word_id, distance_score, content_version) VALUES ('w-pr-241', 'w-pr-242', 0.50, 1) ON CONFLICT (word_id, distractor_word_id) DO NOTHING;
INSERT INTO distractors (word_id, distractor_word_id, distance_score, content_version) VALUES ('w-pr-242', 'w-pr-241', 0.50, 1) ON CONFLICT (word_id, distractor_word_id) DO NOTHING;
INSERT INTO distractors (word_id, distractor_word_id, distance_score, content_version) VALUES ('w-pr-245', 'w-kd-039', 0.50, 1) ON CONFLICT (word_id, distractor_word_id) DO NOTHING;
INSERT INTO distractors (word_id, distractor_word_id, distance_score, content_version) VALUES ('w-pr-245', 'w-pr-246', 0.50, 1) ON CONFLICT (word_id, distractor_word_id) DO NOTHING;
INSERT INTO distractors (word_id, distractor_word_id, distance_score, content_version) VALUES ('w-pr-246', 'w-kd-039', 0.50, 1) ON CONFLICT (word_id, distractor_word_id) DO NOTHING;
INSERT INTO distractors (word_id, distractor_word_id, distance_score, content_version) VALUES ('w-pr-246', 'w-pr-245', 0.50, 1) ON CONFLICT (word_id, distractor_word_id) DO NOTHING;
INSERT INTO distractors (word_id, distractor_word_id, distance_score, content_version) VALUES ('w-pr-247', 'w-pr-248', 0.50, 1) ON CONFLICT (word_id, distractor_word_id) DO NOTHING;
INSERT INTO distractors (word_id, distractor_word_id, distance_score, content_version) VALUES ('w-pr-247', 'w-pr-249', 0.50, 1) ON CONFLICT (word_id, distractor_word_id) DO NOTHING;
INSERT INTO distractors (word_id, distractor_word_id, distance_score, content_version) VALUES ('w-pr-248', 'w-pr-247', 0.50, 1) ON CONFLICT (word_id, distractor_word_id) DO NOTHING;
INSERT INTO distractors (word_id, distractor_word_id, distance_score, content_version) VALUES ('w-pr-250', 'w-st-013', 0.50, 1) ON CONFLICT (word_id, distractor_word_id) DO NOTHING;
INSERT INTO distractors (word_id, distractor_word_id, distance_score, content_version) VALUES ('w-pr-250', 'w-st-012', 0.50, 1) ON CONFLICT (word_id, distractor_word_id) DO NOTHING;
INSERT INTO distractors (word_id, distractor_word_id, distance_score, content_version) VALUES ('w-pr-251', 'w-kd-012', 0.50, 1) ON CONFLICT (word_id, distractor_word_id) DO NOTHING;
INSERT INTO distractors (word_id, distractor_word_id, distance_score, content_version) VALUES ('w-pr-251', 'w-pr-252', 0.50, 1) ON CONFLICT (word_id, distractor_word_id) DO NOTHING;
INSERT INTO distractors (word_id, distractor_word_id, distance_score, content_version) VALUES ('w-pr-252', 'w-pr-251', 0.50, 1) ON CONFLICT (word_id, distractor_word_id) DO NOTHING;
INSERT INTO distractors (word_id, distractor_word_id, distance_score, content_version) VALUES ('w-pr-252', 'w-pr-064', 0.50, 1) ON CONFLICT (word_id, distractor_word_id) DO NOTHING;
INSERT INTO distractors (word_id, distractor_word_id, distance_score, content_version) VALUES ('w-pr-253', 'w-pr-254', 0.50, 1) ON CONFLICT (word_id, distractor_word_id) DO NOTHING;
INSERT INTO distractors (word_id, distractor_word_id, distance_score, content_version) VALUES ('w-pr-254', 'w-pr-253', 0.50, 1) ON CONFLICT (word_id, distractor_word_id) DO NOTHING;
INSERT INTO distractors (word_id, distractor_word_id, distance_score, content_version) VALUES ('w-pr-255', 'w-pr-089', 0.50, 1) ON CONFLICT (word_id, distractor_word_id) DO NOTHING;
INSERT INTO distractors (word_id, distractor_word_id, distance_score, content_version) VALUES ('w-pr-255', 'w-pr-256', 0.50, 1) ON CONFLICT (word_id, distractor_word_id) DO NOTHING;
INSERT INTO distractors (word_id, distractor_word_id, distance_score, content_version) VALUES ('w-pr-256', 'w-pr-255', 0.50, 1) ON CONFLICT (word_id, distractor_word_id) DO NOTHING;
INSERT INTO distractors (word_id, distractor_word_id, distance_score, content_version) VALUES ('w-pr-256', 'w-tv-038', 0.50, 1) ON CONFLICT (word_id, distractor_word_id) DO NOTHING;
INSERT INTO distractors (word_id, distractor_word_id, distance_score, content_version) VALUES ('w-pr-257', 'w-pr-258', 0.50, 1) ON CONFLICT (word_id, distractor_word_id) DO NOTHING;
INSERT INTO distractors (word_id, distractor_word_id, distance_score, content_version) VALUES ('w-pr-258', 'w-tv-024', 0.50, 1) ON CONFLICT (word_id, distractor_word_id) DO NOTHING;
INSERT INTO distractors (word_id, distractor_word_id, distance_score, content_version) VALUES ('w-pr-259', 'w-pr-065', 0.50, 1) ON CONFLICT (word_id, distractor_word_id) DO NOTHING;
INSERT INTO distractors (word_id, distractor_word_id, distance_score, content_version) VALUES ('w-pr-259', 'w-pr-255', 0.50, 1) ON CONFLICT (word_id, distractor_word_id) DO NOTHING;
INSERT INTO distractors (word_id, distractor_word_id, distance_score, content_version) VALUES ('w-pr-263', 'w-pr-264', 0.50, 1) ON CONFLICT (word_id, distractor_word_id) DO NOTHING;
INSERT INTO distractors (word_id, distractor_word_id, distance_score, content_version) VALUES ('w-pr-264', 'w-pr-263', 0.50, 1) ON CONFLICT (word_id, distractor_word_id) DO NOTHING;
INSERT INTO distractors (word_id, distractor_word_id, distance_score, content_version) VALUES ('w-pr-265', 'w-pr-266', 0.50, 1) ON CONFLICT (word_id, distractor_word_id) DO NOTHING;
INSERT INTO distractors (word_id, distractor_word_id, distance_score, content_version) VALUES ('w-pr-266', 'w-pr-265', 0.50, 1) ON CONFLICT (word_id, distractor_word_id) DO NOTHING;
INSERT INTO distractors (word_id, distractor_word_id, distance_score, content_version) VALUES ('w-pr-267', 'w-pr-268', 0.50, 1) ON CONFLICT (word_id, distractor_word_id) DO NOTHING;
INSERT INTO distractors (word_id, distractor_word_id, distance_score, content_version) VALUES ('w-pr-268', 'w-pr-267', 0.50, 1) ON CONFLICT (word_id, distractor_word_id) DO NOTHING;
INSERT INTO distractors (word_id, distractor_word_id, distance_score, content_version) VALUES ('w-pr-268', 'w-st-046', 0.50, 1) ON CONFLICT (word_id, distractor_word_id) DO NOTHING;
INSERT INTO distractors (word_id, distractor_word_id, distance_score, content_version) VALUES ('w-pr-269', 'w-pr-270', 0.50, 1) ON CONFLICT (word_id, distractor_word_id) DO NOTHING;
INSERT INTO distractors (word_id, distractor_word_id, distance_score, content_version) VALUES ('w-pr-270', 'w-pr-269', 0.50, 1) ON CONFLICT (word_id, distractor_word_id) DO NOTHING;
INSERT INTO distractors (word_id, distractor_word_id, distance_score, content_version) VALUES ('w-pr-270', 'w-tv-057', 0.50, 1) ON CONFLICT (word_id, distractor_word_id) DO NOTHING;
INSERT INTO distractors (word_id, distractor_word_id, distance_score, content_version) VALUES ('w-pr-271', 'w-pr-193', 0.50, 1) ON CONFLICT (word_id, distractor_word_id) DO NOTHING;
INSERT INTO distractors (word_id, distractor_word_id, distance_score, content_version) VALUES ('w-pr-271', 'w-pr-195', 0.50, 1) ON CONFLICT (word_id, distractor_word_id) DO NOTHING;
INSERT INTO distractors (word_id, distractor_word_id, distance_score, content_version) VALUES ('w-pr-271', 'w-pr-112', 0.50, 1) ON CONFLICT (word_id, distractor_word_id) DO NOTHING;
INSERT INTO distractors (word_id, distractor_word_id, distance_score, content_version) VALUES ('w-pr-272', 'w-tv-057', 0.50, 1) ON CONFLICT (word_id, distractor_word_id) DO NOTHING;
INSERT INTO distractors (word_id, distractor_word_id, distance_score, content_version) VALUES ('w-pr-273', 'w-st-043', 0.50, 1) ON CONFLICT (word_id, distractor_word_id) DO NOTHING;
INSERT INTO distractors (word_id, distractor_word_id, distance_score, content_version) VALUES ('w-pr-273', 'w-kp-037', 0.50, 1) ON CONFLICT (word_id, distractor_word_id) DO NOTHING;
INSERT INTO distractors (word_id, distractor_word_id, distance_score, content_version) VALUES ('w-pr-274', 'w-pr-275', 0.50, 1) ON CONFLICT (word_id, distractor_word_id) DO NOTHING;
INSERT INTO distractors (word_id, distractor_word_id, distance_score, content_version) VALUES ('w-pr-275', 'w-pr-274', 0.50, 1) ON CONFLICT (word_id, distractor_word_id) DO NOTHING;
INSERT INTO distractors (word_id, distractor_word_id, distance_score, content_version) VALUES ('w-pr-276', 'w-pr-277', 0.50, 1) ON CONFLICT (word_id, distractor_word_id) DO NOTHING;
INSERT INTO distractors (word_id, distractor_word_id, distance_score, content_version) VALUES ('w-pr-277', 'w-pr-276', 0.50, 1) ON CONFLICT (word_id, distractor_word_id) DO NOTHING;
INSERT INTO distractors (word_id, distractor_word_id, distance_score, content_version) VALUES ('w-pr-278', 'w-pr-116', 0.50, 1) ON CONFLICT (word_id, distractor_word_id) DO NOTHING;
INSERT INTO distractors (word_id, distractor_word_id, distance_score, content_version) VALUES ('w-pr-279', 'w-pr-280', 0.50, 1) ON CONFLICT (word_id, distractor_word_id) DO NOTHING;
INSERT INTO distractors (word_id, distractor_word_id, distance_score, content_version) VALUES ('w-pr-280', 'w-pr-279', 0.50, 1) ON CONFLICT (word_id, distractor_word_id) DO NOTHING;
INSERT INTO distractors (word_id, distractor_word_id, distance_score, content_version) VALUES ('w-pr-280', 'w-pr-281', 0.50, 1) ON CONFLICT (word_id, distractor_word_id) DO NOTHING;
INSERT INTO distractors (word_id, distractor_word_id, distance_score, content_version) VALUES ('w-pr-281', 'w-pr-280', 0.50, 1) ON CONFLICT (word_id, distractor_word_id) DO NOTHING;
INSERT INTO distractors (word_id, distractor_word_id, distance_score, content_version) VALUES ('w-pr-281', 'w-pr-279', 0.50, 1) ON CONFLICT (word_id, distractor_word_id) DO NOTHING;
INSERT INTO distractors (word_id, distractor_word_id, distance_score, content_version) VALUES ('w-pr-283', 'w-pr-050', 0.50, 1) ON CONFLICT (word_id, distractor_word_id) DO NOTHING;
INSERT INTO distractors (word_id, distractor_word_id, distance_score, content_version) VALUES ('w-pr-283', 'w-pr-287', 0.50, 1) ON CONFLICT (word_id, distractor_word_id) DO NOTHING;
INSERT INTO distractors (word_id, distractor_word_id, distance_score, content_version) VALUES ('w-pr-284', 'w-pr-290', 0.50, 1) ON CONFLICT (word_id, distractor_word_id) DO NOTHING;
INSERT INTO distractors (word_id, distractor_word_id, distance_score, content_version) VALUES ('w-pr-284', 'w-pr-285', 0.50, 1) ON CONFLICT (word_id, distractor_word_id) DO NOTHING;
INSERT INTO distractors (word_id, distractor_word_id, distance_score, content_version) VALUES ('w-pr-284', 'w-pr-286', 0.50, 1) ON CONFLICT (word_id, distractor_word_id) DO NOTHING;
INSERT INTO distractors (word_id, distractor_word_id, distance_score, content_version) VALUES ('w-pr-285', 'w-tv-019', 0.50, 1) ON CONFLICT (word_id, distractor_word_id) DO NOTHING;
INSERT INTO distractors (word_id, distractor_word_id, distance_score, content_version) VALUES ('w-pr-286', 'w-pr-285', 0.50, 1) ON CONFLICT (word_id, distractor_word_id) DO NOTHING;
INSERT INTO distractors (word_id, distractor_word_id, distance_score, content_version) VALUES ('w-pr-286', 'w-tv-019', 0.50, 1) ON CONFLICT (word_id, distractor_word_id) DO NOTHING;
INSERT INTO distractors (word_id, distractor_word_id, distance_score, content_version) VALUES ('w-pr-286', 'w-pr-045', 0.50, 1) ON CONFLICT (word_id, distractor_word_id) DO NOTHING;
INSERT INTO distractors (word_id, distractor_word_id, distance_score, content_version) VALUES ('w-pr-287', 'w-pr-063', 0.50, 1) ON CONFLICT (word_id, distractor_word_id) DO NOTHING;
INSERT INTO distractors (word_id, distractor_word_id, distance_score, content_version) VALUES ('w-pr-287', 'w-pr-041', 0.50, 1) ON CONFLICT (word_id, distractor_word_id) DO NOTHING;
INSERT INTO distractors (word_id, distractor_word_id, distance_score, content_version) VALUES ('w-pr-287', 'w-pr-062', 0.50, 1) ON CONFLICT (word_id, distractor_word_id) DO NOTHING;
INSERT INTO distractors (word_id, distractor_word_id, distance_score, content_version) VALUES ('w-pr-288', 'w-pr-287', 0.50, 1) ON CONFLICT (word_id, distractor_word_id) DO NOTHING;
INSERT INTO distractors (word_id, distractor_word_id, distance_score, content_version) VALUES ('w-pr-288', 'w-pr-062', 0.50, 1) ON CONFLICT (word_id, distractor_word_id) DO NOTHING;
INSERT INTO distractors (word_id, distractor_word_id, distance_score, content_version) VALUES ('w-pr-288', 'w-tv-005', 0.50, 1) ON CONFLICT (word_id, distractor_word_id) DO NOTHING;
INSERT INTO distractors (word_id, distractor_word_id, distance_score, content_version) VALUES ('w-pr-289', 'w-tv-004', 0.50, 1) ON CONFLICT (word_id, distractor_word_id) DO NOTHING;
INSERT INTO distractors (word_id, distractor_word_id, distance_score, content_version) VALUES ('w-pr-290', 'w-tv-019', 0.50, 1) ON CONFLICT (word_id, distractor_word_id) DO NOTHING;
INSERT INTO distractors (word_id, distractor_word_id, distance_score, content_version) VALUES ('w-pr-290', 'w-pr-285', 0.50, 1) ON CONFLICT (word_id, distractor_word_id) DO NOTHING;
INSERT INTO distractors (word_id, distractor_word_id, distance_score, content_version) VALUES ('w-pr-291', 'w-pr-292', 0.50, 1) ON CONFLICT (word_id, distractor_word_id) DO NOTHING;
INSERT INTO distractors (word_id, distractor_word_id, distance_score, content_version) VALUES ('w-pr-291', 'w-pr-293', 0.50, 1) ON CONFLICT (word_id, distractor_word_id) DO NOTHING;
INSERT INTO distractors (word_id, distractor_word_id, distance_score, content_version) VALUES ('w-pr-292', 'w-pr-291', 0.50, 1) ON CONFLICT (word_id, distractor_word_id) DO NOTHING;
INSERT INTO distractors (word_id, distractor_word_id, distance_score, content_version) VALUES ('w-pr-292', 'w-pr-293', 0.50, 1) ON CONFLICT (word_id, distractor_word_id) DO NOTHING;
INSERT INTO distractors (word_id, distractor_word_id, distance_score, content_version) VALUES ('w-pr-292', 'w-pr-296', 0.50, 1) ON CONFLICT (word_id, distractor_word_id) DO NOTHING;
INSERT INTO distractors (word_id, distractor_word_id, distance_score, content_version) VALUES ('w-pr-293', 'w-pr-292', 0.50, 1) ON CONFLICT (word_id, distractor_word_id) DO NOTHING;
INSERT INTO distractors (word_id, distractor_word_id, distance_score, content_version) VALUES ('w-pr-294', 'w-pr-296', 0.50, 1) ON CONFLICT (word_id, distractor_word_id) DO NOTHING;
INSERT INTO distractors (word_id, distractor_word_id, distance_score, content_version) VALUES ('w-pr-294', 'w-pr-297', 0.50, 1) ON CONFLICT (word_id, distractor_word_id) DO NOTHING;
INSERT INTO distractors (word_id, distractor_word_id, distance_score, content_version) VALUES ('w-pr-294', 'w-pr-295', 0.50, 1) ON CONFLICT (word_id, distractor_word_id) DO NOTHING;
INSERT INTO distractors (word_id, distractor_word_id, distance_score, content_version) VALUES ('w-pr-295', 'w-pr-294', 0.50, 1) ON CONFLICT (word_id, distractor_word_id) DO NOTHING;
INSERT INTO distractors (word_id, distractor_word_id, distance_score, content_version) VALUES ('w-pr-295', 'w-pr-297', 0.50, 1) ON CONFLICT (word_id, distractor_word_id) DO NOTHING;
INSERT INTO distractors (word_id, distractor_word_id, distance_score, content_version) VALUES ('w-pr-295', 'w-pr-296', 0.50, 1) ON CONFLICT (word_id, distractor_word_id) DO NOTHING;
INSERT INTO distractors (word_id, distractor_word_id, distance_score, content_version) VALUES ('w-pr-296', 'w-pr-297', 0.50, 1) ON CONFLICT (word_id, distractor_word_id) DO NOTHING;
INSERT INTO distractors (word_id, distractor_word_id, distance_score, content_version) VALUES ('w-pr-296', 'w-pr-294', 0.50, 1) ON CONFLICT (word_id, distractor_word_id) DO NOTHING;
INSERT INTO distractors (word_id, distractor_word_id, distance_score, content_version) VALUES ('w-pr-296', 'w-pr-295', 0.50, 1) ON CONFLICT (word_id, distractor_word_id) DO NOTHING;
INSERT INTO distractors (word_id, distractor_word_id, distance_score, content_version) VALUES ('w-pr-297', 'w-pr-296', 0.50, 1) ON CONFLICT (word_id, distractor_word_id) DO NOTHING;
INSERT INTO distractors (word_id, distractor_word_id, distance_score, content_version) VALUES ('w-pr-297', 'w-pr-295', 0.50, 1) ON CONFLICT (word_id, distractor_word_id) DO NOTHING;
INSERT INTO distractors (word_id, distractor_word_id, distance_score, content_version) VALUES ('w-pr-297', 'w-pr-294', 0.50, 1) ON CONFLICT (word_id, distractor_word_id) DO NOTHING;
INSERT INTO distractors (word_id, distractor_word_id, distance_score, content_version) VALUES ('w-pr-298', 'w-pr-299', 0.50, 1) ON CONFLICT (word_id, distractor_word_id) DO NOTHING;
INSERT INTO distractors (word_id, distractor_word_id, distance_score, content_version) VALUES ('w-pr-298', 'w-kp-030', 0.50, 1) ON CONFLICT (word_id, distractor_word_id) DO NOTHING;
INSERT INTO distractors (word_id, distractor_word_id, distance_score, content_version) VALUES ('w-pr-298', 'w-pr-055', 0.50, 1) ON CONFLICT (word_id, distractor_word_id) DO NOTHING;
INSERT INTO distractors (word_id, distractor_word_id, distance_score, content_version) VALUES ('w-pr-299', 'w-pr-298', 0.50, 1) ON CONFLICT (word_id, distractor_word_id) DO NOTHING;
INSERT INTO distractors (word_id, distractor_word_id, distance_score, content_version) VALUES ('w-pr-299', 'w-kp-030', 0.50, 1) ON CONFLICT (word_id, distractor_word_id) DO NOTHING;
INSERT INTO distractors (word_id, distractor_word_id, distance_score, content_version) VALUES ('w-pr-299', 'w-pr-055', 0.50, 1) ON CONFLICT (word_id, distractor_word_id) DO NOTHING;
INSERT INTO distractors (word_id, distractor_word_id, distance_score, content_version) VALUES ('w-pr-300', 'w-pr-055', 0.50, 1) ON CONFLICT (word_id, distractor_word_id) DO NOTHING;
INSERT INTO distractors (word_id, distractor_word_id, distance_score, content_version) VALUES ('w-pr-300', 'w-pr-298', 0.50, 1) ON CONFLICT (word_id, distractor_word_id) DO NOTHING;
INSERT INTO distractors (word_id, distractor_word_id, distance_score, content_version) VALUES ('w-pr-300', 'w-kp-030', 0.50, 1) ON CONFLICT (word_id, distractor_word_id) DO NOTHING;
INSERT INTO distractors (word_id, distractor_word_id, distance_score, content_version) VALUES ('w-st-001', 'w-st-002', 0.50, 1) ON CONFLICT (word_id, distractor_word_id) DO NOTHING;
INSERT INTO distractors (word_id, distractor_word_id, distance_score, content_version) VALUES ('w-st-001', 'w-st-005', 0.50, 1) ON CONFLICT (word_id, distractor_word_id) DO NOTHING;
INSERT INTO distractors (word_id, distractor_word_id, distance_score, content_version) VALUES ('w-st-001', 'w-st-007', 0.50, 1) ON CONFLICT (word_id, distractor_word_id) DO NOTHING;
INSERT INTO distractors (word_id, distractor_word_id, distance_score, content_version) VALUES ('w-st-002', 'w-st-001', 0.50, 1) ON CONFLICT (word_id, distractor_word_id) DO NOTHING;
INSERT INTO distractors (word_id, distractor_word_id, distance_score, content_version) VALUES ('w-st-002', 'w-st-005', 0.50, 1) ON CONFLICT (word_id, distractor_word_id) DO NOTHING;
INSERT INTO distractors (word_id, distractor_word_id, distance_score, content_version) VALUES ('w-st-002', 'w-st-006', 0.50, 1) ON CONFLICT (word_id, distractor_word_id) DO NOTHING;
INSERT INTO distractors (word_id, distractor_word_id, distance_score, content_version) VALUES ('w-st-003', 'w-st-004', 0.50, 1) ON CONFLICT (word_id, distractor_word_id) DO NOTHING;
INSERT INTO distractors (word_id, distractor_word_id, distance_score, content_version) VALUES ('w-st-003', 'w-st-006', 0.50, 1) ON CONFLICT (word_id, distractor_word_id) DO NOTHING;
INSERT INTO distractors (word_id, distractor_word_id, distance_score, content_version) VALUES ('w-st-004', 'w-st-003', 0.50, 1) ON CONFLICT (word_id, distractor_word_id) DO NOTHING;
INSERT INTO distractors (word_id, distractor_word_id, distance_score, content_version) VALUES ('w-st-005', 'w-st-002', 0.50, 1) ON CONFLICT (word_id, distractor_word_id) DO NOTHING;
INSERT INTO distractors (word_id, distractor_word_id, distance_score, content_version) VALUES ('w-st-005', 'w-st-006', 0.50, 1) ON CONFLICT (word_id, distractor_word_id) DO NOTHING;
INSERT INTO distractors (word_id, distractor_word_id, distance_score, content_version) VALUES ('w-st-005', 'w-st-009', 0.50, 1) ON CONFLICT (word_id, distractor_word_id) DO NOTHING;
INSERT INTO distractors (word_id, distractor_word_id, distance_score, content_version) VALUES ('w-st-006', 'w-st-043', 0.50, 1) ON CONFLICT (word_id, distractor_word_id) DO NOTHING;
INSERT INTO distractors (word_id, distractor_word_id, distance_score, content_version) VALUES ('w-st-006', 'w-st-044', 0.50, 1) ON CONFLICT (word_id, distractor_word_id) DO NOTHING;
INSERT INTO distractors (word_id, distractor_word_id, distance_score, content_version) VALUES ('w-st-007', 'w-st-001', 0.50, 1) ON CONFLICT (word_id, distractor_word_id) DO NOTHING;
INSERT INTO distractors (word_id, distractor_word_id, distance_score, content_version) VALUES ('w-st-007', 'w-st-008', 0.50, 1) ON CONFLICT (word_id, distractor_word_id) DO NOTHING;
INSERT INTO distractors (word_id, distractor_word_id, distance_score, content_version) VALUES ('w-st-007', 'w-st-002', 0.50, 1) ON CONFLICT (word_id, distractor_word_id) DO NOTHING;
INSERT INTO distractors (word_id, distractor_word_id, distance_score, content_version) VALUES ('w-st-008', 'w-st-001', 0.50, 1) ON CONFLICT (word_id, distractor_word_id) DO NOTHING;
INSERT INTO distractors (word_id, distractor_word_id, distance_score, content_version) VALUES ('w-st-008', 'w-st-007', 0.50, 1) ON CONFLICT (word_id, distractor_word_id) DO NOTHING;
INSERT INTO distractors (word_id, distractor_word_id, distance_score, content_version) VALUES ('w-st-008', 'w-st-002', 0.50, 1) ON CONFLICT (word_id, distractor_word_id) DO NOTHING;
INSERT INTO distractors (word_id, distractor_word_id, distance_score, content_version) VALUES ('w-st-009', 'w-st-005', 0.50, 1) ON CONFLICT (word_id, distractor_word_id) DO NOTHING;
INSERT INTO distractors (word_id, distractor_word_id, distance_score, content_version) VALUES ('w-st-009', 'w-st-006', 0.50, 1) ON CONFLICT (word_id, distractor_word_id) DO NOTHING;
INSERT INTO distractors (word_id, distractor_word_id, distance_score, content_version) VALUES ('w-st-009', 'w-st-002', 0.50, 1) ON CONFLICT (word_id, distractor_word_id) DO NOTHING;
INSERT INTO distractors (word_id, distractor_word_id, distance_score, content_version) VALUES ('w-st-010', 'w-st-001', 0.50, 1) ON CONFLICT (word_id, distractor_word_id) DO NOTHING;
INSERT INTO distractors (word_id, distractor_word_id, distance_score, content_version) VALUES ('w-st-010', 'w-st-002', 0.50, 1) ON CONFLICT (word_id, distractor_word_id) DO NOTHING;
INSERT INTO distractors (word_id, distractor_word_id, distance_score, content_version) VALUES ('w-st-011', 'w-st-012', 0.50, 1) ON CONFLICT (word_id, distractor_word_id) DO NOTHING;
INSERT INTO distractors (word_id, distractor_word_id, distance_score, content_version) VALUES ('w-st-011', 'w-st-013', 0.50, 1) ON CONFLICT (word_id, distractor_word_id) DO NOTHING;
INSERT INTO distractors (word_id, distractor_word_id, distance_score, content_version) VALUES ('w-st-012', 'w-st-013', 0.50, 1) ON CONFLICT (word_id, distractor_word_id) DO NOTHING;
INSERT INTO distractors (word_id, distractor_word_id, distance_score, content_version) VALUES ('w-st-012', 'w-st-011', 0.50, 1) ON CONFLICT (word_id, distractor_word_id) DO NOTHING;
INSERT INTO distractors (word_id, distractor_word_id, distance_score, content_version) VALUES ('w-st-012', 'w-st-014', 0.50, 1) ON CONFLICT (word_id, distractor_word_id) DO NOTHING;
INSERT INTO distractors (word_id, distractor_word_id, distance_score, content_version) VALUES ('w-st-013', 'w-st-014', 0.50, 1) ON CONFLICT (word_id, distractor_word_id) DO NOTHING;
INSERT INTO distractors (word_id, distractor_word_id, distance_score, content_version) VALUES ('w-st-013', 'w-st-012', 0.50, 1) ON CONFLICT (word_id, distractor_word_id) DO NOTHING;
INSERT INTO distractors (word_id, distractor_word_id, distance_score, content_version) VALUES ('w-st-014', 'w-st-013', 0.50, 1) ON CONFLICT (word_id, distractor_word_id) DO NOTHING;
INSERT INTO distractors (word_id, distractor_word_id, distance_score, content_version) VALUES ('w-st-014', 'w-st-012', 0.50, 1) ON CONFLICT (word_id, distractor_word_id) DO NOTHING;
INSERT INTO distractors (word_id, distractor_word_id, distance_score, content_version) VALUES ('w-st-015', 'w-st-016', 0.50, 1) ON CONFLICT (word_id, distractor_word_id) DO NOTHING;
INSERT INTO distractors (word_id, distractor_word_id, distance_score, content_version) VALUES ('w-st-016', 'w-st-015', 0.50, 1) ON CONFLICT (word_id, distractor_word_id) DO NOTHING;
INSERT INTO distractors (word_id, distractor_word_id, distance_score, content_version) VALUES ('w-st-017', 'w-st-043', 0.50, 1) ON CONFLICT (word_id, distractor_word_id) DO NOTHING;
INSERT INTO distractors (word_id, distractor_word_id, distance_score, content_version) VALUES ('w-st-017', 'w-st-044', 0.50, 1) ON CONFLICT (word_id, distractor_word_id) DO NOTHING;
INSERT INTO distractors (word_id, distractor_word_id, distance_score, content_version) VALUES ('w-st-018', 'w-st-020', 0.50, 1) ON CONFLICT (word_id, distractor_word_id) DO NOTHING;
INSERT INTO distractors (word_id, distractor_word_id, distance_score, content_version) VALUES ('w-st-018', 'w-st-056', 0.50, 1) ON CONFLICT (word_id, distractor_word_id) DO NOTHING;
INSERT INTO distractors (word_id, distractor_word_id, distance_score, content_version) VALUES ('w-st-018', 'w-st-019', 0.50, 1) ON CONFLICT (word_id, distractor_word_id) DO NOTHING;
INSERT INTO distractors (word_id, distractor_word_id, distance_score, content_version) VALUES ('w-st-019', 'w-st-018', 0.50, 1) ON CONFLICT (word_id, distractor_word_id) DO NOTHING;
INSERT INTO distractors (word_id, distractor_word_id, distance_score, content_version) VALUES ('w-st-019', 'w-st-020', 0.50, 1) ON CONFLICT (word_id, distractor_word_id) DO NOTHING;
INSERT INTO distractors (word_id, distractor_word_id, distance_score, content_version) VALUES ('w-st-019', 'w-st-056', 0.50, 1) ON CONFLICT (word_id, distractor_word_id) DO NOTHING;
INSERT INTO distractors (word_id, distractor_word_id, distance_score, content_version) VALUES ('w-st-020', 'w-st-018', 0.50, 1) ON CONFLICT (word_id, distractor_word_id) DO NOTHING;
INSERT INTO distractors (word_id, distractor_word_id, distance_score, content_version) VALUES ('w-st-020', 'w-st-019', 0.50, 1) ON CONFLICT (word_id, distractor_word_id) DO NOTHING;
INSERT INTO distractors (word_id, distractor_word_id, distance_score, content_version) VALUES ('w-st-020', 'w-tv-047', 0.50, 1) ON CONFLICT (word_id, distractor_word_id) DO NOTHING;
INSERT INTO distractors (word_id, distractor_word_id, distance_score, content_version) VALUES ('w-st-021', 'w-st-023', 0.50, 1) ON CONFLICT (word_id, distractor_word_id) DO NOTHING;
INSERT INTO distractors (word_id, distractor_word_id, distance_score, content_version) VALUES ('w-st-021', 'w-st-022', 0.50, 1) ON CONFLICT (word_id, distractor_word_id) DO NOTHING;
INSERT INTO distractors (word_id, distractor_word_id, distance_score, content_version) VALUES ('w-st-022', 'w-st-021', 0.50, 1) ON CONFLICT (word_id, distractor_word_id) DO NOTHING;
INSERT INTO distractors (word_id, distractor_word_id, distance_score, content_version) VALUES ('w-st-022', 'w-st-023', 0.50, 1) ON CONFLICT (word_id, distractor_word_id) DO NOTHING;
INSERT INTO distractors (word_id, distractor_word_id, distance_score, content_version) VALUES ('w-st-022', 'w-st-052', 0.50, 1) ON CONFLICT (word_id, distractor_word_id) DO NOTHING;
INSERT INTO distractors (word_id, distractor_word_id, distance_score, content_version) VALUES ('w-st-023', 'w-st-021', 0.50, 1) ON CONFLICT (word_id, distractor_word_id) DO NOTHING;
INSERT INTO distractors (word_id, distractor_word_id, distance_score, content_version) VALUES ('w-st-023', 'w-st-022', 0.50, 1) ON CONFLICT (word_id, distractor_word_id) DO NOTHING;
INSERT INTO distractors (word_id, distractor_word_id, distance_score, content_version) VALUES ('w-st-024', 'w-pr-223', 0.50, 1) ON CONFLICT (word_id, distractor_word_id) DO NOTHING;
INSERT INTO distractors (word_id, distractor_word_id, distance_score, content_version) VALUES ('w-st-025', 'w-st-026', 0.50, 1) ON CONFLICT (word_id, distractor_word_id) DO NOTHING;
INSERT INTO distractors (word_id, distractor_word_id, distance_score, content_version) VALUES ('w-st-025', 'w-st-027', 0.50, 1) ON CONFLICT (word_id, distractor_word_id) DO NOTHING;
INSERT INTO distractors (word_id, distractor_word_id, distance_score, content_version) VALUES ('w-st-026', 'w-st-025', 0.50, 1) ON CONFLICT (word_id, distractor_word_id) DO NOTHING;
INSERT INTO distractors (word_id, distractor_word_id, distance_score, content_version) VALUES ('w-st-026', 'w-st-027', 0.50, 1) ON CONFLICT (word_id, distractor_word_id) DO NOTHING;
INSERT INTO distractors (word_id, distractor_word_id, distance_score, content_version) VALUES ('w-st-027', 'w-st-026', 0.50, 1) ON CONFLICT (word_id, distractor_word_id) DO NOTHING;
INSERT INTO distractors (word_id, distractor_word_id, distance_score, content_version) VALUES ('w-st-027', 'w-st-025', 0.50, 1) ON CONFLICT (word_id, distractor_word_id) DO NOTHING;
INSERT INTO distractors (word_id, distractor_word_id, distance_score, content_version) VALUES ('w-st-028', 'w-tv-011', 0.50, 1) ON CONFLICT (word_id, distractor_word_id) DO NOTHING;
INSERT INTO distractors (word_id, distractor_word_id, distance_score, content_version) VALUES ('w-st-029', 'w-st-030', 0.50, 1) ON CONFLICT (word_id, distractor_word_id) DO NOTHING;
INSERT INTO distractors (word_id, distractor_word_id, distance_score, content_version) VALUES ('w-st-029', 'w-st-031', 0.50, 1) ON CONFLICT (word_id, distractor_word_id) DO NOTHING;
INSERT INTO distractors (word_id, distractor_word_id, distance_score, content_version) VALUES ('w-st-029', 'w-st-032', 0.50, 1) ON CONFLICT (word_id, distractor_word_id) DO NOTHING;
INSERT INTO distractors (word_id, distractor_word_id, distance_score, content_version) VALUES ('w-st-030', 'w-st-029', 0.50, 1) ON CONFLICT (word_id, distractor_word_id) DO NOTHING;
INSERT INTO distractors (word_id, distractor_word_id, distance_score, content_version) VALUES ('w-st-030', 'w-st-031', 0.50, 1) ON CONFLICT (word_id, distractor_word_id) DO NOTHING;
INSERT INTO distractors (word_id, distractor_word_id, distance_score, content_version) VALUES ('w-st-030', 'w-st-032', 0.50, 1) ON CONFLICT (word_id, distractor_word_id) DO NOTHING;
INSERT INTO distractors (word_id, distractor_word_id, distance_score, content_version) VALUES ('w-st-031', 'w-st-029', 0.50, 1) ON CONFLICT (word_id, distractor_word_id) DO NOTHING;
INSERT INTO distractors (word_id, distractor_word_id, distance_score, content_version) VALUES ('w-st-031', 'w-st-030', 0.50, 1) ON CONFLICT (word_id, distractor_word_id) DO NOTHING;
INSERT INTO distractors (word_id, distractor_word_id, distance_score, content_version) VALUES ('w-st-031', 'w-st-032', 0.50, 1) ON CONFLICT (word_id, distractor_word_id) DO NOTHING;
INSERT INTO distractors (word_id, distractor_word_id, distance_score, content_version) VALUES ('w-st-032', 'w-st-031', 0.50, 1) ON CONFLICT (word_id, distractor_word_id) DO NOTHING;
INSERT INTO distractors (word_id, distractor_word_id, distance_score, content_version) VALUES ('w-st-032', 'w-num-005', 0.50, 1) ON CONFLICT (word_id, distractor_word_id) DO NOTHING;
INSERT INTO distractors (word_id, distractor_word_id, distance_score, content_version) VALUES ('w-st-032', 'w-st-030', 0.50, 1) ON CONFLICT (word_id, distractor_word_id) DO NOTHING;
INSERT INTO distractors (word_id, distractor_word_id, distance_score, content_version) VALUES ('w-st-033', 'w-st-034', 0.50, 1) ON CONFLICT (word_id, distractor_word_id) DO NOTHING;
INSERT INTO distractors (word_id, distractor_word_id, distance_score, content_version) VALUES ('w-st-033', 'w-st-035', 0.50, 1) ON CONFLICT (word_id, distractor_word_id) DO NOTHING;
INSERT INTO distractors (word_id, distractor_word_id, distance_score, content_version) VALUES ('w-st-033', 'w-st-036', 0.50, 1) ON CONFLICT (word_id, distractor_word_id) DO NOTHING;
INSERT INTO distractors (word_id, distractor_word_id, distance_score, content_version) VALUES ('w-st-034', 'w-st-033', 0.50, 1) ON CONFLICT (word_id, distractor_word_id) DO NOTHING;
INSERT INTO distractors (word_id, distractor_word_id, distance_score, content_version) VALUES ('w-st-034', 'w-st-035', 0.50, 1) ON CONFLICT (word_id, distractor_word_id) DO NOTHING;
INSERT INTO distractors (word_id, distractor_word_id, distance_score, content_version) VALUES ('w-st-035', 'w-st-033', 0.50, 1) ON CONFLICT (word_id, distractor_word_id) DO NOTHING;
INSERT INTO distractors (word_id, distractor_word_id, distance_score, content_version) VALUES ('w-st-035', 'w-st-034', 0.50, 1) ON CONFLICT (word_id, distractor_word_id) DO NOTHING;
INSERT INTO distractors (word_id, distractor_word_id, distance_score, content_version) VALUES ('w-st-035', 'w-st-036', 0.50, 1) ON CONFLICT (word_id, distractor_word_id) DO NOTHING;
INSERT INTO distractors (word_id, distractor_word_id, distance_score, content_version) VALUES ('w-st-036', 'w-st-033', 0.50, 1) ON CONFLICT (word_id, distractor_word_id) DO NOTHING;
INSERT INTO distractors (word_id, distractor_word_id, distance_score, content_version) VALUES ('w-st-036', 'w-st-035', 0.50, 1) ON CONFLICT (word_id, distractor_word_id) DO NOTHING;
INSERT INTO distractors (word_id, distractor_word_id, distance_score, content_version) VALUES ('w-st-037', 'w-st-039', 0.50, 1) ON CONFLICT (word_id, distractor_word_id) DO NOTHING;
INSERT INTO distractors (word_id, distractor_word_id, distance_score, content_version) VALUES ('w-st-037', 'w-st-040', 0.50, 1) ON CONFLICT (word_id, distractor_word_id) DO NOTHING;
INSERT INTO distractors (word_id, distractor_word_id, distance_score, content_version) VALUES ('w-st-037', 'w-st-038', 0.50, 1) ON CONFLICT (word_id, distractor_word_id) DO NOTHING;
INSERT INTO distractors (word_id, distractor_word_id, distance_score, content_version) VALUES ('w-st-038', 'w-st-037', 0.50, 1) ON CONFLICT (word_id, distractor_word_id) DO NOTHING;
INSERT INTO distractors (word_id, distractor_word_id, distance_score, content_version) VALUES ('w-st-038', 'w-st-039', 0.50, 1) ON CONFLICT (word_id, distractor_word_id) DO NOTHING;
INSERT INTO distractors (word_id, distractor_word_id, distance_score, content_version) VALUES ('w-st-038', 'w-st-040', 0.50, 1) ON CONFLICT (word_id, distractor_word_id) DO NOTHING;
INSERT INTO distractors (word_id, distractor_word_id, distance_score, content_version) VALUES ('w-st-039', 'w-st-037', 0.50, 1) ON CONFLICT (word_id, distractor_word_id) DO NOTHING;
INSERT INTO distractors (word_id, distractor_word_id, distance_score, content_version) VALUES ('w-st-039', 'w-st-040', 0.50, 1) ON CONFLICT (word_id, distractor_word_id) DO NOTHING;
INSERT INTO distractors (word_id, distractor_word_id, distance_score, content_version) VALUES ('w-st-039', 'w-st-038', 0.50, 1) ON CONFLICT (word_id, distractor_word_id) DO NOTHING;
INSERT INTO distractors (word_id, distractor_word_id, distance_score, content_version) VALUES ('w-st-040', 'w-st-037', 0.50, 1) ON CONFLICT (word_id, distractor_word_id) DO NOTHING;
INSERT INTO distractors (word_id, distractor_word_id, distance_score, content_version) VALUES ('w-st-040', 'w-st-039', 0.50, 1) ON CONFLICT (word_id, distractor_word_id) DO NOTHING;
INSERT INTO distractors (word_id, distractor_word_id, distance_score, content_version) VALUES ('w-st-040', 'w-st-038', 0.50, 1) ON CONFLICT (word_id, distractor_word_id) DO NOTHING;
INSERT INTO distractors (word_id, distractor_word_id, distance_score, content_version) VALUES ('w-st-041', 'w-st-037', 0.50, 1) ON CONFLICT (word_id, distractor_word_id) DO NOTHING;
INSERT INTO distractors (word_id, distractor_word_id, distance_score, content_version) VALUES ('w-st-042', 'w-kd-003', 0.50, 1) ON CONFLICT (word_id, distractor_word_id) DO NOTHING;
INSERT INTO distractors (word_id, distractor_word_id, distance_score, content_version) VALUES ('w-st-042', 'w-fam-018', 0.50, 1) ON CONFLICT (word_id, distractor_word_id) DO NOTHING;
INSERT INTO distractors (word_id, distractor_word_id, distance_score, content_version) VALUES ('w-st-042', 'w-kd-009', 0.50, 1) ON CONFLICT (word_id, distractor_word_id) DO NOTHING;
INSERT INTO distractors (word_id, distractor_word_id, distance_score, content_version) VALUES ('w-st-043', 'w-st-044', 0.50, 1) ON CONFLICT (word_id, distractor_word_id) DO NOTHING;
INSERT INTO distractors (word_id, distractor_word_id, distance_score, content_version) VALUES ('w-st-043', 'w-st-006', 0.50, 1) ON CONFLICT (word_id, distractor_word_id) DO NOTHING;
INSERT INTO distractors (word_id, distractor_word_id, distance_score, content_version) VALUES ('w-st-044', 'w-st-043', 0.50, 1) ON CONFLICT (word_id, distractor_word_id) DO NOTHING;
INSERT INTO distractors (word_id, distractor_word_id, distance_score, content_version) VALUES ('w-st-044', 'w-st-006', 0.50, 1) ON CONFLICT (word_id, distractor_word_id) DO NOTHING;
INSERT INTO distractors (word_id, distractor_word_id, distance_score, content_version) VALUES ('w-st-045', 'w-st-046', 0.50, 1) ON CONFLICT (word_id, distractor_word_id) DO NOTHING;
INSERT INTO distractors (word_id, distractor_word_id, distance_score, content_version) VALUES ('w-st-045', 'w-pr-112', 0.50, 1) ON CONFLICT (word_id, distractor_word_id) DO NOTHING;
INSERT INTO distractors (word_id, distractor_word_id, distance_score, content_version) VALUES ('w-st-045', 'w-st-048', 0.50, 1) ON CONFLICT (word_id, distractor_word_id) DO NOTHING;
INSERT INTO distractors (word_id, distractor_word_id, distance_score, content_version) VALUES ('w-st-046', 'w-st-045', 0.50, 1) ON CONFLICT (word_id, distractor_word_id) DO NOTHING;
INSERT INTO distractors (word_id, distractor_word_id, distance_score, content_version) VALUES ('w-st-046', 'w-st-048', 0.50, 1) ON CONFLICT (word_id, distractor_word_id) DO NOTHING;
INSERT INTO distractors (word_id, distractor_word_id, distance_score, content_version) VALUES ('w-st-046', 'w-pr-112', 0.50, 1) ON CONFLICT (word_id, distractor_word_id) DO NOTHING;
INSERT INTO distractors (word_id, distractor_word_id, distance_score, content_version) VALUES ('w-st-047', 'w-st-048', 0.50, 1) ON CONFLICT (word_id, distractor_word_id) DO NOTHING;
INSERT INTO distractors (word_id, distractor_word_id, distance_score, content_version) VALUES ('w-st-047', 'w-st-045', 0.50, 1) ON CONFLICT (word_id, distractor_word_id) DO NOTHING;
INSERT INTO distractors (word_id, distractor_word_id, distance_score, content_version) VALUES ('w-st-047', 'w-st-046', 0.50, 1) ON CONFLICT (word_id, distractor_word_id) DO NOTHING;
INSERT INTO distractors (word_id, distractor_word_id, distance_score, content_version) VALUES ('w-st-048', 'w-st-047', 0.50, 1) ON CONFLICT (word_id, distractor_word_id) DO NOTHING;
INSERT INTO distractors (word_id, distractor_word_id, distance_score, content_version) VALUES ('w-st-048', 'w-st-045', 0.50, 1) ON CONFLICT (word_id, distractor_word_id) DO NOTHING;
INSERT INTO distractors (word_id, distractor_word_id, distance_score, content_version) VALUES ('w-st-049', 'w-st-050', 0.50, 1) ON CONFLICT (word_id, distractor_word_id) DO NOTHING;
INSERT INTO distractors (word_id, distractor_word_id, distance_score, content_version) VALUES ('w-st-049', 'w-kp-035', 0.50, 1) ON CONFLICT (word_id, distractor_word_id) DO NOTHING;
INSERT INTO distractors (word_id, distractor_word_id, distance_score, content_version) VALUES ('w-st-049', 'w-st-043', 0.50, 1) ON CONFLICT (word_id, distractor_word_id) DO NOTHING;
INSERT INTO distractors (word_id, distractor_word_id, distance_score, content_version) VALUES ('w-st-050', 'w-st-049', 0.50, 1) ON CONFLICT (word_id, distractor_word_id) DO NOTHING;
INSERT INTO distractors (word_id, distractor_word_id, distance_score, content_version) VALUES ('w-st-050', 'w-kp-035', 0.50, 1) ON CONFLICT (word_id, distractor_word_id) DO NOTHING;
INSERT INTO distractors (word_id, distractor_word_id, distance_score, content_version) VALUES ('w-st-050', 'w-st-043', 0.50, 1) ON CONFLICT (word_id, distractor_word_id) DO NOTHING;
INSERT INTO distractors (word_id, distractor_word_id, distance_score, content_version) VALUES ('w-st-051', 'w-st-022', 0.50, 1) ON CONFLICT (word_id, distractor_word_id) DO NOTHING;
INSERT INTO distractors (word_id, distractor_word_id, distance_score, content_version) VALUES ('w-st-051', 'w-st-054', 0.50, 1) ON CONFLICT (word_id, distractor_word_id) DO NOTHING;
INSERT INTO distractors (word_id, distractor_word_id, distance_score, content_version) VALUES ('w-st-051', 'w-st-055', 0.50, 1) ON CONFLICT (word_id, distractor_word_id) DO NOTHING;
INSERT INTO distractors (word_id, distractor_word_id, distance_score, content_version) VALUES ('w-st-052', 'w-st-053', 0.50, 1) ON CONFLICT (word_id, distractor_word_id) DO NOTHING;
INSERT INTO distractors (word_id, distractor_word_id, distance_score, content_version) VALUES ('w-st-052', 'w-st-051', 0.50, 1) ON CONFLICT (word_id, distractor_word_id) DO NOTHING;
INSERT INTO distractors (word_id, distractor_word_id, distance_score, content_version) VALUES ('w-st-052', 'w-st-054', 0.50, 1) ON CONFLICT (word_id, distractor_word_id) DO NOTHING;
INSERT INTO distractors (word_id, distractor_word_id, distance_score, content_version) VALUES ('w-st-053', 'w-st-051', 0.50, 1) ON CONFLICT (word_id, distractor_word_id) DO NOTHING;
INSERT INTO distractors (word_id, distractor_word_id, distance_score, content_version) VALUES ('w-st-053', 'w-st-052', 0.50, 1) ON CONFLICT (word_id, distractor_word_id) DO NOTHING;
INSERT INTO distractors (word_id, distractor_word_id, distance_score, content_version) VALUES ('w-st-053', 'w-st-054', 0.50, 1) ON CONFLICT (word_id, distractor_word_id) DO NOTHING;
INSERT INTO distractors (word_id, distractor_word_id, distance_score, content_version) VALUES ('w-st-054', 'w-st-022', 0.50, 1) ON CONFLICT (word_id, distractor_word_id) DO NOTHING;
INSERT INTO distractors (word_id, distractor_word_id, distance_score, content_version) VALUES ('w-st-054', 'w-st-055', 0.50, 1) ON CONFLICT (word_id, distractor_word_id) DO NOTHING;
INSERT INTO distractors (word_id, distractor_word_id, distance_score, content_version) VALUES ('w-st-054', 'w-st-053', 0.50, 1) ON CONFLICT (word_id, distractor_word_id) DO NOTHING;
INSERT INTO distractors (word_id, distractor_word_id, distance_score, content_version) VALUES ('w-st-055', 'w-st-051', 0.50, 1) ON CONFLICT (word_id, distractor_word_id) DO NOTHING;
INSERT INTO distractors (word_id, distractor_word_id, distance_score, content_version) VALUES ('w-st-055', 'w-st-022', 0.50, 1) ON CONFLICT (word_id, distractor_word_id) DO NOTHING;
INSERT INTO distractors (word_id, distractor_word_id, distance_score, content_version) VALUES ('w-st-055', 'w-st-054', 0.50, 1) ON CONFLICT (word_id, distractor_word_id) DO NOTHING;
INSERT INTO distractors (word_id, distractor_word_id, distance_score, content_version) VALUES ('w-st-056', 'w-st-018', 0.50, 1) ON CONFLICT (word_id, distractor_word_id) DO NOTHING;
INSERT INTO distractors (word_id, distractor_word_id, distance_score, content_version) VALUES ('w-st-056', 'w-st-002', 0.50, 1) ON CONFLICT (word_id, distractor_word_id) DO NOTHING;
INSERT INTO distractors (word_id, distractor_word_id, distance_score, content_version) VALUES ('w-st-056', 'w-st-020', 0.50, 1) ON CONFLICT (word_id, distractor_word_id) DO NOTHING;
INSERT INTO distractors (word_id, distractor_word_id, distance_score, content_version) VALUES ('w-st-057', 'w-st-058', 0.50, 1) ON CONFLICT (word_id, distractor_word_id) DO NOTHING;
INSERT INTO distractors (word_id, distractor_word_id, distance_score, content_version) VALUES ('w-st-057', 'w-st-047', 0.50, 1) ON CONFLICT (word_id, distractor_word_id) DO NOTHING;
INSERT INTO distractors (word_id, distractor_word_id, distance_score, content_version) VALUES ('w-st-058', 'w-st-057', 0.50, 1) ON CONFLICT (word_id, distractor_word_id) DO NOTHING;
INSERT INTO distractors (word_id, distractor_word_id, distance_score, content_version) VALUES ('w-st-058', 'w-st-047', 0.50, 1) ON CONFLICT (word_id, distractor_word_id) DO NOTHING;
INSERT INTO distractors (word_id, distractor_word_id, distance_score, content_version) VALUES ('w-st-059', 'w-st-060', 0.50, 1) ON CONFLICT (word_id, distractor_word_id) DO NOTHING;
INSERT INTO distractors (word_id, distractor_word_id, distance_score, content_version) VALUES ('w-st-060', 'w-st-059', 0.50, 1) ON CONFLICT (word_id, distractor_word_id) DO NOTHING;
INSERT INTO distractors (word_id, distractor_word_id, distance_score, content_version) VALUES ('w-adj-001', 'w-adj-002', 0.50, 1) ON CONFLICT (word_id, distractor_word_id) DO NOTHING;
INSERT INTO distractors (word_id, distractor_word_id, distance_score, content_version) VALUES ('w-adj-001', 'w-adj-003', 0.50, 1) ON CONFLICT (word_id, distractor_word_id) DO NOTHING;
INSERT INTO distractors (word_id, distractor_word_id, distance_score, content_version) VALUES ('w-adj-001', 'w-adj-007', 0.50, 1) ON CONFLICT (word_id, distractor_word_id) DO NOTHING;
INSERT INTO distractors (word_id, distractor_word_id, distance_score, content_version) VALUES ('w-adj-002', 'w-adj-001', 0.50, 1) ON CONFLICT (word_id, distractor_word_id) DO NOTHING;
INSERT INTO distractors (word_id, distractor_word_id, distance_score, content_version) VALUES ('w-adj-002', 'w-adj-004', 0.50, 1) ON CONFLICT (word_id, distractor_word_id) DO NOTHING;
INSERT INTO distractors (word_id, distractor_word_id, distance_score, content_version) VALUES ('w-adj-002', 'w-adj-008', 0.50, 1) ON CONFLICT (word_id, distractor_word_id) DO NOTHING;
INSERT INTO distractors (word_id, distractor_word_id, distance_score, content_version) VALUES ('w-adj-003', 'w-adj-004', 0.50, 1) ON CONFLICT (word_id, distractor_word_id) DO NOTHING;
INSERT INTO distractors (word_id, distractor_word_id, distance_score, content_version) VALUES ('w-adj-003', 'w-adj-001', 0.50, 1) ON CONFLICT (word_id, distractor_word_id) DO NOTHING;
INSERT INTO distractors (word_id, distractor_word_id, distance_score, content_version) VALUES ('w-adj-003', 'w-adj-017', 0.50, 1) ON CONFLICT (word_id, distractor_word_id) DO NOTHING;
INSERT INTO distractors (word_id, distractor_word_id, distance_score, content_version) VALUES ('w-adj-004', 'w-adj-003', 0.50, 1) ON CONFLICT (word_id, distractor_word_id) DO NOTHING;
INSERT INTO distractors (word_id, distractor_word_id, distance_score, content_version) VALUES ('w-adj-004', 'w-adj-002', 0.50, 1) ON CONFLICT (word_id, distractor_word_id) DO NOTHING;
INSERT INTO distractors (word_id, distractor_word_id, distance_score, content_version) VALUES ('w-adj-004', 'w-adj-006', 0.50, 1) ON CONFLICT (word_id, distractor_word_id) DO NOTHING;
INSERT INTO distractors (word_id, distractor_word_id, distance_score, content_version) VALUES ('w-adj-005', 'w-adj-006', 0.50, 1) ON CONFLICT (word_id, distractor_word_id) DO NOTHING;
INSERT INTO distractors (word_id, distractor_word_id, distance_score, content_version) VALUES ('w-adj-005', 'w-adj-007', 0.50, 1) ON CONFLICT (word_id, distractor_word_id) DO NOTHING;
INSERT INTO distractors (word_id, distractor_word_id, distance_score, content_version) VALUES ('w-adj-005', 'w-adj-001', 0.50, 1) ON CONFLICT (word_id, distractor_word_id) DO NOTHING;
INSERT INTO distractors (word_id, distractor_word_id, distance_score, content_version) VALUES ('w-adj-006', 'w-adj-005', 0.50, 1) ON CONFLICT (word_id, distractor_word_id) DO NOTHING;
INSERT INTO distractors (word_id, distractor_word_id, distance_score, content_version) VALUES ('w-adj-006', 'w-adj-002', 0.50, 1) ON CONFLICT (word_id, distractor_word_id) DO NOTHING;
INSERT INTO distractors (word_id, distractor_word_id, distance_score, content_version) VALUES ('w-adj-006', 'w-adj-008', 0.50, 1) ON CONFLICT (word_id, distractor_word_id) DO NOTHING;
INSERT INTO distractors (word_id, distractor_word_id, distance_score, content_version) VALUES ('w-adj-007', 'w-adj-008', 0.50, 1) ON CONFLICT (word_id, distractor_word_id) DO NOTHING;
INSERT INTO distractors (word_id, distractor_word_id, distance_score, content_version) VALUES ('w-adj-007', 'w-adj-005', 0.50, 1) ON CONFLICT (word_id, distractor_word_id) DO NOTHING;
INSERT INTO distractors (word_id, distractor_word_id, distance_score, content_version) VALUES ('w-adj-007', 'w-adj-001', 0.50, 1) ON CONFLICT (word_id, distractor_word_id) DO NOTHING;
INSERT INTO distractors (word_id, distractor_word_id, distance_score, content_version) VALUES ('w-adj-008', 'w-adj-007', 0.50, 1) ON CONFLICT (word_id, distractor_word_id) DO NOTHING;
INSERT INTO distractors (word_id, distractor_word_id, distance_score, content_version) VALUES ('w-adj-008', 'w-adj-006', 0.50, 1) ON CONFLICT (word_id, distractor_word_id) DO NOTHING;
INSERT INTO distractors (word_id, distractor_word_id, distance_score, content_version) VALUES ('w-adj-008', 'w-adj-002', 0.50, 1) ON CONFLICT (word_id, distractor_word_id) DO NOTHING;
INSERT INTO distractors (word_id, distractor_word_id, distance_score, content_version) VALUES ('w-adj-009', 'w-adj-010', 0.50, 1) ON CONFLICT (word_id, distractor_word_id) DO NOTHING;
INSERT INTO distractors (word_id, distractor_word_id, distance_score, content_version) VALUES ('w-adj-009', 'w-adj-018', 0.50, 1) ON CONFLICT (word_id, distractor_word_id) DO NOTHING;
INSERT INTO distractors (word_id, distractor_word_id, distance_score, content_version) VALUES ('w-adj-009', 'w-adj-013', 0.50, 1) ON CONFLICT (word_id, distractor_word_id) DO NOTHING;
INSERT INTO distractors (word_id, distractor_word_id, distance_score, content_version) VALUES ('w-adj-010', 'w-adj-009', 0.50, 1) ON CONFLICT (word_id, distractor_word_id) DO NOTHING;
INSERT INTO distractors (word_id, distractor_word_id, distance_score, content_version) VALUES ('w-adj-010', 'w-adj-017', 0.50, 1) ON CONFLICT (word_id, distractor_word_id) DO NOTHING;
INSERT INTO distractors (word_id, distractor_word_id, distance_score, content_version) VALUES ('w-adj-010', 'w-adj-014', 0.50, 1) ON CONFLICT (word_id, distractor_word_id) DO NOTHING;
INSERT INTO distractors (word_id, distractor_word_id, distance_score, content_version) VALUES ('w-adj-011', 'w-adj-012', 0.50, 1) ON CONFLICT (word_id, distractor_word_id) DO NOTHING;
INSERT INTO distractors (word_id, distractor_word_id, distance_score, content_version) VALUES ('w-adj-011', 'w-adj-019', 0.50, 1) ON CONFLICT (word_id, distractor_word_id) DO NOTHING;
INSERT INTO distractors (word_id, distractor_word_id, distance_score, content_version) VALUES ('w-adj-011', 'w-adj-017', 0.50, 1) ON CONFLICT (word_id, distractor_word_id) DO NOTHING;
INSERT INTO distractors (word_id, distractor_word_id, distance_score, content_version) VALUES ('w-adj-012', 'w-adj-011', 0.50, 1) ON CONFLICT (word_id, distractor_word_id) DO NOTHING;
INSERT INTO distractors (word_id, distractor_word_id, distance_score, content_version) VALUES ('w-adj-012', 'w-adj-020', 0.50, 1) ON CONFLICT (word_id, distractor_word_id) DO NOTHING;
INSERT INTO distractors (word_id, distractor_word_id, distance_score, content_version) VALUES ('w-adj-012', 'w-adj-018', 0.50, 1) ON CONFLICT (word_id, distractor_word_id) DO NOTHING;
INSERT INTO distractors (word_id, distractor_word_id, distance_score, content_version) VALUES ('w-adj-013', 'w-adj-014', 0.50, 1) ON CONFLICT (word_id, distractor_word_id) DO NOTHING;
INSERT INTO distractors (word_id, distractor_word_id, distance_score, content_version) VALUES ('w-adj-013', 'w-adj-021', 0.50, 1) ON CONFLICT (word_id, distractor_word_id) DO NOTHING;
INSERT INTO distractors (word_id, distractor_word_id, distance_score, content_version) VALUES ('w-adj-013', 'w-adj-023', 0.50, 1) ON CONFLICT (word_id, distractor_word_id) DO NOTHING;
INSERT INTO distractors (word_id, distractor_word_id, distance_score, content_version) VALUES ('w-adj-014', 'w-adj-013', 0.50, 1) ON CONFLICT (word_id, distractor_word_id) DO NOTHING;
INSERT INTO distractors (word_id, distractor_word_id, distance_score, content_version) VALUES ('w-adj-014', 'w-adj-024', 0.50, 1) ON CONFLICT (word_id, distractor_word_id) DO NOTHING;
INSERT INTO distractors (word_id, distractor_word_id, distance_score, content_version) VALUES ('w-adj-014', 'w-adj-020', 0.50, 1) ON CONFLICT (word_id, distractor_word_id) DO NOTHING;
INSERT INTO distractors (word_id, distractor_word_id, distance_score, content_version) VALUES ('w-adj-015', 'w-adj-016', 0.50, 1) ON CONFLICT (word_id, distractor_word_id) DO NOTHING;
INSERT INTO distractors (word_id, distractor_word_id, distance_score, content_version) VALUES ('w-adj-015', 'w-adj-018', 0.50, 1) ON CONFLICT (word_id, distractor_word_id) DO NOTHING;
INSERT INTO distractors (word_id, distractor_word_id, distance_score, content_version) VALUES ('w-adj-015', 'w-adj-019', 0.50, 1) ON CONFLICT (word_id, distractor_word_id) DO NOTHING;
INSERT INTO distractors (word_id, distractor_word_id, distance_score, content_version) VALUES ('w-adj-016', 'w-adj-015', 0.50, 1) ON CONFLICT (word_id, distractor_word_id) DO NOTHING;
INSERT INTO distractors (word_id, distractor_word_id, distance_score, content_version) VALUES ('w-adj-016', 'w-adj-017', 0.50, 1) ON CONFLICT (word_id, distractor_word_id) DO NOTHING;
INSERT INTO distractors (word_id, distractor_word_id, distance_score, content_version) VALUES ('w-adj-016', 'w-adj-020', 0.50, 1) ON CONFLICT (word_id, distractor_word_id) DO NOTHING;
INSERT INTO distractors (word_id, distractor_word_id, distance_score, content_version) VALUES ('w-adj-017', 'w-adj-018', 0.50, 1) ON CONFLICT (word_id, distractor_word_id) DO NOTHING;
INSERT INTO distractors (word_id, distractor_word_id, distance_score, content_version) VALUES ('w-adj-017', 'w-adj-003', 0.50, 1) ON CONFLICT (word_id, distractor_word_id) DO NOTHING;
INSERT INTO distractors (word_id, distractor_word_id, distance_score, content_version) VALUES ('w-adj-017', 'w-adj-016', 0.50, 1) ON CONFLICT (word_id, distractor_word_id) DO NOTHING;
INSERT INTO distractors (word_id, distractor_word_id, distance_score, content_version) VALUES ('w-adj-018', 'w-adj-017', 0.50, 1) ON CONFLICT (word_id, distractor_word_id) DO NOTHING;
INSERT INTO distractors (word_id, distractor_word_id, distance_score, content_version) VALUES ('w-adj-018', 'w-adj-004', 0.50, 1) ON CONFLICT (word_id, distractor_word_id) DO NOTHING;
INSERT INTO distractors (word_id, distractor_word_id, distance_score, content_version) VALUES ('w-adj-018', 'w-adj-015', 0.50, 1) ON CONFLICT (word_id, distractor_word_id) DO NOTHING;
INSERT INTO distractors (word_id, distractor_word_id, distance_score, content_version) VALUES ('w-adj-019', 'w-adj-020', 0.50, 1) ON CONFLICT (word_id, distractor_word_id) DO NOTHING;
INSERT INTO distractors (word_id, distractor_word_id, distance_score, content_version) VALUES ('w-adj-019', 'w-adj-013', 0.50, 1) ON CONFLICT (word_id, distractor_word_id) DO NOTHING;
INSERT INTO distractors (word_id, distractor_word_id, distance_score, content_version) VALUES ('w-adj-019', 'w-adj-023', 0.50, 1) ON CONFLICT (word_id, distractor_word_id) DO NOTHING;
INSERT INTO distractors (word_id, distractor_word_id, distance_score, content_version) VALUES ('w-adj-020', 'w-adj-019', 0.50, 1) ON CONFLICT (word_id, distractor_word_id) DO NOTHING;
INSERT INTO distractors (word_id, distractor_word_id, distance_score, content_version) VALUES ('w-adj-020', 'w-adj-014', 0.50, 1) ON CONFLICT (word_id, distractor_word_id) DO NOTHING;
INSERT INTO distractors (word_id, distractor_word_id, distance_score, content_version) VALUES ('w-adj-020', 'w-adj-024', 0.50, 1) ON CONFLICT (word_id, distractor_word_id) DO NOTHING;
INSERT INTO distractors (word_id, distractor_word_id, distance_score, content_version) VALUES ('w-adj-021', 'w-adj-022', 0.50, 1) ON CONFLICT (word_id, distractor_word_id) DO NOTHING;
INSERT INTO distractors (word_id, distractor_word_id, distance_score, content_version) VALUES ('w-adj-021', 'w-adj-023', 0.50, 1) ON CONFLICT (word_id, distractor_word_id) DO NOTHING;
INSERT INTO distractors (word_id, distractor_word_id, distance_score, content_version) VALUES ('w-adj-021', 'w-adj-013', 0.50, 1) ON CONFLICT (word_id, distractor_word_id) DO NOTHING;
INSERT INTO distractors (word_id, distractor_word_id, distance_score, content_version) VALUES ('w-adj-022', 'w-adj-021', 0.50, 1) ON CONFLICT (word_id, distractor_word_id) DO NOTHING;
INSERT INTO distractors (word_id, distractor_word_id, distance_score, content_version) VALUES ('w-adj-022', 'w-adj-019', 0.50, 1) ON CONFLICT (word_id, distractor_word_id) DO NOTHING;
INSERT INTO distractors (word_id, distractor_word_id, distance_score, content_version) VALUES ('w-adj-022', 'w-adj-013', 0.50, 1) ON CONFLICT (word_id, distractor_word_id) DO NOTHING;
INSERT INTO distractors (word_id, distractor_word_id, distance_score, content_version) VALUES ('w-adj-023', 'w-adj-024', 0.50, 1) ON CONFLICT (word_id, distractor_word_id) DO NOTHING;
INSERT INTO distractors (word_id, distractor_word_id, distance_score, content_version) VALUES ('w-adj-023', 'w-adj-019', 0.50, 1) ON CONFLICT (word_id, distractor_word_id) DO NOTHING;
INSERT INTO distractors (word_id, distractor_word_id, distance_score, content_version) VALUES ('w-adj-023', 'w-adj-021', 0.50, 1) ON CONFLICT (word_id, distractor_word_id) DO NOTHING;
INSERT INTO distractors (word_id, distractor_word_id, distance_score, content_version) VALUES ('w-adj-024', 'w-adj-023', 0.50, 1) ON CONFLICT (word_id, distractor_word_id) DO NOTHING;
INSERT INTO distractors (word_id, distractor_word_id, distance_score, content_version) VALUES ('w-adj-024', 'w-adj-020', 0.50, 1) ON CONFLICT (word_id, distractor_word_id) DO NOTHING;
INSERT INTO distractors (word_id, distractor_word_id, distance_score, content_version) VALUES ('w-adj-024', 'w-adj-014', 0.50, 1) ON CONFLICT (word_id, distractor_word_id) DO NOTHING;
INSERT INTO distractors (word_id, distractor_word_id, distance_score, content_version) VALUES ('w-bod-001', 'w-pr-072', 0.50, 1) ON CONFLICT (word_id, distractor_word_id) DO NOTHING;
INSERT INTO distractors (word_id, distractor_word_id, distance_score, content_version) VALUES ('w-bod-001', 'w-pr-073', 0.50, 1) ON CONFLICT (word_id, distractor_word_id) DO NOTHING;
INSERT INTO distractors (word_id, distractor_word_id, distance_score, content_version) VALUES ('w-bod-001', 'w-bod-014', 0.50, 1) ON CONFLICT (word_id, distractor_word_id) DO NOTHING;
INSERT INTO distractors (word_id, distractor_word_id, distance_score, content_version) VALUES ('w-bod-002', 'w-pr-073', 0.50, 1) ON CONFLICT (word_id, distractor_word_id) DO NOTHING;
INSERT INTO distractors (word_id, distractor_word_id, distance_score, content_version) VALUES ('w-bod-002', 'w-bod-009', 0.50, 1) ON CONFLICT (word_id, distractor_word_id) DO NOTHING;
INSERT INTO distractors (word_id, distractor_word_id, distance_score, content_version) VALUES ('w-bod-002', 'w-bod-010', 0.50, 1) ON CONFLICT (word_id, distractor_word_id) DO NOTHING;
INSERT INTO distractors (word_id, distractor_word_id, distance_score, content_version) VALUES ('w-bod-003', 'w-pr-072', 0.50, 1) ON CONFLICT (word_id, distractor_word_id) DO NOTHING;
INSERT INTO distractors (word_id, distractor_word_id, distance_score, content_version) VALUES ('w-bod-003', 'w-pr-074', 0.50, 1) ON CONFLICT (word_id, distractor_word_id) DO NOTHING;
INSERT INTO distractors (word_id, distractor_word_id, distance_score, content_version) VALUES ('w-bod-003', 'w-bod-006', 0.50, 1) ON CONFLICT (word_id, distractor_word_id) DO NOTHING;
INSERT INTO distractors (word_id, distractor_word_id, distance_score, content_version) VALUES ('w-bod-004', 'w-bod-005', 0.50, 1) ON CONFLICT (word_id, distractor_word_id) DO NOTHING;
INSERT INTO distractors (word_id, distractor_word_id, distance_score, content_version) VALUES ('w-bod-004', 'w-bod-006', 0.50, 1) ON CONFLICT (word_id, distractor_word_id) DO NOTHING;
INSERT INTO distractors (word_id, distractor_word_id, distance_score, content_version) VALUES ('w-bod-004', 'w-bod-007', 0.50, 1) ON CONFLICT (word_id, distractor_word_id) DO NOTHING;
INSERT INTO distractors (word_id, distractor_word_id, distance_score, content_version) VALUES ('w-bod-005', 'w-pr-074', 0.50, 1) ON CONFLICT (word_id, distractor_word_id) DO NOTHING;
INSERT INTO distractors (word_id, distractor_word_id, distance_score, content_version) VALUES ('w-bod-005', 'w-bod-006', 0.50, 1) ON CONFLICT (word_id, distractor_word_id) DO NOTHING;
INSERT INTO distractors (word_id, distractor_word_id, distance_score, content_version) VALUES ('w-bod-005', 'w-bod-007', 0.50, 1) ON CONFLICT (word_id, distractor_word_id) DO NOTHING;
INSERT INTO distractors (word_id, distractor_word_id, distance_score, content_version) VALUES ('w-bod-006', 'w-pr-074', 0.50, 1) ON CONFLICT (word_id, distractor_word_id) DO NOTHING;
INSERT INTO distractors (word_id, distractor_word_id, distance_score, content_version) VALUES ('w-bod-006', 'w-bod-005', 0.50, 1) ON CONFLICT (word_id, distractor_word_id) DO NOTHING;
INSERT INTO distractors (word_id, distractor_word_id, distance_score, content_version) VALUES ('w-bod-006', 'w-bod-007', 0.50, 1) ON CONFLICT (word_id, distractor_word_id) DO NOTHING;
INSERT INTO distractors (word_id, distractor_word_id, distance_score, content_version) VALUES ('w-bod-007', 'w-pr-074', 0.50, 1) ON CONFLICT (word_id, distractor_word_id) DO NOTHING;
INSERT INTO distractors (word_id, distractor_word_id, distance_score, content_version) VALUES ('w-bod-007', 'w-bod-005', 0.50, 1) ON CONFLICT (word_id, distractor_word_id) DO NOTHING;
INSERT INTO distractors (word_id, distractor_word_id, distance_score, content_version) VALUES ('w-bod-007', 'w-bod-006', 0.50, 1) ON CONFLICT (word_id, distractor_word_id) DO NOTHING;
INSERT INTO distractors (word_id, distractor_word_id, distance_score, content_version) VALUES ('w-bod-008', 'w-bod-006', 0.50, 1) ON CONFLICT (word_id, distractor_word_id) DO NOTHING;
INSERT INTO distractors (word_id, distractor_word_id, distance_score, content_version) VALUES ('w-bod-008', 'w-bod-005', 0.50, 1) ON CONFLICT (word_id, distractor_word_id) DO NOTHING;
INSERT INTO distractors (word_id, distractor_word_id, distance_score, content_version) VALUES ('w-bod-008', 'w-bod-007', 0.50, 1) ON CONFLICT (word_id, distractor_word_id) DO NOTHING;
INSERT INTO distractors (word_id, distractor_word_id, distance_score, content_version) VALUES ('w-bod-009', 'w-pr-072', 0.50, 1) ON CONFLICT (word_id, distractor_word_id) DO NOTHING;
INSERT INTO distractors (word_id, distractor_word_id, distance_score, content_version) VALUES ('w-bod-009', 'w-bod-010', 0.50, 1) ON CONFLICT (word_id, distractor_word_id) DO NOTHING;
INSERT INTO distractors (word_id, distractor_word_id, distance_score, content_version) VALUES ('w-bod-009', 'w-bod-011', 0.50, 1) ON CONFLICT (word_id, distractor_word_id) DO NOTHING;
INSERT INTO distractors (word_id, distractor_word_id, distance_score, content_version) VALUES ('w-bod-010', 'w-bod-009', 0.50, 1) ON CONFLICT (word_id, distractor_word_id) DO NOTHING;
INSERT INTO distractors (word_id, distractor_word_id, distance_score, content_version) VALUES ('w-bod-010', 'w-bod-011', 0.50, 1) ON CONFLICT (word_id, distractor_word_id) DO NOTHING;
INSERT INTO distractors (word_id, distractor_word_id, distance_score, content_version) VALUES ('w-bod-010', 'w-bod-018', 0.50, 1) ON CONFLICT (word_id, distractor_word_id) DO NOTHING;
INSERT INTO distractors (word_id, distractor_word_id, distance_score, content_version) VALUES ('w-bod-011', 'w-pr-075', 0.50, 1) ON CONFLICT (word_id, distractor_word_id) DO NOTHING;
INSERT INTO distractors (word_id, distractor_word_id, distance_score, content_version) VALUES ('w-bod-011', 'w-bod-014', 0.50, 1) ON CONFLICT (word_id, distractor_word_id) DO NOTHING;
INSERT INTO distractors (word_id, distractor_word_id, distance_score, content_version) VALUES ('w-bod-011', 'w-bod-010', 0.50, 1) ON CONFLICT (word_id, distractor_word_id) DO NOTHING;
INSERT INTO distractors (word_id, distractor_word_id, distance_score, content_version) VALUES ('w-bod-012', 'w-bod-011', 0.50, 1) ON CONFLICT (word_id, distractor_word_id) DO NOTHING;
INSERT INTO distractors (word_id, distractor_word_id, distance_score, content_version) VALUES ('w-bod-012', 'w-pr-076', 0.50, 1) ON CONFLICT (word_id, distractor_word_id) DO NOTHING;
INSERT INTO distractors (word_id, distractor_word_id, distance_score, content_version) VALUES ('w-bod-012', 'w-bod-013', 0.50, 1) ON CONFLICT (word_id, distractor_word_id) DO NOTHING;
INSERT INTO distractors (word_id, distractor_word_id, distance_score, content_version) VALUES ('w-bod-013', 'w-pr-075', 0.50, 1) ON CONFLICT (word_id, distractor_word_id) DO NOTHING;
INSERT INTO distractors (word_id, distractor_word_id, distance_score, content_version) VALUES ('w-bod-013', 'w-pr-076', 0.50, 1) ON CONFLICT (word_id, distractor_word_id) DO NOTHING;
INSERT INTO distractors (word_id, distractor_word_id, distance_score, content_version) VALUES ('w-bod-013', 'w-bod-011', 0.50, 1) ON CONFLICT (word_id, distractor_word_id) DO NOTHING;
INSERT INTO distractors (word_id, distractor_word_id, distance_score, content_version) VALUES ('w-bod-014', 'w-bod-011', 0.50, 1) ON CONFLICT (word_id, distractor_word_id) DO NOTHING;
INSERT INTO distractors (word_id, distractor_word_id, distance_score, content_version) VALUES ('w-bod-014', 'w-pr-076', 0.50, 1) ON CONFLICT (word_id, distractor_word_id) DO NOTHING;
INSERT INTO distractors (word_id, distractor_word_id, distance_score, content_version) VALUES ('w-bod-014', 'w-bod-016', 0.50, 1) ON CONFLICT (word_id, distractor_word_id) DO NOTHING;
INSERT INTO distractors (word_id, distractor_word_id, distance_score, content_version) VALUES ('w-bod-015', 'w-pr-075', 0.50, 1) ON CONFLICT (word_id, distractor_word_id) DO NOTHING;
INSERT INTO distractors (word_id, distractor_word_id, distance_score, content_version) VALUES ('w-bod-015', 'w-bod-014', 0.50, 1) ON CONFLICT (word_id, distractor_word_id) DO NOTHING;
INSERT INTO distractors (word_id, distractor_word_id, distance_score, content_version) VALUES ('w-bod-015', 'w-bod-016', 0.50, 1) ON CONFLICT (word_id, distractor_word_id) DO NOTHING;
INSERT INTO distractors (word_id, distractor_word_id, distance_score, content_version) VALUES ('w-bod-016', 'w-bod-014', 0.50, 1) ON CONFLICT (word_id, distractor_word_id) DO NOTHING;
INSERT INTO distractors (word_id, distractor_word_id, distance_score, content_version) VALUES ('w-bod-016', 'w-pr-076', 0.50, 1) ON CONFLICT (word_id, distractor_word_id) DO NOTHING;
INSERT INTO distractors (word_id, distractor_word_id, distance_score, content_version) VALUES ('w-bod-016', 'w-bod-011', 0.50, 1) ON CONFLICT (word_id, distractor_word_id) DO NOTHING;
INSERT INTO distractors (word_id, distractor_word_id, distance_score, content_version) VALUES ('w-bod-017', 'w-bod-018', 0.50, 1) ON CONFLICT (word_id, distractor_word_id) DO NOTHING;
INSERT INTO distractors (word_id, distractor_word_id, distance_score, content_version) VALUES ('w-bod-017', 'w-bod-019', 0.50, 1) ON CONFLICT (word_id, distractor_word_id) DO NOTHING;
INSERT INTO distractors (word_id, distractor_word_id, distance_score, content_version) VALUES ('w-bod-017', 'w-bod-009', 0.50, 1) ON CONFLICT (word_id, distractor_word_id) DO NOTHING;
INSERT INTO distractors (word_id, distractor_word_id, distance_score, content_version) VALUES ('w-bod-018', 'w-bod-017', 0.50, 1) ON CONFLICT (word_id, distractor_word_id) DO NOTHING;
INSERT INTO distractors (word_id, distractor_word_id, distance_score, content_version) VALUES ('w-bod-018', 'w-bod-019', 0.50, 1) ON CONFLICT (word_id, distractor_word_id) DO NOTHING;
INSERT INTO distractors (word_id, distractor_word_id, distance_score, content_version) VALUES ('w-bod-018', 'w-bod-010', 0.50, 1) ON CONFLICT (word_id, distractor_word_id) DO NOTHING;
INSERT INTO distractors (word_id, distractor_word_id, distance_score, content_version) VALUES ('w-bod-019', 'w-bod-017', 0.50, 1) ON CONFLICT (word_id, distractor_word_id) DO NOTHING;
INSERT INTO distractors (word_id, distractor_word_id, distance_score, content_version) VALUES ('w-bod-019', 'w-bod-018', 0.50, 1) ON CONFLICT (word_id, distractor_word_id) DO NOTHING;
INSERT INTO distractors (word_id, distractor_word_id, distance_score, content_version) VALUES ('w-bod-019', 'w-bod-022', 0.50, 1) ON CONFLICT (word_id, distractor_word_id) DO NOTHING;
INSERT INTO distractors (word_id, distractor_word_id, distance_score, content_version) VALUES ('w-bod-020', 'w-pr-072', 0.50, 1) ON CONFLICT (word_id, distractor_word_id) DO NOTHING;
INSERT INTO distractors (word_id, distractor_word_id, distance_score, content_version) VALUES ('w-bod-020', 'w-pr-073', 0.50, 1) ON CONFLICT (word_id, distractor_word_id) DO NOTHING;
INSERT INTO distractors (word_id, distractor_word_id, distance_score, content_version) VALUES ('w-bod-020', 'w-bod-021', 0.50, 1) ON CONFLICT (word_id, distractor_word_id) DO NOTHING;
INSERT INTO distractors (word_id, distractor_word_id, distance_score, content_version) VALUES ('w-bod-021', 'w-pr-073', 0.50, 1) ON CONFLICT (word_id, distractor_word_id) DO NOTHING;
INSERT INTO distractors (word_id, distractor_word_id, distance_score, content_version) VALUES ('w-bod-021', 'w-bod-020', 0.50, 1) ON CONFLICT (word_id, distractor_word_id) DO NOTHING;
INSERT INTO distractors (word_id, distractor_word_id, distance_score, content_version) VALUES ('w-bod-021', 'w-bod-019', 0.50, 1) ON CONFLICT (word_id, distractor_word_id) DO NOTHING;
INSERT INTO distractors (word_id, distractor_word_id, distance_score, content_version) VALUES ('w-bod-022', 'w-bod-019', 0.50, 1) ON CONFLICT (word_id, distractor_word_id) DO NOTHING;
INSERT INTO distractors (word_id, distractor_word_id, distance_score, content_version) VALUES ('w-bod-022', 'w-bod-017', 0.50, 1) ON CONFLICT (word_id, distractor_word_id) DO NOTHING;
INSERT INTO distractors (word_id, distractor_word_id, distance_score, content_version) VALUES ('w-bod-022', 'w-bod-018', 0.50, 1) ON CONFLICT (word_id, distractor_word_id) DO NOTHING;
INSERT INTO distractors (word_id, distractor_word_id, distance_score, content_version) VALUES ('w-cal-001', 'w-cal-002', 0.50, 1) ON CONFLICT (word_id, distractor_word_id) DO NOTHING;
INSERT INTO distractors (word_id, distractor_word_id, distance_score, content_version) VALUES ('w-cal-001', 'w-cal-003', 0.50, 1) ON CONFLICT (word_id, distractor_word_id) DO NOTHING;
INSERT INTO distractors (word_id, distractor_word_id, distance_score, content_version) VALUES ('w-cal-001', 'w-cal-012', 0.50, 1) ON CONFLICT (word_id, distractor_word_id) DO NOTHING;
INSERT INTO distractors (word_id, distractor_word_id, distance_score, content_version) VALUES ('w-cal-002', 'w-cal-001', 0.50, 1) ON CONFLICT (word_id, distractor_word_id) DO NOTHING;
INSERT INTO distractors (word_id, distractor_word_id, distance_score, content_version) VALUES ('w-cal-002', 'w-cal-003', 0.50, 1) ON CONFLICT (word_id, distractor_word_id) DO NOTHING;
INSERT INTO distractors (word_id, distractor_word_id, distance_score, content_version) VALUES ('w-cal-002', 'w-cal-010', 0.50, 1) ON CONFLICT (word_id, distractor_word_id) DO NOTHING;
INSERT INTO distractors (word_id, distractor_word_id, distance_score, content_version) VALUES ('w-cal-003', 'w-cal-004', 0.50, 1) ON CONFLICT (word_id, distractor_word_id) DO NOTHING;
INSERT INTO distractors (word_id, distractor_word_id, distance_score, content_version) VALUES ('w-cal-003', 'w-cal-002', 0.50, 1) ON CONFLICT (word_id, distractor_word_id) DO NOTHING;
INSERT INTO distractors (word_id, distractor_word_id, distance_score, content_version) VALUES ('w-cal-003', 'w-cal-005', 0.50, 1) ON CONFLICT (word_id, distractor_word_id) DO NOTHING;
INSERT INTO distractors (word_id, distractor_word_id, distance_score, content_version) VALUES ('w-cal-004', 'w-cal-003', 0.50, 1) ON CONFLICT (word_id, distractor_word_id) DO NOTHING;
INSERT INTO distractors (word_id, distractor_word_id, distance_score, content_version) VALUES ('w-cal-004', 'w-cal-005', 0.50, 1) ON CONFLICT (word_id, distractor_word_id) DO NOTHING;
INSERT INTO distractors (word_id, distractor_word_id, distance_score, content_version) VALUES ('w-cal-004', 'w-cal-006', 0.50, 1) ON CONFLICT (word_id, distractor_word_id) DO NOTHING;
INSERT INTO distractors (word_id, distractor_word_id, distance_score, content_version) VALUES ('w-cal-005', 'w-cal-004', 0.50, 1) ON CONFLICT (word_id, distractor_word_id) DO NOTHING;
INSERT INTO distractors (word_id, distractor_word_id, distance_score, content_version) VALUES ('w-cal-005', 'w-cal-006', 0.50, 1) ON CONFLICT (word_id, distractor_word_id) DO NOTHING;
INSERT INTO distractors (word_id, distractor_word_id, distance_score, content_version) VALUES ('w-cal-005', 'w-cal-003', 0.50, 1) ON CONFLICT (word_id, distractor_word_id) DO NOTHING;
INSERT INTO distractors (word_id, distractor_word_id, distance_score, content_version) VALUES ('w-cal-006', 'w-cal-005', 0.50, 1) ON CONFLICT (word_id, distractor_word_id) DO NOTHING;
INSERT INTO distractors (word_id, distractor_word_id, distance_score, content_version) VALUES ('w-cal-006', 'w-cal-007', 0.50, 1) ON CONFLICT (word_id, distractor_word_id) DO NOTHING;
INSERT INTO distractors (word_id, distractor_word_id, distance_score, content_version) VALUES ('w-cal-006', 'w-cal-010', 0.50, 1) ON CONFLICT (word_id, distractor_word_id) DO NOTHING;
INSERT INTO distractors (word_id, distractor_word_id, distance_score, content_version) VALUES ('w-cal-007', 'w-cal-008', 0.50, 1) ON CONFLICT (word_id, distractor_word_id) DO NOTHING;
INSERT INTO distractors (word_id, distractor_word_id, distance_score, content_version) VALUES ('w-cal-007', 'w-cal-006', 0.50, 1) ON CONFLICT (word_id, distractor_word_id) DO NOTHING;
INSERT INTO distractors (word_id, distractor_word_id, distance_score, content_version) VALUES ('w-cal-007', 'w-cal-009', 0.50, 1) ON CONFLICT (word_id, distractor_word_id) DO NOTHING;
INSERT INTO distractors (word_id, distractor_word_id, distance_score, content_version) VALUES ('w-cal-008', 'w-cal-007', 0.50, 1) ON CONFLICT (word_id, distractor_word_id) DO NOTHING;
INSERT INTO distractors (word_id, distractor_word_id, distance_score, content_version) VALUES ('w-cal-008', 'w-cal-009', 0.50, 1) ON CONFLICT (word_id, distractor_word_id) DO NOTHING;
INSERT INTO distractors (word_id, distractor_word_id, distance_score, content_version) VALUES ('w-cal-008', 'w-cal-010', 0.50, 1) ON CONFLICT (word_id, distractor_word_id) DO NOTHING;
INSERT INTO distractors (word_id, distractor_word_id, distance_score, content_version) VALUES ('w-cal-009', 'w-cal-008', 0.50, 1) ON CONFLICT (word_id, distractor_word_id) DO NOTHING;
INSERT INTO distractors (word_id, distractor_word_id, distance_score, content_version) VALUES ('w-cal-009', 'w-cal-010', 0.50, 1) ON CONFLICT (word_id, distractor_word_id) DO NOTHING;
INSERT INTO distractors (word_id, distractor_word_id, distance_score, content_version) VALUES ('w-cal-009', 'w-cal-011', 0.50, 1) ON CONFLICT (word_id, distractor_word_id) DO NOTHING;
INSERT INTO distractors (word_id, distractor_word_id, distance_score, content_version) VALUES ('w-cal-010', 'w-cal-009', 0.50, 1) ON CONFLICT (word_id, distractor_word_id) DO NOTHING;
INSERT INTO distractors (word_id, distractor_word_id, distance_score, content_version) VALUES ('w-cal-010', 'w-cal-011', 0.50, 1) ON CONFLICT (word_id, distractor_word_id) DO NOTHING;
INSERT INTO distractors (word_id, distractor_word_id, distance_score, content_version) VALUES ('w-cal-010', 'w-cal-012', 0.50, 1) ON CONFLICT (word_id, distractor_word_id) DO NOTHING;
INSERT INTO distractors (word_id, distractor_word_id, distance_score, content_version) VALUES ('w-cal-011', 'w-cal-012', 0.50, 1) ON CONFLICT (word_id, distractor_word_id) DO NOTHING;
INSERT INTO distractors (word_id, distractor_word_id, distance_score, content_version) VALUES ('w-cal-011', 'w-cal-010', 0.50, 1) ON CONFLICT (word_id, distractor_word_id) DO NOTHING;
INSERT INTO distractors (word_id, distractor_word_id, distance_score, content_version) VALUES ('w-cal-011', 'w-cal-009', 0.50, 1) ON CONFLICT (word_id, distractor_word_id) DO NOTHING;
INSERT INTO distractors (word_id, distractor_word_id, distance_score, content_version) VALUES ('w-cal-012', 'w-cal-011', 0.50, 1) ON CONFLICT (word_id, distractor_word_id) DO NOTHING;
INSERT INTO distractors (word_id, distractor_word_id, distance_score, content_version) VALUES ('w-cal-012', 'w-cal-001', 0.50, 1) ON CONFLICT (word_id, distractor_word_id) DO NOTHING;
INSERT INTO distractors (word_id, distractor_word_id, distance_score, content_version) VALUES ('w-cal-012', 'w-cal-010', 0.50, 1) ON CONFLICT (word_id, distractor_word_id) DO NOTHING;
INSERT INTO distractors (word_id, distractor_word_id, distance_score, content_version) VALUES ('w-cal-013', 'w-cal-014', 0.50, 1) ON CONFLICT (word_id, distractor_word_id) DO NOTHING;
INSERT INTO distractors (word_id, distractor_word_id, distance_score, content_version) VALUES ('w-cal-013', 'w-cal-015', 0.50, 1) ON CONFLICT (word_id, distractor_word_id) DO NOTHING;
INSERT INTO distractors (word_id, distractor_word_id, distance_score, content_version) VALUES ('w-cal-013', 'w-cal-020', 0.50, 1) ON CONFLICT (word_id, distractor_word_id) DO NOTHING;
INSERT INTO distractors (word_id, distractor_word_id, distance_score, content_version) VALUES ('w-cal-014', 'w-cal-015', 0.50, 1) ON CONFLICT (word_id, distractor_word_id) DO NOTHING;
INSERT INTO distractors (word_id, distractor_word_id, distance_score, content_version) VALUES ('w-cal-014', 'w-cal-019', 0.50, 1) ON CONFLICT (word_id, distractor_word_id) DO NOTHING;
INSERT INTO distractors (word_id, distractor_word_id, distance_score, content_version) VALUES ('w-cal-014', 'w-cal-013', 0.50, 1) ON CONFLICT (word_id, distractor_word_id) DO NOTHING;
INSERT INTO distractors (word_id, distractor_word_id, distance_score, content_version) VALUES ('w-cal-015', 'w-cal-014', 0.50, 1) ON CONFLICT (word_id, distractor_word_id) DO NOTHING;
INSERT INTO distractors (word_id, distractor_word_id, distance_score, content_version) VALUES ('w-cal-015', 'w-cal-018', 0.50, 1) ON CONFLICT (word_id, distractor_word_id) DO NOTHING;
INSERT INTO distractors (word_id, distractor_word_id, distance_score, content_version) VALUES ('w-cal-015', 'w-cal-013', 0.50, 1) ON CONFLICT (word_id, distractor_word_id) DO NOTHING;
INSERT INTO distractors (word_id, distractor_word_id, distance_score, content_version) VALUES ('w-cal-016', 'w-cal-017', 0.50, 1) ON CONFLICT (word_id, distractor_word_id) DO NOTHING;
INSERT INTO distractors (word_id, distractor_word_id, distance_score, content_version) VALUES ('w-cal-016', 'w-cal-018', 0.50, 1) ON CONFLICT (word_id, distractor_word_id) DO NOTHING;
INSERT INTO distractors (word_id, distractor_word_id, distance_score, content_version) VALUES ('w-cal-016', 'w-cal-015', 0.50, 1) ON CONFLICT (word_id, distractor_word_id) DO NOTHING;
INSERT INTO distractors (word_id, distractor_word_id, distance_score, content_version) VALUES ('w-cal-017', 'w-cal-016', 0.50, 1) ON CONFLICT (word_id, distractor_word_id) DO NOTHING;
INSERT INTO distractors (word_id, distractor_word_id, distance_score, content_version) VALUES ('w-cal-017', 'w-cal-018', 0.50, 1) ON CONFLICT (word_id, distractor_word_id) DO NOTHING;
INSERT INTO distractors (word_id, distractor_word_id, distance_score, content_version) VALUES ('w-cal-017', 'w-cal-014', 0.50, 1) ON CONFLICT (word_id, distractor_word_id) DO NOTHING;
INSERT INTO distractors (word_id, distractor_word_id, distance_score, content_version) VALUES ('w-cal-018', 'w-cal-016', 0.50, 1) ON CONFLICT (word_id, distractor_word_id) DO NOTHING;
INSERT INTO distractors (word_id, distractor_word_id, distance_score, content_version) VALUES ('w-cal-018', 'w-cal-017', 0.50, 1) ON CONFLICT (word_id, distractor_word_id) DO NOTHING;
INSERT INTO distractors (word_id, distractor_word_id, distance_score, content_version) VALUES ('w-cal-018', 'w-cal-015', 0.50, 1) ON CONFLICT (word_id, distractor_word_id) DO NOTHING;
INSERT INTO distractors (word_id, distractor_word_id, distance_score, content_version) VALUES ('w-cal-019', 'w-cal-014', 0.50, 1) ON CONFLICT (word_id, distractor_word_id) DO NOTHING;
INSERT INTO distractors (word_id, distractor_word_id, distance_score, content_version) VALUES ('w-cal-019', 'w-cal-015', 0.50, 1) ON CONFLICT (word_id, distractor_word_id) DO NOTHING;
INSERT INTO distractors (word_id, distractor_word_id, distance_score, content_version) VALUES ('w-cal-019', 'w-cal-020', 0.50, 1) ON CONFLICT (word_id, distractor_word_id) DO NOTHING;
INSERT INTO distractors (word_id, distractor_word_id, distance_score, content_version) VALUES ('w-cal-020', 'w-cal-014', 0.50, 1) ON CONFLICT (word_id, distractor_word_id) DO NOTHING;
INSERT INTO distractors (word_id, distractor_word_id, distance_score, content_version) VALUES ('w-cal-020', 'w-cal-019', 0.50, 1) ON CONFLICT (word_id, distractor_word_id) DO NOTHING;
INSERT INTO distractors (word_id, distractor_word_id, distance_score, content_version) VALUES ('w-cal-020', 'w-cal-013', 0.50, 1) ON CONFLICT (word_id, distractor_word_id) DO NOTHING;
INSERT INTO distractors (word_id, distractor_word_id, distance_score, content_version) VALUES ('w-col-001', 'w-pr-101', 0.50, 1) ON CONFLICT (word_id, distractor_word_id) DO NOTHING;
INSERT INTO distractors (word_id, distractor_word_id, distance_score, content_version) VALUES ('w-col-001', 'w-pr-102', 0.50, 1) ON CONFLICT (word_id, distractor_word_id) DO NOTHING;
INSERT INTO distractors (word_id, distractor_word_id, distance_score, content_version) VALUES ('w-col-001', 'w-pr-103', 0.50, 1) ON CONFLICT (word_id, distractor_word_id) DO NOTHING;
INSERT INTO distractors (word_id, distractor_word_id, distance_score, content_version) VALUES ('w-col-002', 'w-pr-102', 0.50, 1) ON CONFLICT (word_id, distractor_word_id) DO NOTHING;
INSERT INTO distractors (word_id, distractor_word_id, distance_score, content_version) VALUES ('w-col-002', 'w-pr-103', 0.50, 1) ON CONFLICT (word_id, distractor_word_id) DO NOTHING;
INSERT INTO distractors (word_id, distractor_word_id, distance_score, content_version) VALUES ('w-col-002', 'w-pr-104', 0.50, 1) ON CONFLICT (word_id, distractor_word_id) DO NOTHING;
INSERT INTO distractors (word_id, distractor_word_id, distance_score, content_version) VALUES ('w-col-003', 'w-pr-101', 0.50, 1) ON CONFLICT (word_id, distractor_word_id) DO NOTHING;
INSERT INTO distractors (word_id, distractor_word_id, distance_score, content_version) VALUES ('w-col-003', 'w-pr-104', 0.50, 1) ON CONFLICT (word_id, distractor_word_id) DO NOTHING;
INSERT INTO distractors (word_id, distractor_word_id, distance_score, content_version) VALUES ('w-col-003', 'w-pr-103', 0.50, 1) ON CONFLICT (word_id, distractor_word_id) DO NOTHING;
INSERT INTO distractors (word_id, distractor_word_id, distance_score, content_version) VALUES ('w-col-004', 'w-pr-101', 0.50, 1) ON CONFLICT (word_id, distractor_word_id) DO NOTHING;
INSERT INTO distractors (word_id, distractor_word_id, distance_score, content_version) VALUES ('w-col-004', 'w-pr-102', 0.50, 1) ON CONFLICT (word_id, distractor_word_id) DO NOTHING;
INSERT INTO distractors (word_id, distractor_word_id, distance_score, content_version) VALUES ('w-col-004', 'w-pr-104', 0.50, 1) ON CONFLICT (word_id, distractor_word_id) DO NOTHING;
INSERT INTO distractors (word_id, distractor_word_id, distance_score, content_version) VALUES ('w-col-005', 'w-pr-102', 0.50, 1) ON CONFLICT (word_id, distractor_word_id) DO NOTHING;
INSERT INTO distractors (word_id, distractor_word_id, distance_score, content_version) VALUES ('w-col-005', 'w-pr-103', 0.50, 1) ON CONFLICT (word_id, distractor_word_id) DO NOTHING;
INSERT INTO distractors (word_id, distractor_word_id, distance_score, content_version) VALUES ('w-col-005', 'w-col-011', 0.50, 1) ON CONFLICT (word_id, distractor_word_id) DO NOTHING;
INSERT INTO distractors (word_id, distractor_word_id, distance_score, content_version) VALUES ('w-col-006', 'w-pr-106', 0.50, 1) ON CONFLICT (word_id, distractor_word_id) DO NOTHING;
INSERT INTO distractors (word_id, distractor_word_id, distance_score, content_version) VALUES ('w-col-006', 'w-pr-107', 0.50, 1) ON CONFLICT (word_id, distractor_word_id) DO NOTHING;
INSERT INTO distractors (word_id, distractor_word_id, distance_score, content_version) VALUES ('w-col-006', 'w-col-011', 0.50, 1) ON CONFLICT (word_id, distractor_word_id) DO NOTHING;
INSERT INTO distractors (word_id, distractor_word_id, distance_score, content_version) VALUES ('w-col-007', 'w-pr-105', 0.50, 1) ON CONFLICT (word_id, distractor_word_id) DO NOTHING;
INSERT INTO distractors (word_id, distractor_word_id, distance_score, content_version) VALUES ('w-col-007', 'w-pr-107', 0.50, 1) ON CONFLICT (word_id, distractor_word_id) DO NOTHING;
INSERT INTO distractors (word_id, distractor_word_id, distance_score, content_version) VALUES ('w-col-007', 'w-col-008', 0.50, 1) ON CONFLICT (word_id, distractor_word_id) DO NOTHING;
INSERT INTO distractors (word_id, distractor_word_id, distance_score, content_version) VALUES ('w-col-008', 'w-pr-101', 0.50, 1) ON CONFLICT (word_id, distractor_word_id) DO NOTHING;
INSERT INTO distractors (word_id, distractor_word_id, distance_score, content_version) VALUES ('w-col-008', 'w-col-009', 0.50, 1) ON CONFLICT (word_id, distractor_word_id) DO NOTHING;
INSERT INTO distractors (word_id, distractor_word_id, distance_score, content_version) VALUES ('w-col-008', 'w-col-010', 0.50, 1) ON CONFLICT (word_id, distractor_word_id) DO NOTHING;
INSERT INTO distractors (word_id, distractor_word_id, distance_score, content_version) VALUES ('w-col-009', 'w-col-008', 0.50, 1) ON CONFLICT (word_id, distractor_word_id) DO NOTHING;
INSERT INTO distractors (word_id, distractor_word_id, distance_score, content_version) VALUES ('w-col-009', 'w-pr-102', 0.50, 1) ON CONFLICT (word_id, distractor_word_id) DO NOTHING;
INSERT INTO distractors (word_id, distractor_word_id, distance_score, content_version) VALUES ('w-col-009', 'w-pr-101', 0.50, 1) ON CONFLICT (word_id, distractor_word_id) DO NOTHING;
INSERT INTO distractors (word_id, distractor_word_id, distance_score, content_version) VALUES ('w-col-010', 'w-pr-101', 0.50, 1) ON CONFLICT (word_id, distractor_word_id) DO NOTHING;
INSERT INTO distractors (word_id, distractor_word_id, distance_score, content_version) VALUES ('w-col-010', 'w-pr-103', 0.50, 1) ON CONFLICT (word_id, distractor_word_id) DO NOTHING;
INSERT INTO distractors (word_id, distractor_word_id, distance_score, content_version) VALUES ('w-col-010', 'w-col-008', 0.50, 1) ON CONFLICT (word_id, distractor_word_id) DO NOTHING;
INSERT INTO distractors (word_id, distractor_word_id, distance_score, content_version) VALUES ('w-col-011', 'w-pr-104', 0.50, 1) ON CONFLICT (word_id, distractor_word_id) DO NOTHING;
INSERT INTO distractors (word_id, distractor_word_id, distance_score, content_version) VALUES ('w-col-011', 'w-pr-107', 0.50, 1) ON CONFLICT (word_id, distractor_word_id) DO NOTHING;
INSERT INTO distractors (word_id, distractor_word_id, distance_score, content_version) VALUES ('w-col-011', 'w-pr-105', 0.50, 1) ON CONFLICT (word_id, distractor_word_id) DO NOTHING;
INSERT INTO distractors (word_id, distractor_word_id, distance_score, content_version) VALUES ('w-col-012', 'w-pr-105', 0.50, 1) ON CONFLICT (word_id, distractor_word_id) DO NOTHING;
INSERT INTO distractors (word_id, distractor_word_id, distance_score, content_version) VALUES ('w-col-012', 'w-pr-106', 0.50, 1) ON CONFLICT (word_id, distractor_word_id) DO NOTHING;
INSERT INTO distractors (word_id, distractor_word_id, distance_score, content_version) VALUES ('w-col-012', 'w-col-011', 0.50, 1) ON CONFLICT (word_id, distractor_word_id) DO NOTHING;
INSERT INTO distractors (word_id, distractor_word_id, distance_score, content_version) VALUES ('w-col-013', 'w-pr-102', 0.50, 1) ON CONFLICT (word_id, distractor_word_id) DO NOTHING;
INSERT INTO distractors (word_id, distractor_word_id, distance_score, content_version) VALUES ('w-col-013', 'w-col-009', 0.50, 1) ON CONFLICT (word_id, distractor_word_id) DO NOTHING;
INSERT INTO distractors (word_id, distractor_word_id, distance_score, content_version) VALUES ('w-col-013', 'w-pr-104', 0.50, 1) ON CONFLICT (word_id, distractor_word_id) DO NOTHING;
INSERT INTO distractors (word_id, distractor_word_id, distance_score, content_version) VALUES ('w-col-014', 'w-pr-109', 0.50, 1) ON CONFLICT (word_id, distractor_word_id) DO NOTHING;
INSERT INTO distractors (word_id, distractor_word_id, distance_score, content_version) VALUES ('w-col-014', 'w-col-016', 0.50, 1) ON CONFLICT (word_id, distractor_word_id) DO NOTHING;
INSERT INTO distractors (word_id, distractor_word_id, distance_score, content_version) VALUES ('w-col-014', 'w-col-017', 0.50, 1) ON CONFLICT (word_id, distractor_word_id) DO NOTHING;
INSERT INTO distractors (word_id, distractor_word_id, distance_score, content_version) VALUES ('w-col-015', 'w-col-014', 0.50, 1) ON CONFLICT (word_id, distractor_word_id) DO NOTHING;
INSERT INTO distractors (word_id, distractor_word_id, distance_score, content_version) VALUES ('w-col-015', 'w-col-016', 0.50, 1) ON CONFLICT (word_id, distractor_word_id) DO NOTHING;
INSERT INTO distractors (word_id, distractor_word_id, distance_score, content_version) VALUES ('w-col-015', 'w-kp-055', 0.50, 1) ON CONFLICT (word_id, distractor_word_id) DO NOTHING;
INSERT INTO distractors (word_id, distractor_word_id, distance_score, content_version) VALUES ('w-col-016', 'w-col-014', 0.50, 1) ON CONFLICT (word_id, distractor_word_id) DO NOTHING;
INSERT INTO distractors (word_id, distractor_word_id, distance_score, content_version) VALUES ('w-col-016', 'w-pr-109', 0.50, 1) ON CONFLICT (word_id, distractor_word_id) DO NOTHING;
INSERT INTO distractors (word_id, distractor_word_id, distance_score, content_version) VALUES ('w-col-016', 'w-col-017', 0.50, 1) ON CONFLICT (word_id, distractor_word_id) DO NOTHING;
INSERT INTO distractors (word_id, distractor_word_id, distance_score, content_version) VALUES ('w-col-017', 'w-kp-055', 0.50, 1) ON CONFLICT (word_id, distractor_word_id) DO NOTHING;
INSERT INTO distractors (word_id, distractor_word_id, distance_score, content_version) VALUES ('w-col-017', 'w-col-014', 0.50, 1) ON CONFLICT (word_id, distractor_word_id) DO NOTHING;
INSERT INTO distractors (word_id, distractor_word_id, distance_score, content_version) VALUES ('w-col-017', 'w-col-016', 0.50, 1) ON CONFLICT (word_id, distractor_word_id) DO NOTHING;
INSERT INTO distractors (word_id, distractor_word_id, distance_score, content_version) VALUES ('w-col-018', 'w-col-017', 0.50, 1) ON CONFLICT (word_id, distractor_word_id) DO NOTHING;
INSERT INTO distractors (word_id, distractor_word_id, distance_score, content_version) VALUES ('w-col-018', 'w-col-014', 0.50, 1) ON CONFLICT (word_id, distractor_word_id) DO NOTHING;
INSERT INTO distractors (word_id, distractor_word_id, distance_score, content_version) VALUES ('w-col-018', 'w-pr-109', 0.50, 1) ON CONFLICT (word_id, distractor_word_id) DO NOTHING;
INSERT INTO distractors (word_id, distractor_word_id, distance_score, content_version) VALUES ('w-col-019', 'w-col-020', 0.50, 1) ON CONFLICT (word_id, distractor_word_id) DO NOTHING;
INSERT INTO distractors (word_id, distractor_word_id, distance_score, content_version) VALUES ('w-col-019', 'w-pr-109', 0.50, 1) ON CONFLICT (word_id, distractor_word_id) DO NOTHING;
INSERT INTO distractors (word_id, distractor_word_id, distance_score, content_version) VALUES ('w-col-019', 'w-col-016', 0.50, 1) ON CONFLICT (word_id, distractor_word_id) DO NOTHING;
INSERT INTO distractors (word_id, distractor_word_id, distance_score, content_version) VALUES ('w-col-020', 'w-tv-040', 0.50, 1) ON CONFLICT (word_id, distractor_word_id) DO NOTHING;
INSERT INTO distractors (word_id, distractor_word_id, distance_score, content_version) VALUES ('w-col-020', 'w-col-014', 0.50, 1) ON CONFLICT (word_id, distractor_word_id) DO NOTHING;
INSERT INTO distractors (word_id, distractor_word_id, distance_score, content_version) VALUES ('w-col-020', 'w-col-017', 0.50, 1) ON CONFLICT (word_id, distractor_word_id) DO NOTHING;
INSERT INTO distractors (word_id, distractor_word_id, distance_score, content_version) VALUES ('w-day-001', 'w-pr-002', 0.50, 1) ON CONFLICT (word_id, distractor_word_id) DO NOTHING;
INSERT INTO distractors (word_id, distractor_word_id, distance_score, content_version) VALUES ('w-day-001', 'w-pr-003', 0.50, 1) ON CONFLICT (word_id, distractor_word_id) DO NOTHING;
INSERT INTO distractors (word_id, distractor_word_id, distance_score, content_version) VALUES ('w-day-001', 'w-pr-004', 0.50, 1) ON CONFLICT (word_id, distractor_word_id) DO NOTHING;
INSERT INTO distractors (word_id, distractor_word_id, distance_score, content_version) VALUES ('w-day-002', 'w-pr-001', 0.50, 1) ON CONFLICT (word_id, distractor_word_id) DO NOTHING;
INSERT INTO distractors (word_id, distractor_word_id, distance_score, content_version) VALUES ('w-day-002', 'w-pr-003', 0.50, 1) ON CONFLICT (word_id, distractor_word_id) DO NOTHING;
INSERT INTO distractors (word_id, distractor_word_id, distance_score, content_version) VALUES ('w-day-002', 'w-pr-005', 0.50, 1) ON CONFLICT (word_id, distractor_word_id) DO NOTHING;
INSERT INTO distractors (word_id, distractor_word_id, distance_score, content_version) VALUES ('w-day-003', 'w-pr-002', 0.50, 1) ON CONFLICT (word_id, distractor_word_id) DO NOTHING;
INSERT INTO distractors (word_id, distractor_word_id, distance_score, content_version) VALUES ('w-day-003', 'w-pr-004', 0.50, 1) ON CONFLICT (word_id, distractor_word_id) DO NOTHING;
INSERT INTO distractors (word_id, distractor_word_id, distance_score, content_version) VALUES ('w-day-003', 'w-pr-001', 0.50, 1) ON CONFLICT (word_id, distractor_word_id) DO NOTHING;
INSERT INTO distractors (word_id, distractor_word_id, distance_score, content_version) VALUES ('w-day-004', 'w-pr-003', 0.50, 1) ON CONFLICT (word_id, distractor_word_id) DO NOTHING;
INSERT INTO distractors (word_id, distractor_word_id, distance_score, content_version) VALUES ('w-day-004', 'w-pr-005', 0.50, 1) ON CONFLICT (word_id, distractor_word_id) DO NOTHING;
INSERT INTO distractors (word_id, distractor_word_id, distance_score, content_version) VALUES ('w-day-004', 'w-pr-002', 0.50, 1) ON CONFLICT (word_id, distractor_word_id) DO NOTHING;
INSERT INTO distractors (word_id, distractor_word_id, distance_score, content_version) VALUES ('w-day-005', 'w-pr-004', 0.50, 1) ON CONFLICT (word_id, distractor_word_id) DO NOTHING;
INSERT INTO distractors (word_id, distractor_word_id, distance_score, content_version) VALUES ('w-day-005', 'w-pr-006', 0.50, 1) ON CONFLICT (word_id, distractor_word_id) DO NOTHING;
INSERT INTO distractors (word_id, distractor_word_id, distance_score, content_version) VALUES ('w-day-005', 'w-pr-003', 0.50, 1) ON CONFLICT (word_id, distractor_word_id) DO NOTHING;
INSERT INTO distractors (word_id, distractor_word_id, distance_score, content_version) VALUES ('w-day-006', 'w-pr-005', 0.50, 1) ON CONFLICT (word_id, distractor_word_id) DO NOTHING;
INSERT INTO distractors (word_id, distractor_word_id, distance_score, content_version) VALUES ('w-day-006', 'w-pr-007', 0.50, 1) ON CONFLICT (word_id, distractor_word_id) DO NOTHING;
INSERT INTO distractors (word_id, distractor_word_id, distance_score, content_version) VALUES ('w-day-006', 'w-pr-001', 0.50, 1) ON CONFLICT (word_id, distractor_word_id) DO NOTHING;
INSERT INTO distractors (word_id, distractor_word_id, distance_score, content_version) VALUES ('w-day-007', 'w-pr-006', 0.50, 1) ON CONFLICT (word_id, distractor_word_id) DO NOTHING;
INSERT INTO distractors (word_id, distractor_word_id, distance_score, content_version) VALUES ('w-day-007', 'w-pr-001', 0.50, 1) ON CONFLICT (word_id, distractor_word_id) DO NOTHING;
INSERT INTO distractors (word_id, distractor_word_id, distance_score, content_version) VALUES ('w-day-007', 'w-pr-002', 0.50, 1) ON CONFLICT (word_id, distractor_word_id) DO NOTHING;
INSERT INTO distractors (word_id, distractor_word_id, distance_score, content_version) VALUES ('w-day-008', 'w-st-035', 0.50, 1) ON CONFLICT (word_id, distractor_word_id) DO NOTHING;
INSERT INTO distractors (word_id, distractor_word_id, distance_score, content_version) VALUES ('w-day-008', 'w-st-034', 0.50, 1) ON CONFLICT (word_id, distractor_word_id) DO NOTHING;
INSERT INTO distractors (word_id, distractor_word_id, distance_score, content_version) VALUES ('w-day-008', 'w-day-011', 0.50, 1) ON CONFLICT (word_id, distractor_word_id) DO NOTHING;
INSERT INTO distractors (word_id, distractor_word_id, distance_score, content_version) VALUES ('w-day-009', 'w-st-033', 0.50, 1) ON CONFLICT (word_id, distractor_word_id) DO NOTHING;
INSERT INTO distractors (word_id, distractor_word_id, distance_score, content_version) VALUES ('w-day-009', 'w-st-034', 0.50, 1) ON CONFLICT (word_id, distractor_word_id) DO NOTHING;
INSERT INTO distractors (word_id, distractor_word_id, distance_score, content_version) VALUES ('w-day-009', 'w-day-011', 0.50, 1) ON CONFLICT (word_id, distractor_word_id) DO NOTHING;
INSERT INTO distractors (word_id, distractor_word_id, distance_score, content_version) VALUES ('w-day-010', 'w-st-033', 0.50, 1) ON CONFLICT (word_id, distractor_word_id) DO NOTHING;
INSERT INTO distractors (word_id, distractor_word_id, distance_score, content_version) VALUES ('w-day-010', 'w-st-035', 0.50, 1) ON CONFLICT (word_id, distractor_word_id) DO NOTHING;
INSERT INTO distractors (word_id, distractor_word_id, distance_score, content_version) VALUES ('w-day-010', 'w-day-011', 0.50, 1) ON CONFLICT (word_id, distractor_word_id) DO NOTHING;
INSERT INTO distractors (word_id, distractor_word_id, distance_score, content_version) VALUES ('w-day-011', 'w-st-033', 0.50, 1) ON CONFLICT (word_id, distractor_word_id) DO NOTHING;
INSERT INTO distractors (word_id, distractor_word_id, distance_score, content_version) VALUES ('w-day-011', 'w-st-035', 0.50, 1) ON CONFLICT (word_id, distractor_word_id) DO NOTHING;
INSERT INTO distractors (word_id, distractor_word_id, distance_score, content_version) VALUES ('w-day-011', 'w-st-034', 0.50, 1) ON CONFLICT (word_id, distractor_word_id) DO NOTHING;
INSERT INTO distractors (word_id, distractor_word_id, distance_score, content_version) VALUES ('w-day-012', 'w-pr-013', 0.50, 1) ON CONFLICT (word_id, distractor_word_id) DO NOTHING;
INSERT INTO distractors (word_id, distractor_word_id, distance_score, content_version) VALUES ('w-day-012', 'w-day-014', 0.50, 1) ON CONFLICT (word_id, distractor_word_id) DO NOTHING;
INSERT INTO distractors (word_id, distractor_word_id, distance_score, content_version) VALUES ('w-day-012', 'w-day-015', 0.50, 1) ON CONFLICT (word_id, distractor_word_id) DO NOTHING;
INSERT INTO distractors (word_id, distractor_word_id, distance_score, content_version) VALUES ('w-day-013', 'w-pr-012', 0.50, 1) ON CONFLICT (word_id, distractor_word_id) DO NOTHING;
INSERT INTO distractors (word_id, distractor_word_id, distance_score, content_version) VALUES ('w-day-013', 'w-day-014', 0.50, 1) ON CONFLICT (word_id, distractor_word_id) DO NOTHING;
INSERT INTO distractors (word_id, distractor_word_id, distance_score, content_version) VALUES ('w-day-013', 'w-day-015', 0.50, 1) ON CONFLICT (word_id, distractor_word_id) DO NOTHING;
INSERT INTO distractors (word_id, distractor_word_id, distance_score, content_version) VALUES ('w-day-014', 'w-pr-012', 0.50, 1) ON CONFLICT (word_id, distractor_word_id) DO NOTHING;
INSERT INTO distractors (word_id, distractor_word_id, distance_score, content_version) VALUES ('w-day-014', 'w-pr-013', 0.50, 1) ON CONFLICT (word_id, distractor_word_id) DO NOTHING;
INSERT INTO distractors (word_id, distractor_word_id, distance_score, content_version) VALUES ('w-day-014', 'w-day-015', 0.50, 1) ON CONFLICT (word_id, distractor_word_id) DO NOTHING;
INSERT INTO distractors (word_id, distractor_word_id, distance_score, content_version) VALUES ('w-day-015', 'w-pr-013', 0.50, 1) ON CONFLICT (word_id, distractor_word_id) DO NOTHING;
INSERT INTO distractors (word_id, distractor_word_id, distance_score, content_version) VALUES ('w-day-015', 'w-pr-012', 0.50, 1) ON CONFLICT (word_id, distractor_word_id) DO NOTHING;
INSERT INTO distractors (word_id, distractor_word_id, distance_score, content_version) VALUES ('w-day-015', 'w-day-014', 0.50, 1) ON CONFLICT (word_id, distractor_word_id) DO NOTHING;
INSERT INTO distractors (word_id, distractor_word_id, distance_score, content_version) VALUES ('w-day-016', 'w-pr-009', 0.50, 1) ON CONFLICT (word_id, distractor_word_id) DO NOTHING;
INSERT INTO distractors (word_id, distractor_word_id, distance_score, content_version) VALUES ('w-day-016', 'w-pr-010', 0.50, 1) ON CONFLICT (word_id, distractor_word_id) DO NOTHING;
INSERT INTO distractors (word_id, distractor_word_id, distance_score, content_version) VALUES ('w-day-016', 'w-st-033', 0.50, 1) ON CONFLICT (word_id, distractor_word_id) DO NOTHING;
INSERT INTO distractors (word_id, distractor_word_id, distance_score, content_version) VALUES ('w-day-017', 'w-pr-008', 0.50, 1) ON CONFLICT (word_id, distractor_word_id) DO NOTHING;
INSERT INTO distractors (word_id, distractor_word_id, distance_score, content_version) VALUES ('w-day-017', 'w-pr-010', 0.50, 1) ON CONFLICT (word_id, distractor_word_id) DO NOTHING;
INSERT INTO distractors (word_id, distractor_word_id, distance_score, content_version) VALUES ('w-day-017', 'w-st-035', 0.50, 1) ON CONFLICT (word_id, distractor_word_id) DO NOTHING;
INSERT INTO distractors (word_id, distractor_word_id, distance_score, content_version) VALUES ('w-day-018', 'w-pr-008', 0.50, 1) ON CONFLICT (word_id, distractor_word_id) DO NOTHING;
INSERT INTO distractors (word_id, distractor_word_id, distance_score, content_version) VALUES ('w-day-018', 'w-pr-009', 0.50, 1) ON CONFLICT (word_id, distractor_word_id) DO NOTHING;
INSERT INTO distractors (word_id, distractor_word_id, distance_score, content_version) VALUES ('w-day-018', 'w-st-034', 0.50, 1) ON CONFLICT (word_id, distractor_word_id) DO NOTHING;
INSERT INTO distractors (word_id, distractor_word_id, distance_score, content_version) VALUES ('w-emo-001', 'w-emo-002', 0.50, 1) ON CONFLICT (word_id, distractor_word_id) DO NOTHING;
INSERT INTO distractors (word_id, distractor_word_id, distance_score, content_version) VALUES ('w-emo-001', 'w-emo-003', 0.50, 1) ON CONFLICT (word_id, distractor_word_id) DO NOTHING;
INSERT INTO distractors (word_id, distractor_word_id, distance_score, content_version) VALUES ('w-emo-001', 'w-emo-004', 0.50, 1) ON CONFLICT (word_id, distractor_word_id) DO NOTHING;
INSERT INTO distractors (word_id, distractor_word_id, distance_score, content_version) VALUES ('w-emo-002', 'w-emo-001', 0.50, 1) ON CONFLICT (word_id, distractor_word_id) DO NOTHING;
INSERT INTO distractors (word_id, distractor_word_id, distance_score, content_version) VALUES ('w-emo-002', 'w-emo-005', 0.50, 1) ON CONFLICT (word_id, distractor_word_id) DO NOTHING;
INSERT INTO distractors (word_id, distractor_word_id, distance_score, content_version) VALUES ('w-emo-002', 'w-emo-012', 0.50, 1) ON CONFLICT (word_id, distractor_word_id) DO NOTHING;
INSERT INTO distractors (word_id, distractor_word_id, distance_score, content_version) VALUES ('w-emo-003', 'w-emo-011', 0.50, 1) ON CONFLICT (word_id, distractor_word_id) DO NOTHING;
INSERT INTO distractors (word_id, distractor_word_id, distance_score, content_version) VALUES ('w-emo-003', 'w-emo-004', 0.50, 1) ON CONFLICT (word_id, distractor_word_id) DO NOTHING;
INSERT INTO distractors (word_id, distractor_word_id, distance_score, content_version) VALUES ('w-emo-003', 'w-emo-002', 0.50, 1) ON CONFLICT (word_id, distractor_word_id) DO NOTHING;
INSERT INTO distractors (word_id, distractor_word_id, distance_score, content_version) VALUES ('w-emo-004', 'w-emo-011', 0.50, 1) ON CONFLICT (word_id, distractor_word_id) DO NOTHING;
INSERT INTO distractors (word_id, distractor_word_id, distance_score, content_version) VALUES ('w-emo-004', 'w-emo-003', 0.50, 1) ON CONFLICT (word_id, distractor_word_id) DO NOTHING;
INSERT INTO distractors (word_id, distractor_word_id, distance_score, content_version) VALUES ('w-emo-004', 'w-emo-014', 0.50, 1) ON CONFLICT (word_id, distractor_word_id) DO NOTHING;
INSERT INTO distractors (word_id, distractor_word_id, distance_score, content_version) VALUES ('w-emo-005', 'w-emo-001', 0.50, 1) ON CONFLICT (word_id, distractor_word_id) DO NOTHING;
INSERT INTO distractors (word_id, distractor_word_id, distance_score, content_version) VALUES ('w-emo-005', 'w-emo-006', 0.50, 1) ON CONFLICT (word_id, distractor_word_id) DO NOTHING;
INSERT INTO distractors (word_id, distractor_word_id, distance_score, content_version) VALUES ('w-emo-005', 'w-emo-002', 0.50, 1) ON CONFLICT (word_id, distractor_word_id) DO NOTHING;
INSERT INTO distractors (word_id, distractor_word_id, distance_score, content_version) VALUES ('w-emo-006', 'w-emo-005', 0.50, 1) ON CONFLICT (word_id, distractor_word_id) DO NOTHING;
INSERT INTO distractors (word_id, distractor_word_id, distance_score, content_version) VALUES ('w-emo-006', 'w-emo-018', 0.50, 1) ON CONFLICT (word_id, distractor_word_id) DO NOTHING;
INSERT INTO distractors (word_id, distractor_word_id, distance_score, content_version) VALUES ('w-emo-006', 'w-emo-001', 0.50, 1) ON CONFLICT (word_id, distractor_word_id) DO NOTHING;
INSERT INTO distractors (word_id, distractor_word_id, distance_score, content_version) VALUES ('w-emo-007', 'w-emo-008', 0.50, 1) ON CONFLICT (word_id, distractor_word_id) DO NOTHING;
INSERT INTO distractors (word_id, distractor_word_id, distance_score, content_version) VALUES ('w-emo-007', 'w-emo-009', 0.50, 1) ON CONFLICT (word_id, distractor_word_id) DO NOTHING;
INSERT INTO distractors (word_id, distractor_word_id, distance_score, content_version) VALUES ('w-emo-007', 'w-emo-010', 0.50, 1) ON CONFLICT (word_id, distractor_word_id) DO NOTHING;
INSERT INTO distractors (word_id, distractor_word_id, distance_score, content_version) VALUES ('w-emo-008', 'w-emo-007', 0.50, 1) ON CONFLICT (word_id, distractor_word_id) DO NOTHING;
INSERT INTO distractors (word_id, distractor_word_id, distance_score, content_version) VALUES ('w-emo-008', 'w-emo-009', 0.50, 1) ON CONFLICT (word_id, distractor_word_id) DO NOTHING;
INSERT INTO distractors (word_id, distractor_word_id, distance_score, content_version) VALUES ('w-emo-008', 'w-emo-002', 0.50, 1) ON CONFLICT (word_id, distractor_word_id) DO NOTHING;
INSERT INTO distractors (word_id, distractor_word_id, distance_score, content_version) VALUES ('w-emo-009', 'w-emo-010', 0.50, 1) ON CONFLICT (word_id, distractor_word_id) DO NOTHING;
INSERT INTO distractors (word_id, distractor_word_id, distance_score, content_version) VALUES ('w-emo-009', 'w-emo-007', 0.50, 1) ON CONFLICT (word_id, distractor_word_id) DO NOTHING;
INSERT INTO distractors (word_id, distractor_word_id, distance_score, content_version) VALUES ('w-emo-009', 'w-emo-008', 0.50, 1) ON CONFLICT (word_id, distractor_word_id) DO NOTHING;
INSERT INTO distractors (word_id, distractor_word_id, distance_score, content_version) VALUES ('w-emo-010', 'w-emo-009', 0.50, 1) ON CONFLICT (word_id, distractor_word_id) DO NOTHING;
INSERT INTO distractors (word_id, distractor_word_id, distance_score, content_version) VALUES ('w-emo-010', 'w-emo-007', 0.50, 1) ON CONFLICT (word_id, distractor_word_id) DO NOTHING;
INSERT INTO distractors (word_id, distractor_word_id, distance_score, content_version) VALUES ('w-emo-010', 'w-emo-008', 0.50, 1) ON CONFLICT (word_id, distractor_word_id) DO NOTHING;
INSERT INTO distractors (word_id, distractor_word_id, distance_score, content_version) VALUES ('w-emo-011', 'w-emo-004', 0.50, 1) ON CONFLICT (word_id, distractor_word_id) DO NOTHING;
INSERT INTO distractors (word_id, distractor_word_id, distance_score, content_version) VALUES ('w-emo-011', 'w-emo-003', 0.50, 1) ON CONFLICT (word_id, distractor_word_id) DO NOTHING;
INSERT INTO distractors (word_id, distractor_word_id, distance_score, content_version) VALUES ('w-emo-011', 'w-emo-014', 0.50, 1) ON CONFLICT (word_id, distractor_word_id) DO NOTHING;
INSERT INTO distractors (word_id, distractor_word_id, distance_score, content_version) VALUES ('w-emo-012', 'w-emo-002', 0.50, 1) ON CONFLICT (word_id, distractor_word_id) DO NOTHING;
INSERT INTO distractors (word_id, distractor_word_id, distance_score, content_version) VALUES ('w-emo-012', 'w-emo-013', 0.50, 1) ON CONFLICT (word_id, distractor_word_id) DO NOTHING;
INSERT INTO distractors (word_id, distractor_word_id, distance_score, content_version) VALUES ('w-emo-012', 'w-emo-014', 0.50, 1) ON CONFLICT (word_id, distractor_word_id) DO NOTHING;
INSERT INTO distractors (word_id, distractor_word_id, distance_score, content_version) VALUES ('w-emo-013', 'w-emo-012', 0.50, 1) ON CONFLICT (word_id, distractor_word_id) DO NOTHING;
INSERT INTO distractors (word_id, distractor_word_id, distance_score, content_version) VALUES ('w-emo-013', 'w-emo-007', 0.50, 1) ON CONFLICT (word_id, distractor_word_id) DO NOTHING;
INSERT INTO distractors (word_id, distractor_word_id, distance_score, content_version) VALUES ('w-emo-013', 'w-emo-018', 0.50, 1) ON CONFLICT (word_id, distractor_word_id) DO NOTHING;
INSERT INTO distractors (word_id, distractor_word_id, distance_score, content_version) VALUES ('w-emo-014', 'w-emo-020', 0.50, 1) ON CONFLICT (word_id, distractor_word_id) DO NOTHING;
INSERT INTO distractors (word_id, distractor_word_id, distance_score, content_version) VALUES ('w-emo-014', 'w-emo-004', 0.50, 1) ON CONFLICT (word_id, distractor_word_id) DO NOTHING;
INSERT INTO distractors (word_id, distractor_word_id, distance_score, content_version) VALUES ('w-emo-014', 'w-emo-012', 0.50, 1) ON CONFLICT (word_id, distractor_word_id) DO NOTHING;
INSERT INTO distractors (word_id, distractor_word_id, distance_score, content_version) VALUES ('w-emo-015', 'w-emo-016', 0.50, 1) ON CONFLICT (word_id, distractor_word_id) DO NOTHING;
INSERT INTO distractors (word_id, distractor_word_id, distance_score, content_version) VALUES ('w-emo-015', 'w-emo-017', 0.50, 1) ON CONFLICT (word_id, distractor_word_id) DO NOTHING;
INSERT INTO distractors (word_id, distractor_word_id, distance_score, content_version) VALUES ('w-emo-015', 'w-emo-005', 0.50, 1) ON CONFLICT (word_id, distractor_word_id) DO NOTHING;
INSERT INTO distractors (word_id, distractor_word_id, distance_score, content_version) VALUES ('w-emo-016', 'w-emo-017', 0.50, 1) ON CONFLICT (word_id, distractor_word_id) DO NOTHING;
INSERT INTO distractors (word_id, distractor_word_id, distance_score, content_version) VALUES ('w-emo-016', 'w-emo-015', 0.50, 1) ON CONFLICT (word_id, distractor_word_id) DO NOTHING;
INSERT INTO distractors (word_id, distractor_word_id, distance_score, content_version) VALUES ('w-emo-016', 'w-emo-018', 0.50, 1) ON CONFLICT (word_id, distractor_word_id) DO NOTHING;
INSERT INTO distractors (word_id, distractor_word_id, distance_score, content_version) VALUES ('w-emo-017', 'w-emo-016', 0.50, 1) ON CONFLICT (word_id, distractor_word_id) DO NOTHING;
INSERT INTO distractors (word_id, distractor_word_id, distance_score, content_version) VALUES ('w-emo-017', 'w-emo-015', 0.50, 1) ON CONFLICT (word_id, distractor_word_id) DO NOTHING;
INSERT INTO distractors (word_id, distractor_word_id, distance_score, content_version) VALUES ('w-emo-017', 'w-emo-003', 0.50, 1) ON CONFLICT (word_id, distractor_word_id) DO NOTHING;
INSERT INTO distractors (word_id, distractor_word_id, distance_score, content_version) VALUES ('w-emo-018', 'w-emo-006', 0.50, 1) ON CONFLICT (word_id, distractor_word_id) DO NOTHING;
INSERT INTO distractors (word_id, distractor_word_id, distance_score, content_version) VALUES ('w-emo-018', 'w-emo-013', 0.50, 1) ON CONFLICT (word_id, distractor_word_id) DO NOTHING;
INSERT INTO distractors (word_id, distractor_word_id, distance_score, content_version) VALUES ('w-emo-018', 'w-emo-016', 0.50, 1) ON CONFLICT (word_id, distractor_word_id) DO NOTHING;
INSERT INTO distractors (word_id, distractor_word_id, distance_score, content_version) VALUES ('w-emo-019', 'w-emo-007', 0.50, 1) ON CONFLICT (word_id, distractor_word_id) DO NOTHING;
INSERT INTO distractors (word_id, distractor_word_id, distance_score, content_version) VALUES ('w-emo-019', 'w-emo-016', 0.50, 1) ON CONFLICT (word_id, distractor_word_id) DO NOTHING;
INSERT INTO distractors (word_id, distractor_word_id, distance_score, content_version) VALUES ('w-emo-019', 'w-emo-006', 0.50, 1) ON CONFLICT (word_id, distractor_word_id) DO NOTHING;
INSERT INTO distractors (word_id, distractor_word_id, distance_score, content_version) VALUES ('w-emo-020', 'w-emo-014', 0.50, 1) ON CONFLICT (word_id, distractor_word_id) DO NOTHING;
INSERT INTO distractors (word_id, distractor_word_id, distance_score, content_version) VALUES ('w-emo-020', 'w-emo-004', 0.50, 1) ON CONFLICT (word_id, distractor_word_id) DO NOTHING;
INSERT INTO distractors (word_id, distractor_word_id, distance_score, content_version) VALUES ('w-emo-020', 'w-emo-011', 0.50, 1) ON CONFLICT (word_id, distractor_word_id) DO NOTHING;
INSERT INTO distractors (word_id, distractor_word_id, distance_score, content_version) VALUES ('w-fam-001', 'w-kd-006', 0.50, 1) ON CONFLICT (word_id, distractor_word_id) DO NOTHING;
INSERT INTO distractors (word_id, distractor_word_id, distance_score, content_version) VALUES ('w-fam-001', 'w-st-042', 0.50, 1) ON CONFLICT (word_id, distractor_word_id) DO NOTHING;
INSERT INTO distractors (word_id, distractor_word_id, distance_score, content_version) VALUES ('w-fam-001', 'w-fam-018', 0.50, 1) ON CONFLICT (word_id, distractor_word_id) DO NOTHING;
INSERT INTO distractors (word_id, distractor_word_id, distance_score, content_version) VALUES ('w-fam-002', 'w-kd-002', 0.50, 1) ON CONFLICT (word_id, distractor_word_id) DO NOTHING;
INSERT INTO distractors (word_id, distractor_word_id, distance_score, content_version) VALUES ('w-fam-002', 'w-kp-058', 0.50, 1) ON CONFLICT (word_id, distractor_word_id) DO NOTHING;
INSERT INTO distractors (word_id, distractor_word_id, distance_score, content_version) VALUES ('w-fam-002', 'w-kp-057', 0.50, 1) ON CONFLICT (word_id, distractor_word_id) DO NOTHING;
INSERT INTO distractors (word_id, distractor_word_id, distance_score, content_version) VALUES ('w-fam-003', 'w-kd-001', 0.50, 1) ON CONFLICT (word_id, distractor_word_id) DO NOTHING;
INSERT INTO distractors (word_id, distractor_word_id, distance_score, content_version) VALUES ('w-fam-003', 'w-kd-004', 0.50, 1) ON CONFLICT (word_id, distractor_word_id) DO NOTHING;
INSERT INTO distractors (word_id, distractor_word_id, distance_score, content_version) VALUES ('w-fam-003', 'w-kp-056', 0.50, 1) ON CONFLICT (word_id, distractor_word_id) DO NOTHING;
INSERT INTO distractors (word_id, distractor_word_id, distance_score, content_version) VALUES ('w-fam-004', 'w-kd-003', 0.50, 1) ON CONFLICT (word_id, distractor_word_id) DO NOTHING;
INSERT INTO distractors (word_id, distractor_word_id, distance_score, content_version) VALUES ('w-fam-004', 'w-pr-187', 0.50, 1) ON CONFLICT (word_id, distractor_word_id) DO NOTHING;
INSERT INTO distractors (word_id, distractor_word_id, distance_score, content_version) VALUES ('w-fam-004', 'w-pr-188', 0.50, 1) ON CONFLICT (word_id, distractor_word_id) DO NOTHING;
INSERT INTO distractors (word_id, distractor_word_id, distance_score, content_version) VALUES ('w-fam-005', 'w-kp-056', 0.50, 1) ON CONFLICT (word_id, distractor_word_id) DO NOTHING;
INSERT INTO distractors (word_id, distractor_word_id, distance_score, content_version) VALUES ('w-fam-005', 'w-kp-058', 0.50, 1) ON CONFLICT (word_id, distractor_word_id) DO NOTHING;
INSERT INTO distractors (word_id, distractor_word_id, distance_score, content_version) VALUES ('w-fam-005', 'w-kd-005', 0.50, 1) ON CONFLICT (word_id, distractor_word_id) DO NOTHING;
INSERT INTO distractors (word_id, distractor_word_id, distance_score, content_version) VALUES ('w-fam-006', 'w-kd-004', 0.50, 1) ON CONFLICT (word_id, distractor_word_id) DO NOTHING;
INSERT INTO distractors (word_id, distractor_word_id, distance_score, content_version) VALUES ('w-fam-006', 'w-kp-057', 0.50, 1) ON CONFLICT (word_id, distractor_word_id) DO NOTHING;
INSERT INTO distractors (word_id, distractor_word_id, distance_score, content_version) VALUES ('w-fam-006', 'w-kd-005', 0.50, 1) ON CONFLICT (word_id, distractor_word_id) DO NOTHING;
INSERT INTO distractors (word_id, distractor_word_id, distance_score, content_version) VALUES ('w-fam-007', 'w-kp-057', 0.50, 1) ON CONFLICT (word_id, distractor_word_id) DO NOTHING;
INSERT INTO distractors (word_id, distractor_word_id, distance_score, content_version) VALUES ('w-fam-007', 'w-kd-004', 0.50, 1) ON CONFLICT (word_id, distractor_word_id) DO NOTHING;
INSERT INTO distractors (word_id, distractor_word_id, distance_score, content_version) VALUES ('w-fam-007', 'w-kd-005', 0.50, 1) ON CONFLICT (word_id, distractor_word_id) DO NOTHING;
INSERT INTO distractors (word_id, distractor_word_id, distance_score, content_version) VALUES ('w-fam-008', 'w-kp-058', 0.50, 1) ON CONFLICT (word_id, distractor_word_id) DO NOTHING;
INSERT INTO distractors (word_id, distractor_word_id, distance_score, content_version) VALUES ('w-fam-008', 'w-kp-056', 0.50, 1) ON CONFLICT (word_id, distractor_word_id) DO NOTHING;
INSERT INTO distractors (word_id, distractor_word_id, distance_score, content_version) VALUES ('w-fam-008', 'w-kd-005', 0.50, 1) ON CONFLICT (word_id, distractor_word_id) DO NOTHING;
INSERT INTO distractors (word_id, distractor_word_id, distance_score, content_version) VALUES ('w-fam-009', 'w-kd-004', 0.50, 1) ON CONFLICT (word_id, distractor_word_id) DO NOTHING;
INSERT INTO distractors (word_id, distractor_word_id, distance_score, content_version) VALUES ('w-fam-009', 'w-kp-058', 0.50, 1) ON CONFLICT (word_id, distractor_word_id) DO NOTHING;
INSERT INTO distractors (word_id, distractor_word_id, distance_score, content_version) VALUES ('w-fam-009', 'w-pr-192', 0.50, 1) ON CONFLICT (word_id, distractor_word_id) DO NOTHING;
INSERT INTO distractors (word_id, distractor_word_id, distance_score, content_version) VALUES ('w-fam-010', 'w-pr-188', 0.50, 1) ON CONFLICT (word_id, distractor_word_id) DO NOTHING;
INSERT INTO distractors (word_id, distractor_word_id, distance_score, content_version) VALUES ('w-fam-010', 'w-kd-001', 0.50, 1) ON CONFLICT (word_id, distractor_word_id) DO NOTHING;
INSERT INTO distractors (word_id, distractor_word_id, distance_score, content_version) VALUES ('w-fam-010', 'w-pr-190', 0.50, 1) ON CONFLICT (word_id, distractor_word_id) DO NOTHING;
INSERT INTO distractors (word_id, distractor_word_id, distance_score, content_version) VALUES ('w-fam-011', 'w-pr-187', 0.50, 1) ON CONFLICT (word_id, distractor_word_id) DO NOTHING;
INSERT INTO distractors (word_id, distractor_word_id, distance_score, content_version) VALUES ('w-fam-011', 'w-kd-002', 0.50, 1) ON CONFLICT (word_id, distractor_word_id) DO NOTHING;
INSERT INTO distractors (word_id, distractor_word_id, distance_score, content_version) VALUES ('w-fam-011', 'w-pr-190', 0.50, 1) ON CONFLICT (word_id, distractor_word_id) DO NOTHING;
INSERT INTO distractors (word_id, distractor_word_id, distance_score, content_version) VALUES ('w-fam-012', 'w-fam-013', 0.50, 1) ON CONFLICT (word_id, distractor_word_id) DO NOTHING;
INSERT INTO distractors (word_id, distractor_word_id, distance_score, content_version) VALUES ('w-fam-012', 'w-pr-192', 0.50, 1) ON CONFLICT (word_id, distractor_word_id) DO NOTHING;
INSERT INTO distractors (word_id, distractor_word_id, distance_score, content_version) VALUES ('w-fam-012', 'w-pr-191', 0.50, 1) ON CONFLICT (word_id, distractor_word_id) DO NOTHING;
INSERT INTO distractors (word_id, distractor_word_id, distance_score, content_version) VALUES ('w-fam-013', 'w-fam-012', 0.50, 1) ON CONFLICT (word_id, distractor_word_id) DO NOTHING;
INSERT INTO distractors (word_id, distractor_word_id, distance_score, content_version) VALUES ('w-fam-013', 'w-pr-192', 0.50, 1) ON CONFLICT (word_id, distractor_word_id) DO NOTHING;
INSERT INTO distractors (word_id, distractor_word_id, distance_score, content_version) VALUES ('w-fam-013', 'w-pr-191', 0.50, 1) ON CONFLICT (word_id, distractor_word_id) DO NOTHING;
INSERT INTO distractors (word_id, distractor_word_id, distance_score, content_version) VALUES ('w-fam-014', 'w-pr-191', 0.50, 1) ON CONFLICT (word_id, distractor_word_id) DO NOTHING;
INSERT INTO distractors (word_id, distractor_word_id, distance_score, content_version) VALUES ('w-fam-014', 'w-fam-012', 0.50, 1) ON CONFLICT (word_id, distractor_word_id) DO NOTHING;
INSERT INTO distractors (word_id, distractor_word_id, distance_score, content_version) VALUES ('w-fam-014', 'w-fam-013', 0.50, 1) ON CONFLICT (word_id, distractor_word_id) DO NOTHING;
INSERT INTO distractors (word_id, distractor_word_id, distance_score, content_version) VALUES ('w-fam-015', 'w-fam-016', 0.50, 1) ON CONFLICT (word_id, distractor_word_id) DO NOTHING;
INSERT INTO distractors (word_id, distractor_word_id, distance_score, content_version) VALUES ('w-fam-015', 'w-fam-019', 0.50, 1) ON CONFLICT (word_id, distractor_word_id) DO NOTHING;
INSERT INTO distractors (word_id, distractor_word_id, distance_score, content_version) VALUES ('w-fam-015', 'w-kd-002', 0.50, 1) ON CONFLICT (word_id, distractor_word_id) DO NOTHING;
INSERT INTO distractors (word_id, distractor_word_id, distance_score, content_version) VALUES ('w-fam-016', 'w-fam-015', 0.50, 1) ON CONFLICT (word_id, distractor_word_id) DO NOTHING;
INSERT INTO distractors (word_id, distractor_word_id, distance_score, content_version) VALUES ('w-fam-016', 'w-fam-020', 0.50, 1) ON CONFLICT (word_id, distractor_word_id) DO NOTHING;
INSERT INTO distractors (word_id, distractor_word_id, distance_score, content_version) VALUES ('w-fam-016', 'w-kd-001', 0.50, 1) ON CONFLICT (word_id, distractor_word_id) DO NOTHING;
INSERT INTO distractors (word_id, distractor_word_id, distance_score, content_version) VALUES ('w-fam-017', 'w-fam-018', 0.50, 1) ON CONFLICT (word_id, distractor_word_id) DO NOTHING;
INSERT INTO distractors (word_id, distractor_word_id, distance_score, content_version) VALUES ('w-fam-017', 'w-kd-003', 0.50, 1) ON CONFLICT (word_id, distractor_word_id) DO NOTHING;
INSERT INTO distractors (word_id, distractor_word_id, distance_score, content_version) VALUES ('w-fam-017', 'w-kd-005', 0.50, 1) ON CONFLICT (word_id, distractor_word_id) DO NOTHING;
INSERT INTO distractors (word_id, distractor_word_id, distance_score, content_version) VALUES ('w-fam-018', 'w-st-042', 0.50, 1) ON CONFLICT (word_id, distractor_word_id) DO NOTHING;
INSERT INTO distractors (word_id, distractor_word_id, distance_score, content_version) VALUES ('w-fam-018', 'w-pr-190', 0.50, 1) ON CONFLICT (word_id, distractor_word_id) DO NOTHING;
INSERT INTO distractors (word_id, distractor_word_id, distance_score, content_version) VALUES ('w-fam-018', 'w-pr-191', 0.50, 1) ON CONFLICT (word_id, distractor_word_id) DO NOTHING;
INSERT INTO distractors (word_id, distractor_word_id, distance_score, content_version) VALUES ('w-fam-019', 'w-fam-020', 0.50, 1) ON CONFLICT (word_id, distractor_word_id) DO NOTHING;
INSERT INTO distractors (word_id, distractor_word_id, distance_score, content_version) VALUES ('w-fam-019', 'w-pr-190', 0.50, 1) ON CONFLICT (word_id, distractor_word_id) DO NOTHING;
INSERT INTO distractors (word_id, distractor_word_id, distance_score, content_version) VALUES ('w-fam-019', 'w-fam-018', 0.50, 1) ON CONFLICT (word_id, distractor_word_id) DO NOTHING;
INSERT INTO distractors (word_id, distractor_word_id, distance_score, content_version) VALUES ('w-fam-020', 'w-fam-019', 0.50, 1) ON CONFLICT (word_id, distractor_word_id) DO NOTHING;
INSERT INTO distractors (word_id, distractor_word_id, distance_score, content_version) VALUES ('w-fam-020', 'w-pr-190', 0.50, 1) ON CONFLICT (word_id, distractor_word_id) DO NOTHING;
INSERT INTO distractors (word_id, distractor_word_id, distance_score, content_version) VALUES ('w-fam-020', 'w-fam-018', 0.50, 1) ON CONFLICT (word_id, distractor_word_id) DO NOTHING;
INSERT INTO distractors (word_id, distractor_word_id, distance_score, content_version) VALUES ('w-fam-021', 'w-pr-191', 0.50, 1) ON CONFLICT (word_id, distractor_word_id) DO NOTHING;
INSERT INTO distractors (word_id, distractor_word_id, distance_score, content_version) VALUES ('w-fam-021', 'w-fam-018', 0.50, 1) ON CONFLICT (word_id, distractor_word_id) DO NOTHING;
INSERT INTO distractors (word_id, distractor_word_id, distance_score, content_version) VALUES ('w-fam-021', 'w-fam-019', 0.50, 1) ON CONFLICT (word_id, distractor_word_id) DO NOTHING;
INSERT INTO distractors (word_id, distractor_word_id, distance_score, content_version) VALUES ('w-fam-022', 'w-pr-190', 0.50, 1) ON CONFLICT (word_id, distractor_word_id) DO NOTHING;
INSERT INTO distractors (word_id, distractor_word_id, distance_score, content_version) VALUES ('w-fam-022', 'w-pr-192', 0.50, 1) ON CONFLICT (word_id, distractor_word_id) DO NOTHING;
INSERT INTO distractors (word_id, distractor_word_id, distance_score, content_version) VALUES ('w-fam-022', 'w-fam-018', 0.50, 1) ON CONFLICT (word_id, distractor_word_id) DO NOTHING;
INSERT INTO distractors (word_id, distractor_word_id, distance_score, content_version) VALUES ('w-hom-001', 'w-kd-048', 0.50, 1) ON CONFLICT (word_id, distractor_word_id) DO NOTHING;
INSERT INTO distractors (word_id, distractor_word_id, distance_score, content_version) VALUES ('w-hom-001', 'w-pr-223', 0.50, 1) ON CONFLICT (word_id, distractor_word_id) DO NOTHING;
INSERT INTO distractors (word_id, distractor_word_id, distance_score, content_version) VALUES ('w-hom-001', 'w-hom-020', 0.50, 1) ON CONFLICT (word_id, distractor_word_id) DO NOTHING;
INSERT INTO distractors (word_id, distractor_word_id, distance_score, content_version) VALUES ('w-hom-002', 'w-kd-047', 0.50, 1) ON CONFLICT (word_id, distractor_word_id) DO NOTHING;
INSERT INTO distractors (word_id, distractor_word_id, distance_score, content_version) VALUES ('w-hom-002', 'w-kd-049', 0.50, 1) ON CONFLICT (word_id, distractor_word_id) DO NOTHING;
INSERT INTO distractors (word_id, distractor_word_id, distance_score, content_version) VALUES ('w-hom-002', 'w-hom-008', 0.50, 1) ON CONFLICT (word_id, distractor_word_id) DO NOTHING;
INSERT INTO distractors (word_id, distractor_word_id, distance_score, content_version) VALUES ('w-hom-003', 'w-pr-222', 0.50, 1) ON CONFLICT (word_id, distractor_word_id) DO NOTHING;
INSERT INTO distractors (word_id, distractor_word_id, distance_score, content_version) VALUES ('w-hom-003', 'w-hom-020', 0.50, 1) ON CONFLICT (word_id, distractor_word_id) DO NOTHING;
INSERT INTO distractors (word_id, distractor_word_id, distance_score, content_version) VALUES ('w-hom-003', 'w-hom-019', 0.50, 1) ON CONFLICT (word_id, distractor_word_id) DO NOTHING;
INSERT INTO distractors (word_id, distractor_word_id, distance_score, content_version) VALUES ('w-hom-004', 'w-pr-223', 0.50, 1) ON CONFLICT (word_id, distractor_word_id) DO NOTHING;
INSERT INTO distractors (word_id, distractor_word_id, distance_score, content_version) VALUES ('w-hom-004', 'w-hom-020', 0.50, 1) ON CONFLICT (word_id, distractor_word_id) DO NOTHING;
INSERT INTO distractors (word_id, distractor_word_id, distance_score, content_version) VALUES ('w-hom-004', 'w-pr-221', 0.50, 1) ON CONFLICT (word_id, distractor_word_id) DO NOTHING;
INSERT INTO distractors (word_id, distractor_word_id, distance_score, content_version) VALUES ('w-hom-005', 'w-kd-049', 0.50, 1) ON CONFLICT (word_id, distractor_word_id) DO NOTHING;
INSERT INTO distractors (word_id, distractor_word_id, distance_score, content_version) VALUES ('w-hom-005', 'w-st-024', 0.50, 1) ON CONFLICT (word_id, distractor_word_id) DO NOTHING;
INSERT INTO distractors (word_id, distractor_word_id, distance_score, content_version) VALUES ('w-hom-005', 'w-hom-008', 0.50, 1) ON CONFLICT (word_id, distractor_word_id) DO NOTHING;
INSERT INTO distractors (word_id, distractor_word_id, distance_score, content_version) VALUES ('w-hom-006', 'w-hom-005', 0.50, 1) ON CONFLICT (word_id, distractor_word_id) DO NOTHING;
INSERT INTO distractors (word_id, distractor_word_id, distance_score, content_version) VALUES ('w-hom-006', 'w-kd-049', 0.50, 1) ON CONFLICT (word_id, distractor_word_id) DO NOTHING;
INSERT INTO distractors (word_id, distractor_word_id, distance_score, content_version) VALUES ('w-hom-006', 'w-hom-008', 0.50, 1) ON CONFLICT (word_id, distractor_word_id) DO NOTHING;
INSERT INTO distractors (word_id, distractor_word_id, distance_score, content_version) VALUES ('w-hom-007', 'w-hom-008', 0.50, 1) ON CONFLICT (word_id, distractor_word_id) DO NOTHING;
INSERT INTO distractors (word_id, distractor_word_id, distance_score, content_version) VALUES ('w-hom-007', 'w-hom-005', 0.50, 1) ON CONFLICT (word_id, distractor_word_id) DO NOTHING;
INSERT INTO distractors (word_id, distractor_word_id, distance_score, content_version) VALUES ('w-hom-007', 'w-kd-048', 0.50, 1) ON CONFLICT (word_id, distractor_word_id) DO NOTHING;
INSERT INTO distractors (word_id, distractor_word_id, distance_score, content_version) VALUES ('w-hom-008', 'w-kd-049', 0.50, 1) ON CONFLICT (word_id, distractor_word_id) DO NOTHING;
INSERT INTO distractors (word_id, distractor_word_id, distance_score, content_version) VALUES ('w-hom-008', 'w-hom-005', 0.50, 1) ON CONFLICT (word_id, distractor_word_id) DO NOTHING;
INSERT INTO distractors (word_id, distractor_word_id, distance_score, content_version) VALUES ('w-hom-008', 'w-kd-048', 0.50, 1) ON CONFLICT (word_id, distractor_word_id) DO NOTHING;
INSERT INTO distractors (word_id, distractor_word_id, distance_score, content_version) VALUES ('w-hom-009', 'w-pr-220', 0.50, 1) ON CONFLICT (word_id, distractor_word_id) DO NOTHING;
INSERT INTO distractors (word_id, distractor_word_id, distance_score, content_version) VALUES ('w-hom-009', 'w-hom-012', 0.50, 1) ON CONFLICT (word_id, distractor_word_id) DO NOTHING;
INSERT INTO distractors (word_id, distractor_word_id, distance_score, content_version) VALUES ('w-hom-009', 'w-hom-011', 0.50, 1) ON CONFLICT (word_id, distractor_word_id) DO NOTHING;
INSERT INTO distractors (word_id, distractor_word_id, distance_score, content_version) VALUES ('w-hom-010', 'w-pr-219', 0.50, 1) ON CONFLICT (word_id, distractor_word_id) DO NOTHING;
INSERT INTO distractors (word_id, distractor_word_id, distance_score, content_version) VALUES ('w-hom-010', 'w-hom-011', 0.50, 1) ON CONFLICT (word_id, distractor_word_id) DO NOTHING;
INSERT INTO distractors (word_id, distractor_word_id, distance_score, content_version) VALUES ('w-hom-010', 'w-hom-012', 0.50, 1) ON CONFLICT (word_id, distractor_word_id) DO NOTHING;
INSERT INTO distractors (word_id, distractor_word_id, distance_score, content_version) VALUES ('w-hom-011', 'w-hom-012', 0.50, 1) ON CONFLICT (word_id, distractor_word_id) DO NOTHING;
INSERT INTO distractors (word_id, distractor_word_id, distance_score, content_version) VALUES ('w-hom-011', 'w-pr-219', 0.50, 1) ON CONFLICT (word_id, distractor_word_id) DO NOTHING;
INSERT INTO distractors (word_id, distractor_word_id, distance_score, content_version) VALUES ('w-hom-011', 'w-pr-220', 0.50, 1) ON CONFLICT (word_id, distractor_word_id) DO NOTHING;
INSERT INTO distractors (word_id, distractor_word_id, distance_score, content_version) VALUES ('w-hom-012', 'w-hom-011', 0.50, 1) ON CONFLICT (word_id, distractor_word_id) DO NOTHING;
INSERT INTO distractors (word_id, distractor_word_id, distance_score, content_version) VALUES ('w-hom-012', 'w-pr-219', 0.50, 1) ON CONFLICT (word_id, distractor_word_id) DO NOTHING;
INSERT INTO distractors (word_id, distractor_word_id, distance_score, content_version) VALUES ('w-hom-012', 'w-pr-220', 0.50, 1) ON CONFLICT (word_id, distractor_word_id) DO NOTHING;
INSERT INTO distractors (word_id, distractor_word_id, distance_score, content_version) VALUES ('w-hom-013', 'w-hom-014', 0.50, 1) ON CONFLICT (word_id, distractor_word_id) DO NOTHING;
INSERT INTO distractors (word_id, distractor_word_id, distance_score, content_version) VALUES ('w-hom-013', 'w-pr-159', 0.50, 1) ON CONFLICT (word_id, distractor_word_id) DO NOTHING;
INSERT INTO distractors (word_id, distractor_word_id, distance_score, content_version) VALUES ('w-hom-013', 'w-hom-017', 0.50, 1) ON CONFLICT (word_id, distractor_word_id) DO NOTHING;
INSERT INTO distractors (word_id, distractor_word_id, distance_score, content_version) VALUES ('w-hom-014', 'w-hom-013', 0.50, 1) ON CONFLICT (word_id, distractor_word_id) DO NOTHING;
INSERT INTO distractors (word_id, distractor_word_id, distance_score, content_version) VALUES ('w-hom-014', 'w-pr-159', 0.50, 1) ON CONFLICT (word_id, distractor_word_id) DO NOTHING;
INSERT INTO distractors (word_id, distractor_word_id, distance_score, content_version) VALUES ('w-hom-014', 'w-pr-221', 0.50, 1) ON CONFLICT (word_id, distractor_word_id) DO NOTHING;
INSERT INTO distractors (word_id, distractor_word_id, distance_score, content_version) VALUES ('w-hom-015', 'w-pr-221', 0.50, 1) ON CONFLICT (word_id, distractor_word_id) DO NOTHING;
INSERT INTO distractors (word_id, distractor_word_id, distance_score, content_version) VALUES ('w-hom-015', 'w-hom-017', 0.50, 1) ON CONFLICT (word_id, distractor_word_id) DO NOTHING;
INSERT INTO distractors (word_id, distractor_word_id, distance_score, content_version) VALUES ('w-hom-015', 'w-hom-014', 0.50, 1) ON CONFLICT (word_id, distractor_word_id) DO NOTHING;
INSERT INTO distractors (word_id, distractor_word_id, distance_score, content_version) VALUES ('w-hom-016', 'w-pr-159', 0.50, 1) ON CONFLICT (word_id, distractor_word_id) DO NOTHING;
INSERT INTO distractors (word_id, distractor_word_id, distance_score, content_version) VALUES ('w-hom-016', 'w-pr-222', 0.50, 1) ON CONFLICT (word_id, distractor_word_id) DO NOTHING;
INSERT INTO distractors (word_id, distractor_word_id, distance_score, content_version) VALUES ('w-hom-016', 'w-hom-017', 0.50, 1) ON CONFLICT (word_id, distractor_word_id) DO NOTHING;
INSERT INTO distractors (word_id, distractor_word_id, distance_score, content_version) VALUES ('w-hom-017', 'w-pr-159', 0.50, 1) ON CONFLICT (word_id, distractor_word_id) DO NOTHING;
INSERT INTO distractors (word_id, distractor_word_id, distance_score, content_version) VALUES ('w-hom-017', 'w-pr-221', 0.50, 1) ON CONFLICT (word_id, distractor_word_id) DO NOTHING;
INSERT INTO distractors (word_id, distractor_word_id, distance_score, content_version) VALUES ('w-hom-017', 'w-hom-014', 0.50, 1) ON CONFLICT (word_id, distractor_word_id) DO NOTHING;
INSERT INTO distractors (word_id, distractor_word_id, distance_score, content_version) VALUES ('w-hom-018', 'w-pr-223', 0.50, 1) ON CONFLICT (word_id, distractor_word_id) DO NOTHING;
INSERT INTO distractors (word_id, distractor_word_id, distance_score, content_version) VALUES ('w-hom-018', 'w-pr-159', 0.50, 1) ON CONFLICT (word_id, distractor_word_id) DO NOTHING;
INSERT INTO distractors (word_id, distractor_word_id, distance_score, content_version) VALUES ('w-hom-018', 'w-hom-017', 0.50, 1) ON CONFLICT (word_id, distractor_word_id) DO NOTHING;
INSERT INTO distractors (word_id, distractor_word_id, distance_score, content_version) VALUES ('w-hom-019', 'w-pr-223', 0.50, 1) ON CONFLICT (word_id, distractor_word_id) DO NOTHING;
INSERT INTO distractors (word_id, distractor_word_id, distance_score, content_version) VALUES ('w-hom-019', 'w-hom-021', 0.50, 1) ON CONFLICT (word_id, distractor_word_id) DO NOTHING;
INSERT INTO distractors (word_id, distractor_word_id, distance_score, content_version) VALUES ('w-hom-019', 'w-hom-022', 0.50, 1) ON CONFLICT (word_id, distractor_word_id) DO NOTHING;
INSERT INTO distractors (word_id, distractor_word_id, distance_score, content_version) VALUES ('w-hom-020', 'w-hom-021', 0.50, 1) ON CONFLICT (word_id, distractor_word_id) DO NOTHING;
INSERT INTO distractors (word_id, distractor_word_id, distance_score, content_version) VALUES ('w-hom-020', 'w-hom-022', 0.50, 1) ON CONFLICT (word_id, distractor_word_id) DO NOTHING;
INSERT INTO distractors (word_id, distractor_word_id, distance_score, content_version) VALUES ('w-hom-020', 'w-pr-222', 0.50, 1) ON CONFLICT (word_id, distractor_word_id) DO NOTHING;
INSERT INTO distractors (word_id, distractor_word_id, distance_score, content_version) VALUES ('w-hom-021', 'w-hom-020', 0.50, 1) ON CONFLICT (word_id, distractor_word_id) DO NOTHING;
INSERT INTO distractors (word_id, distractor_word_id, distance_score, content_version) VALUES ('w-hom-021', 'w-hom-022', 0.50, 1) ON CONFLICT (word_id, distractor_word_id) DO NOTHING;
INSERT INTO distractors (word_id, distractor_word_id, distance_score, content_version) VALUES ('w-hom-021', 'w-hom-019', 0.50, 1) ON CONFLICT (word_id, distractor_word_id) DO NOTHING;
INSERT INTO distractors (word_id, distractor_word_id, distance_score, content_version) VALUES ('w-hom-022', 'w-hom-020', 0.50, 1) ON CONFLICT (word_id, distractor_word_id) DO NOTHING;
INSERT INTO distractors (word_id, distractor_word_id, distance_score, content_version) VALUES ('w-hom-022', 'w-hom-021', 0.50, 1) ON CONFLICT (word_id, distractor_word_id) DO NOTHING;
INSERT INTO distractors (word_id, distractor_word_id, distance_score, content_version) VALUES ('w-hom-022', 'w-hom-019', 0.50, 1) ON CONFLICT (word_id, distractor_word_id) DO NOTHING;
INSERT INTO distractors (word_id, distractor_word_id, distance_score, content_version) VALUES ('w-job-001', 'w-job-002', 0.50, 1) ON CONFLICT (word_id, distractor_word_id) DO NOTHING;
INSERT INTO distractors (word_id, distractor_word_id, distance_score, content_version) VALUES ('w-job-001', 'w-job-003', 0.50, 1) ON CONFLICT (word_id, distractor_word_id) DO NOTHING;
INSERT INTO distractors (word_id, distractor_word_id, distance_score, content_version) VALUES ('w-job-001', 'w-kd-026', 0.50, 1) ON CONFLICT (word_id, distractor_word_id) DO NOTHING;
INSERT INTO distractors (word_id, distractor_word_id, distance_score, content_version) VALUES ('w-job-002', 'w-kd-025', 0.50, 1) ON CONFLICT (word_id, distractor_word_id) DO NOTHING;
INSERT INTO distractors (word_id, distractor_word_id, distance_score, content_version) VALUES ('w-job-002', 'w-job-007', 0.50, 1) ON CONFLICT (word_id, distractor_word_id) DO NOTHING;
INSERT INTO distractors (word_id, distractor_word_id, distance_score, content_version) VALUES ('w-job-002', 'w-job-021', 0.50, 1) ON CONFLICT (word_id, distractor_word_id) DO NOTHING;
INSERT INTO distractors (word_id, distractor_word_id, distance_score, content_version) VALUES ('w-job-003', 'w-kd-034', 0.50, 1) ON CONFLICT (word_id, distractor_word_id) DO NOTHING;
INSERT INTO distractors (word_id, distractor_word_id, distance_score, content_version) VALUES ('w-job-003', 'w-kd-025', 0.50, 1) ON CONFLICT (word_id, distractor_word_id) DO NOTHING;
INSERT INTO distractors (word_id, distractor_word_id, distance_score, content_version) VALUES ('w-job-003', 'w-job-011', 0.50, 1) ON CONFLICT (word_id, distractor_word_id) DO NOTHING;
INSERT INTO distractors (word_id, distractor_word_id, distance_score, content_version) VALUES ('w-job-004', 'w-job-003', 0.50, 1) ON CONFLICT (word_id, distractor_word_id) DO NOTHING;
INSERT INTO distractors (word_id, distractor_word_id, distance_score, content_version) VALUES ('w-job-004', 'w-job-018', 0.50, 1) ON CONFLICT (word_id, distractor_word_id) DO NOTHING;
INSERT INTO distractors (word_id, distractor_word_id, distance_score, content_version) VALUES ('w-job-004', 'w-job-016', 0.50, 1) ON CONFLICT (word_id, distractor_word_id) DO NOTHING;
INSERT INTO distractors (word_id, distractor_word_id, distance_score, content_version) VALUES ('w-job-005', 'w-job-006', 0.50, 1) ON CONFLICT (word_id, distractor_word_id) DO NOTHING;
INSERT INTO distractors (word_id, distractor_word_id, distance_score, content_version) VALUES ('w-job-005', 'w-job-016', 0.50, 1) ON CONFLICT (word_id, distractor_word_id) DO NOTHING;
INSERT INTO distractors (word_id, distractor_word_id, distance_score, content_version) VALUES ('w-job-005', 'w-kd-033', 0.50, 1) ON CONFLICT (word_id, distractor_word_id) DO NOTHING;
INSERT INTO distractors (word_id, distractor_word_id, distance_score, content_version) VALUES ('w-job-006', 'w-tv-053', 0.50, 1) ON CONFLICT (word_id, distractor_word_id) DO NOTHING;
INSERT INTO distractors (word_id, distractor_word_id, distance_score, content_version) VALUES ('w-job-006', 'w-job-016', 0.50, 1) ON CONFLICT (word_id, distractor_word_id) DO NOTHING;
INSERT INTO distractors (word_id, distractor_word_id, distance_score, content_version) VALUES ('w-job-006', 'w-job-013', 0.50, 1) ON CONFLICT (word_id, distractor_word_id) DO NOTHING;
INSERT INTO distractors (word_id, distractor_word_id, distance_score, content_version) VALUES ('w-job-007', 'w-kp-001', 0.50, 1) ON CONFLICT (word_id, distractor_word_id) DO NOTHING;
INSERT INTO distractors (word_id, distractor_word_id, distance_score, content_version) VALUES ('w-job-007', 'w-job-010', 0.50, 1) ON CONFLICT (word_id, distractor_word_id) DO NOTHING;
INSERT INTO distractors (word_id, distractor_word_id, distance_score, content_version) VALUES ('w-job-007', 'w-job-002', 0.50, 1) ON CONFLICT (word_id, distractor_word_id) DO NOTHING;
INSERT INTO distractors (word_id, distractor_word_id, distance_score, content_version) VALUES ('w-job-008', 'w-job-009', 0.50, 1) ON CONFLICT (word_id, distractor_word_id) DO NOTHING;
INSERT INTO distractors (word_id, distractor_word_id, distance_score, content_version) VALUES ('w-job-008', 'w-job-010', 0.50, 1) ON CONFLICT (word_id, distractor_word_id) DO NOTHING;
INSERT INTO distractors (word_id, distractor_word_id, distance_score, content_version) VALUES ('w-job-008', 'w-job-011', 0.50, 1) ON CONFLICT (word_id, distractor_word_id) DO NOTHING;
INSERT INTO distractors (word_id, distractor_word_id, distance_score, content_version) VALUES ('w-job-009', 'w-kp-001', 0.50, 1) ON CONFLICT (word_id, distractor_word_id) DO NOTHING;
INSERT INTO distractors (word_id, distractor_word_id, distance_score, content_version) VALUES ('w-job-009', 'w-job-010', 0.50, 1) ON CONFLICT (word_id, distractor_word_id) DO NOTHING;
INSERT INTO distractors (word_id, distractor_word_id, distance_score, content_version) VALUES ('w-job-009', 'w-kd-033', 0.50, 1) ON CONFLICT (word_id, distractor_word_id) DO NOTHING;
INSERT INTO distractors (word_id, distractor_word_id, distance_score, content_version) VALUES ('w-job-010', 'w-job-011', 0.50, 1) ON CONFLICT (word_id, distractor_word_id) DO NOTHING;
INSERT INTO distractors (word_id, distractor_word_id, distance_score, content_version) VALUES ('w-job-010', 'w-kp-001', 0.50, 1) ON CONFLICT (word_id, distractor_word_id) DO NOTHING;
INSERT INTO distractors (word_id, distractor_word_id, distance_score, content_version) VALUES ('w-job-010', 'w-job-009', 0.50, 1) ON CONFLICT (word_id, distractor_word_id) DO NOTHING;
INSERT INTO distractors (word_id, distractor_word_id, distance_score, content_version) VALUES ('w-job-011', 'w-kd-033', 0.50, 1) ON CONFLICT (word_id, distractor_word_id) DO NOTHING;
INSERT INTO distractors (word_id, distractor_word_id, distance_score, content_version) VALUES ('w-job-011', 'w-job-010', 0.50, 1) ON CONFLICT (word_id, distractor_word_id) DO NOTHING;
INSERT INTO distractors (word_id, distractor_word_id, distance_score, content_version) VALUES ('w-job-011', 'w-kp-001', 0.50, 1) ON CONFLICT (word_id, distractor_word_id) DO NOTHING;
INSERT INTO distractors (word_id, distractor_word_id, distance_score, content_version) VALUES ('w-job-012', 'w-job-011', 0.50, 1) ON CONFLICT (word_id, distractor_word_id) DO NOTHING;
INSERT INTO distractors (word_id, distractor_word_id, distance_score, content_version) VALUES ('w-job-012', 'w-tv-053', 0.50, 1) ON CONFLICT (word_id, distractor_word_id) DO NOTHING;
INSERT INTO distractors (word_id, distractor_word_id, distance_score, content_version) VALUES ('w-job-012', 'w-job-009', 0.50, 1) ON CONFLICT (word_id, distractor_word_id) DO NOTHING;
INSERT INTO distractors (word_id, distractor_word_id, distance_score, content_version) VALUES ('w-job-013', 'w-job-006', 0.50, 1) ON CONFLICT (word_id, distractor_word_id) DO NOTHING;
INSERT INTO distractors (word_id, distractor_word_id, distance_score, content_version) VALUES ('w-job-013', 'w-job-014', 0.50, 1) ON CONFLICT (word_id, distractor_word_id) DO NOTHING;
INSERT INTO distractors (word_id, distractor_word_id, distance_score, content_version) VALUES ('w-job-013', 'w-job-015', 0.50, 1) ON CONFLICT (word_id, distractor_word_id) DO NOTHING;
INSERT INTO distractors (word_id, distractor_word_id, distance_score, content_version) VALUES ('w-job-014', 'w-job-015', 0.50, 1) ON CONFLICT (word_id, distractor_word_id) DO NOTHING;
INSERT INTO distractors (word_id, distractor_word_id, distance_score, content_version) VALUES ('w-job-014', 'w-job-013', 0.50, 1) ON CONFLICT (word_id, distractor_word_id) DO NOTHING;
INSERT INTO distractors (word_id, distractor_word_id, distance_score, content_version) VALUES ('w-job-014', 'w-job-016', 0.50, 1) ON CONFLICT (word_id, distractor_word_id) DO NOTHING;
INSERT INTO distractors (word_id, distractor_word_id, distance_score, content_version) VALUES ('w-job-015', 'w-job-014', 0.50, 1) ON CONFLICT (word_id, distractor_word_id) DO NOTHING;
INSERT INTO distractors (word_id, distractor_word_id, distance_score, content_version) VALUES ('w-job-015', 'w-job-013', 0.50, 1) ON CONFLICT (word_id, distractor_word_id) DO NOTHING;
INSERT INTO distractors (word_id, distractor_word_id, distance_score, content_version) VALUES ('w-job-015', 'w-job-006', 0.50, 1) ON CONFLICT (word_id, distractor_word_id) DO NOTHING;
INSERT INTO distractors (word_id, distractor_word_id, distance_score, content_version) VALUES ('w-job-016', 'w-tv-053', 0.50, 1) ON CONFLICT (word_id, distractor_word_id) DO NOTHING;
INSERT INTO distractors (word_id, distractor_word_id, distance_score, content_version) VALUES ('w-job-016', 'w-job-006', 0.50, 1) ON CONFLICT (word_id, distractor_word_id) DO NOTHING;
INSERT INTO distractors (word_id, distractor_word_id, distance_score, content_version) VALUES ('w-job-016', 'w-job-013', 0.50, 1) ON CONFLICT (word_id, distractor_word_id) DO NOTHING;
INSERT INTO distractors (word_id, distractor_word_id, distance_score, content_version) VALUES ('w-job-017', 'w-kd-025', 0.50, 1) ON CONFLICT (word_id, distractor_word_id) DO NOTHING;
INSERT INTO distractors (word_id, distractor_word_id, distance_score, content_version) VALUES ('w-job-017', 'w-job-018', 0.50, 1) ON CONFLICT (word_id, distractor_word_id) DO NOTHING;
INSERT INTO distractors (word_id, distractor_word_id, distance_score, content_version) VALUES ('w-job-017', 'w-kd-029', 0.50, 1) ON CONFLICT (word_id, distractor_word_id) DO NOTHING;
INSERT INTO distractors (word_id, distractor_word_id, distance_score, content_version) VALUES ('w-job-018', 'w-kd-029', 0.50, 1) ON CONFLICT (word_id, distractor_word_id) DO NOTHING;
INSERT INTO distractors (word_id, distractor_word_id, distance_score, content_version) VALUES ('w-job-018', 'w-job-020', 0.50, 1) ON CONFLICT (word_id, distractor_word_id) DO NOTHING;
INSERT INTO distractors (word_id, distractor_word_id, distance_score, content_version) VALUES ('w-job-018', 'w-kd-034', 0.50, 1) ON CONFLICT (word_id, distractor_word_id) DO NOTHING;
INSERT INTO distractors (word_id, distractor_word_id, distance_score, content_version) VALUES ('w-job-019', 'w-job-018', 0.50, 1) ON CONFLICT (word_id, distractor_word_id) DO NOTHING;
INSERT INTO distractors (word_id, distractor_word_id, distance_score, content_version) VALUES ('w-job-019', 'w-job-020', 0.50, 1) ON CONFLICT (word_id, distractor_word_id) DO NOTHING;
INSERT INTO distractors (word_id, distractor_word_id, distance_score, content_version) VALUES ('w-job-019', 'w-job-021', 0.50, 1) ON CONFLICT (word_id, distractor_word_id) DO NOTHING;
INSERT INTO distractors (word_id, distractor_word_id, distance_score, content_version) VALUES ('w-job-020', 'w-job-018', 0.50, 1) ON CONFLICT (word_id, distractor_word_id) DO NOTHING;
INSERT INTO distractors (word_id, distractor_word_id, distance_score, content_version) VALUES ('w-job-020', 'w-job-021', 0.50, 1) ON CONFLICT (word_id, distractor_word_id) DO NOTHING;
INSERT INTO distractors (word_id, distractor_word_id, distance_score, content_version) VALUES ('w-job-020', 'w-job-019', 0.50, 1) ON CONFLICT (word_id, distractor_word_id) DO NOTHING;
INSERT INTO distractors (word_id, distractor_word_id, distance_score, content_version) VALUES ('w-job-021', 'w-job-020', 0.50, 1) ON CONFLICT (word_id, distractor_word_id) DO NOTHING;
INSERT INTO distractors (word_id, distractor_word_id, distance_score, content_version) VALUES ('w-job-021', 'w-job-007', 0.50, 1) ON CONFLICT (word_id, distractor_word_id) DO NOTHING;
INSERT INTO distractors (word_id, distractor_word_id, distance_score, content_version) VALUES ('w-job-021', 'w-job-019', 0.50, 1) ON CONFLICT (word_id, distractor_word_id) DO NOTHING;
INSERT INTO distractors (word_id, distractor_word_id, distance_score, content_version) VALUES ('w-job-022', 'w-job-018', 0.50, 1) ON CONFLICT (word_id, distractor_word_id) DO NOTHING;
INSERT INTO distractors (word_id, distractor_word_id, distance_score, content_version) VALUES ('w-job-022', 'w-kd-026', 0.50, 1) ON CONFLICT (word_id, distractor_word_id) DO NOTHING;
INSERT INTO distractors (word_id, distractor_word_id, distance_score, content_version) VALUES ('w-job-022', 'w-job-020', 0.50, 1) ON CONFLICT (word_id, distractor_word_id) DO NOTHING;
INSERT INTO distractors (word_id, distractor_word_id, distance_score, content_version) VALUES ('w-num-001', 'w-st-030', 0.50, 1) ON CONFLICT (word_id, distractor_word_id) DO NOTHING;
INSERT INTO distractors (word_id, distractor_word_id, distance_score, content_version) VALUES ('w-num-001', 'w-st-031', 0.50, 1) ON CONFLICT (word_id, distractor_word_id) DO NOTHING;
INSERT INTO distractors (word_id, distractor_word_id, distance_score, content_version) VALUES ('w-num-001', 'w-st-032', 0.50, 1) ON CONFLICT (word_id, distractor_word_id) DO NOTHING;
INSERT INTO distractors (word_id, distractor_word_id, distance_score, content_version) VALUES ('w-num-002', 'w-st-029', 0.50, 1) ON CONFLICT (word_id, distractor_word_id) DO NOTHING;
INSERT INTO distractors (word_id, distractor_word_id, distance_score, content_version) VALUES ('w-num-002', 'w-st-031', 0.50, 1) ON CONFLICT (word_id, distractor_word_id) DO NOTHING;
INSERT INTO distractors (word_id, distractor_word_id, distance_score, content_version) VALUES ('w-num-002', 'w-num-005', 0.50, 1) ON CONFLICT (word_id, distractor_word_id) DO NOTHING;
INSERT INTO distractors (word_id, distractor_word_id, distance_score, content_version) VALUES ('w-num-003', 'w-st-030', 0.50, 1) ON CONFLICT (word_id, distractor_word_id) DO NOTHING;
INSERT INTO distractors (word_id, distractor_word_id, distance_score, content_version) VALUES ('w-num-003', 'w-st-032', 0.50, 1) ON CONFLICT (word_id, distractor_word_id) DO NOTHING;
INSERT INTO distractors (word_id, distractor_word_id, distance_score, content_version) VALUES ('w-num-003', 'w-num-005', 0.50, 1) ON CONFLICT (word_id, distractor_word_id) DO NOTHING;
INSERT INTO distractors (word_id, distractor_word_id, distance_score, content_version) VALUES ('w-num-004', 'w-st-031', 0.50, 1) ON CONFLICT (word_id, distractor_word_id) DO NOTHING;
INSERT INTO distractors (word_id, distractor_word_id, distance_score, content_version) VALUES ('w-num-004', 'w-num-005', 0.50, 1) ON CONFLICT (word_id, distractor_word_id) DO NOTHING;
INSERT INTO distractors (word_id, distractor_word_id, distance_score, content_version) VALUES ('w-num-004', 'w-num-006', 0.50, 1) ON CONFLICT (word_id, distractor_word_id) DO NOTHING;
INSERT INTO distractors (word_id, distractor_word_id, distance_score, content_version) VALUES ('w-num-005', 'w-st-032', 0.50, 1) ON CONFLICT (word_id, distractor_word_id) DO NOTHING;
INSERT INTO distractors (word_id, distractor_word_id, distance_score, content_version) VALUES ('w-num-005', 'w-num-006', 0.50, 1) ON CONFLICT (word_id, distractor_word_id) DO NOTHING;
INSERT INTO distractors (word_id, distractor_word_id, distance_score, content_version) VALUES ('w-num-005', 'w-num-007', 0.50, 1) ON CONFLICT (word_id, distractor_word_id) DO NOTHING;
INSERT INTO distractors (word_id, distractor_word_id, distance_score, content_version) VALUES ('w-num-006', 'w-num-005', 0.50, 1) ON CONFLICT (word_id, distractor_word_id) DO NOTHING;
INSERT INTO distractors (word_id, distractor_word_id, distance_score, content_version) VALUES ('w-num-006', 'w-num-007', 0.50, 1) ON CONFLICT (word_id, distractor_word_id) DO NOTHING;
INSERT INTO distractors (word_id, distractor_word_id, distance_score, content_version) VALUES ('w-num-006', 'w-num-008', 0.50, 1) ON CONFLICT (word_id, distractor_word_id) DO NOTHING;
INSERT INTO distractors (word_id, distractor_word_id, distance_score, content_version) VALUES ('w-num-007', 'w-num-006', 0.50, 1) ON CONFLICT (word_id, distractor_word_id) DO NOTHING;
INSERT INTO distractors (word_id, distractor_word_id, distance_score, content_version) VALUES ('w-num-007', 'w-num-008', 0.50, 1) ON CONFLICT (word_id, distractor_word_id) DO NOTHING;
INSERT INTO distractors (word_id, distractor_word_id, distance_score, content_version) VALUES ('w-num-007', 'w-num-009', 0.50, 1) ON CONFLICT (word_id, distractor_word_id) DO NOTHING;
INSERT INTO distractors (word_id, distractor_word_id, distance_score, content_version) VALUES ('w-num-008', 'w-num-007', 0.50, 1) ON CONFLICT (word_id, distractor_word_id) DO NOTHING;
INSERT INTO distractors (word_id, distractor_word_id, distance_score, content_version) VALUES ('w-num-008', 'w-num-009', 0.50, 1) ON CONFLICT (word_id, distractor_word_id) DO NOTHING;
INSERT INTO distractors (word_id, distractor_word_id, distance_score, content_version) VALUES ('w-num-008', 'w-num-010', 0.50, 1) ON CONFLICT (word_id, distractor_word_id) DO NOTHING;
INSERT INTO distractors (word_id, distractor_word_id, distance_score, content_version) VALUES ('w-num-009', 'w-num-008', 0.50, 1) ON CONFLICT (word_id, distractor_word_id) DO NOTHING;
INSERT INTO distractors (word_id, distractor_word_id, distance_score, content_version) VALUES ('w-num-009', 'w-num-010', 0.50, 1) ON CONFLICT (word_id, distractor_word_id) DO NOTHING;
INSERT INTO distractors (word_id, distractor_word_id, distance_score, content_version) VALUES ('w-num-009', 'w-num-007', 0.50, 1) ON CONFLICT (word_id, distractor_word_id) DO NOTHING;
INSERT INTO distractors (word_id, distractor_word_id, distance_score, content_version) VALUES ('w-num-010', 'w-num-009', 0.50, 1) ON CONFLICT (word_id, distractor_word_id) DO NOTHING;
INSERT INTO distractors (word_id, distractor_word_id, distance_score, content_version) VALUES ('w-num-010', 'w-num-008', 0.50, 1) ON CONFLICT (word_id, distractor_word_id) DO NOTHING;
INSERT INTO distractors (word_id, distractor_word_id, distance_score, content_version) VALUES ('w-num-010', 'w-num-006', 0.50, 1) ON CONFLICT (word_id, distractor_word_id) DO NOTHING;
INSERT INTO distractors (word_id, distractor_word_id, distance_score, content_version) VALUES ('w-num-011', 'w-bod-008', 0.50, 1) ON CONFLICT (word_id, distractor_word_id) DO NOTHING;
INSERT INTO distractors (word_id, distractor_word_id, distance_score, content_version) VALUES ('w-num-011', 'w-num-013', 0.50, 1) ON CONFLICT (word_id, distractor_word_id) DO NOTHING;
INSERT INTO distractors (word_id, distractor_word_id, distance_score, content_version) VALUES ('w-num-011', 'w-num-014', 0.50, 1) ON CONFLICT (word_id, distractor_word_id) DO NOTHING;
INSERT INTO distractors (word_id, distractor_word_id, distance_score, content_version) VALUES ('w-num-012', 'w-num-011', 0.50, 1) ON CONFLICT (word_id, distractor_word_id) DO NOTHING;
INSERT INTO distractors (word_id, distractor_word_id, distance_score, content_version) VALUES ('w-num-012', 'w-num-013', 0.50, 1) ON CONFLICT (word_id, distractor_word_id) DO NOTHING;
INSERT INTO distractors (word_id, distractor_word_id, distance_score, content_version) VALUES ('w-num-012', 'w-num-015', 0.50, 1) ON CONFLICT (word_id, distractor_word_id) DO NOTHING;
INSERT INTO distractors (word_id, distractor_word_id, distance_score, content_version) VALUES ('w-num-013', 'w-bod-008', 0.50, 1) ON CONFLICT (word_id, distractor_word_id) DO NOTHING;
INSERT INTO distractors (word_id, distractor_word_id, distance_score, content_version) VALUES ('w-num-013', 'w-num-014', 0.50, 1) ON CONFLICT (word_id, distractor_word_id) DO NOTHING;
INSERT INTO distractors (word_id, distractor_word_id, distance_score, content_version) VALUES ('w-num-013', 'w-num-015', 0.50, 1) ON CONFLICT (word_id, distractor_word_id) DO NOTHING;
INSERT INTO distractors (word_id, distractor_word_id, distance_score, content_version) VALUES ('w-num-014', 'w-num-013', 0.50, 1) ON CONFLICT (word_id, distractor_word_id) DO NOTHING;
INSERT INTO distractors (word_id, distractor_word_id, distance_score, content_version) VALUES ('w-num-014', 'w-num-015', 0.50, 1) ON CONFLICT (word_id, distractor_word_id) DO NOTHING;
INSERT INTO distractors (word_id, distractor_word_id, distance_score, content_version) VALUES ('w-num-014', 'w-num-016', 0.50, 1) ON CONFLICT (word_id, distractor_word_id) DO NOTHING;
INSERT INTO distractors (word_id, distractor_word_id, distance_score, content_version) VALUES ('w-num-015', 'w-num-014', 0.50, 1) ON CONFLICT (word_id, distractor_word_id) DO NOTHING;
INSERT INTO distractors (word_id, distractor_word_id, distance_score, content_version) VALUES ('w-num-015', 'w-num-016', 0.50, 1) ON CONFLICT (word_id, distractor_word_id) DO NOTHING;
INSERT INTO distractors (word_id, distractor_word_id, distance_score, content_version) VALUES ('w-num-015', 'w-num-017', 0.50, 1) ON CONFLICT (word_id, distractor_word_id) DO NOTHING;
INSERT INTO distractors (word_id, distractor_word_id, distance_score, content_version) VALUES ('w-num-016', 'w-num-015', 0.50, 1) ON CONFLICT (word_id, distractor_word_id) DO NOTHING;
INSERT INTO distractors (word_id, distractor_word_id, distance_score, content_version) VALUES ('w-num-016', 'w-num-017', 0.50, 1) ON CONFLICT (word_id, distractor_word_id) DO NOTHING;
INSERT INTO distractors (word_id, distractor_word_id, distance_score, content_version) VALUES ('w-num-016', 'w-bod-011', 0.50, 1) ON CONFLICT (word_id, distractor_word_id) DO NOTHING;
INSERT INTO distractors (word_id, distractor_word_id, distance_score, content_version) VALUES ('w-num-017', 'w-num-016', 0.50, 1) ON CONFLICT (word_id, distractor_word_id) DO NOTHING;
INSERT INTO distractors (word_id, distractor_word_id, distance_score, content_version) VALUES ('w-num-017', 'w-bod-011', 0.50, 1) ON CONFLICT (word_id, distractor_word_id) DO NOTHING;
INSERT INTO distractors (word_id, distractor_word_id, distance_score, content_version) VALUES ('w-num-017', 'w-num-019', 0.50, 1) ON CONFLICT (word_id, distractor_word_id) DO NOTHING;
INSERT INTO distractors (word_id, distractor_word_id, distance_score, content_version) VALUES ('w-num-018', 'w-num-017', 0.50, 1) ON CONFLICT (word_id, distractor_word_id) DO NOTHING;
INSERT INTO distractors (word_id, distractor_word_id, distance_score, content_version) VALUES ('w-num-018', 'w-num-019', 0.50, 1) ON CONFLICT (word_id, distractor_word_id) DO NOTHING;
INSERT INTO distractors (word_id, distractor_word_id, distance_score, content_version) VALUES ('w-num-018', 'w-num-020', 0.50, 1) ON CONFLICT (word_id, distractor_word_id) DO NOTHING;
INSERT INTO distractors (word_id, distractor_word_id, distance_score, content_version) VALUES ('w-num-019', 'w-bod-011', 0.50, 1) ON CONFLICT (word_id, distractor_word_id) DO NOTHING;
INSERT INTO distractors (word_id, distractor_word_id, distance_score, content_version) VALUES ('w-num-019', 'w-num-020', 0.50, 1) ON CONFLICT (word_id, distractor_word_id) DO NOTHING;
INSERT INTO distractors (word_id, distractor_word_id, distance_score, content_version) VALUES ('w-num-019', 'w-num-017', 0.50, 1) ON CONFLICT (word_id, distractor_word_id) DO NOTHING;
INSERT INTO distractors (word_id, distractor_word_id, distance_score, content_version) VALUES ('w-num-020', 'w-num-019', 0.50, 1) ON CONFLICT (word_id, distractor_word_id) DO NOTHING;
INSERT INTO distractors (word_id, distractor_word_id, distance_score, content_version) VALUES ('w-num-020', 'w-bod-011', 0.50, 1) ON CONFLICT (word_id, distractor_word_id) DO NOTHING;
INSERT INTO distractors (word_id, distractor_word_id, distance_score, content_version) VALUES ('w-num-020', 'w-num-021', 0.50, 1) ON CONFLICT (word_id, distractor_word_id) DO NOTHING;
INSERT INTO distractors (word_id, distractor_word_id, distance_score, content_version) VALUES ('w-num-021', 'w-num-022', 0.50, 1) ON CONFLICT (word_id, distractor_word_id) DO NOTHING;
INSERT INTO distractors (word_id, distractor_word_id, distance_score, content_version) VALUES ('w-num-021', 'w-num-020', 0.50, 1) ON CONFLICT (word_id, distractor_word_id) DO NOTHING;
INSERT INTO distractors (word_id, distractor_word_id, distance_score, content_version) VALUES ('w-num-021', 'w-num-019', 0.50, 1) ON CONFLICT (word_id, distractor_word_id) DO NOTHING;
INSERT INTO distractors (word_id, distractor_word_id, distance_score, content_version) VALUES ('w-num-022', 'w-num-021', 0.50, 1) ON CONFLICT (word_id, distractor_word_id) DO NOTHING;
INSERT INTO distractors (word_id, distractor_word_id, distance_score, content_version) VALUES ('w-num-022', 'w-num-020', 0.50, 1) ON CONFLICT (word_id, distractor_word_id) DO NOTHING;
INSERT INTO distractors (word_id, distractor_word_id, distance_score, content_version) VALUES ('w-num-022', 'w-num-019', 0.50, 1) ON CONFLICT (word_id, distractor_word_id) DO NOTHING;
INSERT INTO distractors (word_id, distractor_word_id, distance_score, content_version) VALUES ('w-sea-001', 'w-pr-017', 0.50, 1) ON CONFLICT (word_id, distractor_word_id) DO NOTHING;
INSERT INTO distractors (word_id, distractor_word_id, distance_score, content_version) VALUES ('w-sea-001', 'w-pr-018', 0.50, 1) ON CONFLICT (word_id, distractor_word_id) DO NOTHING;
INSERT INTO distractors (word_id, distractor_word_id, distance_score, content_version) VALUES ('w-sea-001', 'w-pr-019', 0.50, 1) ON CONFLICT (word_id, distractor_word_id) DO NOTHING;
INSERT INTO distractors (word_id, distractor_word_id, distance_score, content_version) VALUES ('w-sea-002', 'w-pr-016', 0.50, 1) ON CONFLICT (word_id, distractor_word_id) DO NOTHING;
INSERT INTO distractors (word_id, distractor_word_id, distance_score, content_version) VALUES ('w-sea-002', 'w-pr-018', 0.50, 1) ON CONFLICT (word_id, distractor_word_id) DO NOTHING;
INSERT INTO distractors (word_id, distractor_word_id, distance_score, content_version) VALUES ('w-sea-002', 'w-pr-019', 0.50, 1) ON CONFLICT (word_id, distractor_word_id) DO NOTHING;
INSERT INTO distractors (word_id, distractor_word_id, distance_score, content_version) VALUES ('w-sea-003', 'w-pr-016', 0.50, 1) ON CONFLICT (word_id, distractor_word_id) DO NOTHING;
INSERT INTO distractors (word_id, distractor_word_id, distance_score, content_version) VALUES ('w-sea-003', 'w-pr-017', 0.50, 1) ON CONFLICT (word_id, distractor_word_id) DO NOTHING;
INSERT INTO distractors (word_id, distractor_word_id, distance_score, content_version) VALUES ('w-sea-003', 'w-pr-019', 0.50, 1) ON CONFLICT (word_id, distractor_word_id) DO NOTHING;
INSERT INTO distractors (word_id, distractor_word_id, distance_score, content_version) VALUES ('w-sea-004', 'w-pr-016', 0.50, 1) ON CONFLICT (word_id, distractor_word_id) DO NOTHING;
INSERT INTO distractors (word_id, distractor_word_id, distance_score, content_version) VALUES ('w-sea-004', 'w-pr-017', 0.50, 1) ON CONFLICT (word_id, distractor_word_id) DO NOTHING;
INSERT INTO distractors (word_id, distractor_word_id, distance_score, content_version) VALUES ('w-sea-004', 'w-pr-018', 0.50, 1) ON CONFLICT (word_id, distractor_word_id) DO NOTHING;
INSERT INTO distractors (word_id, distractor_word_id, distance_score, content_version) VALUES ('w-sea-005', 'w-pr-026', 0.50, 1) ON CONFLICT (word_id, distractor_word_id) DO NOTHING;
INSERT INTO distractors (word_id, distractor_word_id, distance_score, content_version) VALUES ('w-sea-005', 'w-sea-015', 0.50, 1) ON CONFLICT (word_id, distractor_word_id) DO NOTHING;
INSERT INTO distractors (word_id, distractor_word_id, distance_score, content_version) VALUES ('w-sea-005', 'w-pr-024', 0.50, 1) ON CONFLICT (word_id, distractor_word_id) DO NOTHING;
INSERT INTO distractors (word_id, distractor_word_id, distance_score, content_version) VALUES ('w-sea-006', 'w-sea-007', 0.50, 1) ON CONFLICT (word_id, distractor_word_id) DO NOTHING;
INSERT INTO distractors (word_id, distractor_word_id, distance_score, content_version) VALUES ('w-sea-006', 'w-sea-008', 0.50, 1) ON CONFLICT (word_id, distractor_word_id) DO NOTHING;
INSERT INTO distractors (word_id, distractor_word_id, distance_score, content_version) VALUES ('w-sea-006', 'w-sea-009', 0.50, 1) ON CONFLICT (word_id, distractor_word_id) DO NOTHING;
INSERT INTO distractors (word_id, distractor_word_id, distance_score, content_version) VALUES ('w-sea-007', 'w-sea-006', 0.50, 1) ON CONFLICT (word_id, distractor_word_id) DO NOTHING;
INSERT INTO distractors (word_id, distractor_word_id, distance_score, content_version) VALUES ('w-sea-007', 'w-sea-008', 0.50, 1) ON CONFLICT (word_id, distractor_word_id) DO NOTHING;
INSERT INTO distractors (word_id, distractor_word_id, distance_score, content_version) VALUES ('w-sea-007', 'w-sea-009', 0.50, 1) ON CONFLICT (word_id, distractor_word_id) DO NOTHING;
INSERT INTO distractors (word_id, distractor_word_id, distance_score, content_version) VALUES ('w-sea-008', 'w-sea-006', 0.50, 1) ON CONFLICT (word_id, distractor_word_id) DO NOTHING;
INSERT INTO distractors (word_id, distractor_word_id, distance_score, content_version) VALUES ('w-sea-008', 'w-sea-007', 0.50, 1) ON CONFLICT (word_id, distractor_word_id) DO NOTHING;
INSERT INTO distractors (word_id, distractor_word_id, distance_score, content_version) VALUES ('w-sea-008', 'w-sea-009', 0.50, 1) ON CONFLICT (word_id, distractor_word_id) DO NOTHING;
INSERT INTO distractors (word_id, distractor_word_id, distance_score, content_version) VALUES ('w-sea-009', 'w-sea-006', 0.50, 1) ON CONFLICT (word_id, distractor_word_id) DO NOTHING;
INSERT INTO distractors (word_id, distractor_word_id, distance_score, content_version) VALUES ('w-sea-009', 'w-sea-007', 0.50, 1) ON CONFLICT (word_id, distractor_word_id) DO NOTHING;
INSERT INTO distractors (word_id, distractor_word_id, distance_score, content_version) VALUES ('w-sea-009', 'w-sea-008', 0.50, 1) ON CONFLICT (word_id, distractor_word_id) DO NOTHING;
INSERT INTO distractors (word_id, distractor_word_id, distance_score, content_version) VALUES ('w-sea-010', 'w-sea-011', 0.50, 1) ON CONFLICT (word_id, distractor_word_id) DO NOTHING;
INSERT INTO distractors (word_id, distractor_word_id, distance_score, content_version) VALUES ('w-sea-010', 'w-sea-008', 0.50, 1) ON CONFLICT (word_id, distractor_word_id) DO NOTHING;
INSERT INTO distractors (word_id, distractor_word_id, distance_score, content_version) VALUES ('w-sea-010', 'w-sea-009', 0.50, 1) ON CONFLICT (word_id, distractor_word_id) DO NOTHING;
INSERT INTO distractors (word_id, distractor_word_id, distance_score, content_version) VALUES ('w-sea-011', 'w-sea-010', 0.50, 1) ON CONFLICT (word_id, distractor_word_id) DO NOTHING;
INSERT INTO distractors (word_id, distractor_word_id, distance_score, content_version) VALUES ('w-sea-011', 'w-sea-006', 0.50, 1) ON CONFLICT (word_id, distractor_word_id) DO NOTHING;
INSERT INTO distractors (word_id, distractor_word_id, distance_score, content_version) VALUES ('w-sea-011', 'w-sea-007', 0.50, 1) ON CONFLICT (word_id, distractor_word_id) DO NOTHING;
INSERT INTO distractors (word_id, distractor_word_id, distance_score, content_version) VALUES ('w-sea-012', 'w-pr-074', 0.50, 1) ON CONFLICT (word_id, distractor_word_id) DO NOTHING;
INSERT INTO distractors (word_id, distractor_word_id, distance_score, content_version) VALUES ('w-sea-012', 'w-pr-026', 0.50, 1) ON CONFLICT (word_id, distractor_word_id) DO NOTHING;
INSERT INTO distractors (word_id, distractor_word_id, distance_score, content_version) VALUES ('w-sea-012', 'w-sea-015', 0.50, 1) ON CONFLICT (word_id, distractor_word_id) DO NOTHING;
INSERT INTO distractors (word_id, distractor_word_id, distance_score, content_version) VALUES ('w-sea-013', 'w-pr-024', 0.50, 1) ON CONFLICT (word_id, distractor_word_id) DO NOTHING;
INSERT INTO distractors (word_id, distractor_word_id, distance_score, content_version) VALUES ('w-sea-013', 'w-pr-026', 0.50, 1) ON CONFLICT (word_id, distractor_word_id) DO NOTHING;
INSERT INTO distractors (word_id, distractor_word_id, distance_score, content_version) VALUES ('w-sea-013', 'w-sea-015', 0.50, 1) ON CONFLICT (word_id, distractor_word_id) DO NOTHING;
INSERT INTO distractors (word_id, distractor_word_id, distance_score, content_version) VALUES ('w-sea-014', 'w-pr-024', 0.50, 1) ON CONFLICT (word_id, distractor_word_id) DO NOTHING;
INSERT INTO distractors (word_id, distractor_word_id, distance_score, content_version) VALUES ('w-sea-014', 'w-pr-074', 0.50, 1) ON CONFLICT (word_id, distractor_word_id) DO NOTHING;
INSERT INTO distractors (word_id, distractor_word_id, distance_score, content_version) VALUES ('w-sea-014', 'w-sea-015', 0.50, 1) ON CONFLICT (word_id, distractor_word_id) DO NOTHING;
INSERT INTO distractors (word_id, distractor_word_id, distance_score, content_version) VALUES ('w-sea-015', 'w-pr-024', 0.50, 1) ON CONFLICT (word_id, distractor_word_id) DO NOTHING;
INSERT INTO distractors (word_id, distractor_word_id, distance_score, content_version) VALUES ('w-sea-015', 'w-pr-074', 0.50, 1) ON CONFLICT (word_id, distractor_word_id) DO NOTHING;
INSERT INTO distractors (word_id, distractor_word_id, distance_score, content_version) VALUES ('w-sea-015', 'w-pr-026', 0.50, 1) ON CONFLICT (word_id, distractor_word_id) DO NOTHING;
INSERT INTO distractors (word_id, distractor_word_id, distance_score, content_version) VALUES ('w-sea-016', 'w-sea-015', 0.50, 1) ON CONFLICT (word_id, distractor_word_id) DO NOTHING;
INSERT INTO distractors (word_id, distractor_word_id, distance_score, content_version) VALUES ('w-sea-016', 'w-pr-026', 0.50, 1) ON CONFLICT (word_id, distractor_word_id) DO NOTHING;
INSERT INTO distractors (word_id, distractor_word_id, distance_score, content_version) VALUES ('w-sea-016', 'w-sea-019', 0.50, 1) ON CONFLICT (word_id, distractor_word_id) DO NOTHING;
INSERT INTO distractors (word_id, distractor_word_id, distance_score, content_version) VALUES ('w-sea-017', 'w-sea-018', 0.50, 1) ON CONFLICT (word_id, distractor_word_id) DO NOTHING;
INSERT INTO distractors (word_id, distractor_word_id, distance_score, content_version) VALUES ('w-sea-017', 'w-pr-024', 0.50, 1) ON CONFLICT (word_id, distractor_word_id) DO NOTHING;
INSERT INTO distractors (word_id, distractor_word_id, distance_score, content_version) VALUES ('w-sea-017', 'w-pr-074', 0.50, 1) ON CONFLICT (word_id, distractor_word_id) DO NOTHING;
INSERT INTO distractors (word_id, distractor_word_id, distance_score, content_version) VALUES ('w-sea-018', 'w-sea-017', 0.50, 1) ON CONFLICT (word_id, distractor_word_id) DO NOTHING;
INSERT INTO distractors (word_id, distractor_word_id, distance_score, content_version) VALUES ('w-sea-018', 'w-pr-074', 0.50, 1) ON CONFLICT (word_id, distractor_word_id) DO NOTHING;
INSERT INTO distractors (word_id, distractor_word_id, distance_score, content_version) VALUES ('w-sea-018', 'w-pr-024', 0.50, 1) ON CONFLICT (word_id, distractor_word_id) DO NOTHING;
INSERT INTO distractors (word_id, distractor_word_id, distance_score, content_version) VALUES ('w-sea-019', 'w-pr-207', 0.50, 1) ON CONFLICT (word_id, distractor_word_id) DO NOTHING;
INSERT INTO distractors (word_id, distractor_word_id, distance_score, content_version) VALUES ('w-sea-019', 'w-sea-015', 0.50, 1) ON CONFLICT (word_id, distractor_word_id) DO NOTHING;
INSERT INTO distractors (word_id, distractor_word_id, distance_score, content_version) VALUES ('w-sea-019', 'w-sea-020', 0.50, 1) ON CONFLICT (word_id, distractor_word_id) DO NOTHING;
INSERT INTO distractors (word_id, distractor_word_id, distance_score, content_version) VALUES ('w-sea-020', 'w-sea-015', 0.50, 1) ON CONFLICT (word_id, distractor_word_id) DO NOTHING;
INSERT INTO distractors (word_id, distractor_word_id, distance_score, content_version) VALUES ('w-sea-020', 'w-sea-019', 0.50, 1) ON CONFLICT (word_id, distractor_word_id) DO NOTHING;
INSERT INTO distractors (word_id, distractor_word_id, distance_score, content_version) VALUES ('w-sea-020', 'w-pr-207', 0.50, 1) ON CONFLICT (word_id, distractor_word_id) DO NOTHING;
INSERT INTO distractors (word_id, distractor_word_id, distance_score, content_version) VALUES ('w-vrb-001', 'w-vrb-002', 0.50, 1) ON CONFLICT (word_id, distractor_word_id) DO NOTHING;
INSERT INTO distractors (word_id, distractor_word_id, distance_score, content_version) VALUES ('w-vrb-001', 'w-vrb-005', 0.50, 1) ON CONFLICT (word_id, distractor_word_id) DO NOTHING;
INSERT INTO distractors (word_id, distractor_word_id, distance_score, content_version) VALUES ('w-vrb-001', 'w-vrb-011', 0.50, 1) ON CONFLICT (word_id, distractor_word_id) DO NOTHING;
INSERT INTO distractors (word_id, distractor_word_id, distance_score, content_version) VALUES ('w-vrb-002', 'w-vrb-001', 0.50, 1) ON CONFLICT (word_id, distractor_word_id) DO NOTHING;
INSERT INTO distractors (word_id, distractor_word_id, distance_score, content_version) VALUES ('w-vrb-002', 'w-vrb-020', 0.50, 1) ON CONFLICT (word_id, distractor_word_id) DO NOTHING;
INSERT INTO distractors (word_id, distractor_word_id, distance_score, content_version) VALUES ('w-vrb-002', 'w-vrb-007', 0.50, 1) ON CONFLICT (word_id, distractor_word_id) DO NOTHING;
INSERT INTO distractors (word_id, distractor_word_id, distance_score, content_version) VALUES ('w-vrb-003', 'w-vrb-004', 0.50, 1) ON CONFLICT (word_id, distractor_word_id) DO NOTHING;
INSERT INTO distractors (word_id, distractor_word_id, distance_score, content_version) VALUES ('w-vrb-003', 'w-vrb-016', 0.50, 1) ON CONFLICT (word_id, distractor_word_id) DO NOTHING;
INSERT INTO distractors (word_id, distractor_word_id, distance_score, content_version) VALUES ('w-vrb-003', 'w-vrb-005', 0.50, 1) ON CONFLICT (word_id, distractor_word_id) DO NOTHING;
INSERT INTO distractors (word_id, distractor_word_id, distance_score, content_version) VALUES ('w-vrb-004', 'w-vrb-003', 0.50, 1) ON CONFLICT (word_id, distractor_word_id) DO NOTHING;
INSERT INTO distractors (word_id, distractor_word_id, distance_score, content_version) VALUES ('w-vrb-004', 'w-vrb-019', 0.50, 1) ON CONFLICT (word_id, distractor_word_id) DO NOTHING;
INSERT INTO distractors (word_id, distractor_word_id, distance_score, content_version) VALUES ('w-vrb-004', 'w-vrb-011', 0.50, 1) ON CONFLICT (word_id, distractor_word_id) DO NOTHING;
INSERT INTO distractors (word_id, distractor_word_id, distance_score, content_version) VALUES ('w-vrb-005', 'w-vrb-006', 0.50, 1) ON CONFLICT (word_id, distractor_word_id) DO NOTHING;
INSERT INTO distractors (word_id, distractor_word_id, distance_score, content_version) VALUES ('w-vrb-005', 'w-vrb-007', 0.50, 1) ON CONFLICT (word_id, distractor_word_id) DO NOTHING;
INSERT INTO distractors (word_id, distractor_word_id, distance_score, content_version) VALUES ('w-vrb-005', 'w-vrb-023', 0.50, 1) ON CONFLICT (word_id, distractor_word_id) DO NOTHING;
INSERT INTO distractors (word_id, distractor_word_id, distance_score, content_version) VALUES ('w-vrb-006', 'w-vrb-005', 0.50, 1) ON CONFLICT (word_id, distractor_word_id) DO NOTHING;
INSERT INTO distractors (word_id, distractor_word_id, distance_score, content_version) VALUES ('w-vrb-006', 'w-vrb-007', 0.50, 1) ON CONFLICT (word_id, distractor_word_id) DO NOTHING;
INSERT INTO distractors (word_id, distractor_word_id, distance_score, content_version) VALUES ('w-vrb-006', 'w-vrb-008', 0.50, 1) ON CONFLICT (word_id, distractor_word_id) DO NOTHING;
INSERT INTO distractors (word_id, distractor_word_id, distance_score, content_version) VALUES ('w-vrb-007', 'w-vrb-008', 0.50, 1) ON CONFLICT (word_id, distractor_word_id) DO NOTHING;
INSERT INTO distractors (word_id, distractor_word_id, distance_score, content_version) VALUES ('w-vrb-007', 'w-vrb-006', 0.50, 1) ON CONFLICT (word_id, distractor_word_id) DO NOTHING;
INSERT INTO distractors (word_id, distractor_word_id, distance_score, content_version) VALUES ('w-vrb-007', 'w-vrb-005', 0.50, 1) ON CONFLICT (word_id, distractor_word_id) DO NOTHING;
INSERT INTO distractors (word_id, distractor_word_id, distance_score, content_version) VALUES ('w-vrb-008', 'w-vrb-007', 0.50, 1) ON CONFLICT (word_id, distractor_word_id) DO NOTHING;
INSERT INTO distractors (word_id, distractor_word_id, distance_score, content_version) VALUES ('w-vrb-008', 'w-vrb-009', 0.50, 1) ON CONFLICT (word_id, distractor_word_id) DO NOTHING;
INSERT INTO distractors (word_id, distractor_word_id, distance_score, content_version) VALUES ('w-vrb-008', 'w-vrb-001', 0.50, 1) ON CONFLICT (word_id, distractor_word_id) DO NOTHING;
INSERT INTO distractors (word_id, distractor_word_id, distance_score, content_version) VALUES ('w-vrb-009', 'w-vrb-010', 0.50, 1) ON CONFLICT (word_id, distractor_word_id) DO NOTHING;
INSERT INTO distractors (word_id, distractor_word_id, distance_score, content_version) VALUES ('w-vrb-009', 'w-vrb-008', 0.50, 1) ON CONFLICT (word_id, distractor_word_id) DO NOTHING;
INSERT INTO distractors (word_id, distractor_word_id, distance_score, content_version) VALUES ('w-vrb-009', 'w-vrb-001', 0.50, 1) ON CONFLICT (word_id, distractor_word_id) DO NOTHING;
INSERT INTO distractors (word_id, distractor_word_id, distance_score, content_version) VALUES ('w-vrb-010', 'w-vrb-009', 0.50, 1) ON CONFLICT (word_id, distractor_word_id) DO NOTHING;
INSERT INTO distractors (word_id, distractor_word_id, distance_score, content_version) VALUES ('w-vrb-010', 'w-vrb-023', 0.50, 1) ON CONFLICT (word_id, distractor_word_id) DO NOTHING;
INSERT INTO distractors (word_id, distractor_word_id, distance_score, content_version) VALUES ('w-vrb-010', 'w-vrb-002', 0.50, 1) ON CONFLICT (word_id, distractor_word_id) DO NOTHING;
INSERT INTO distractors (word_id, distractor_word_id, distance_score, content_version) VALUES ('w-vrb-011', 'w-vrb-012', 0.50, 1) ON CONFLICT (word_id, distractor_word_id) DO NOTHING;
INSERT INTO distractors (word_id, distractor_word_id, distance_score, content_version) VALUES ('w-vrb-011', 'w-vrb-014', 0.50, 1) ON CONFLICT (word_id, distractor_word_id) DO NOTHING;
INSERT INTO distractors (word_id, distractor_word_id, distance_score, content_version) VALUES ('w-vrb-011', 'w-vrb-020', 0.50, 1) ON CONFLICT (word_id, distractor_word_id) DO NOTHING;
INSERT INTO distractors (word_id, distractor_word_id, distance_score, content_version) VALUES ('w-vrb-012', 'w-vrb-011', 0.50, 1) ON CONFLICT (word_id, distractor_word_id) DO NOTHING;
INSERT INTO distractors (word_id, distractor_word_id, distance_score, content_version) VALUES ('w-vrb-012', 'w-vrb-013', 0.50, 1) ON CONFLICT (word_id, distractor_word_id) DO NOTHING;
INSERT INTO distractors (word_id, distractor_word_id, distance_score, content_version) VALUES ('w-vrb-012', 'w-vrb-014', 0.50, 1) ON CONFLICT (word_id, distractor_word_id) DO NOTHING;
INSERT INTO distractors (word_id, distractor_word_id, distance_score, content_version) VALUES ('w-vrb-013', 'w-vrb-012', 0.50, 1) ON CONFLICT (word_id, distractor_word_id) DO NOTHING;
INSERT INTO distractors (word_id, distractor_word_id, distance_score, content_version) VALUES ('w-vrb-013', 'w-vrb-024', 0.50, 1) ON CONFLICT (word_id, distractor_word_id) DO NOTHING;
INSERT INTO distractors (word_id, distractor_word_id, distance_score, content_version) VALUES ('w-vrb-013', 'w-vrb-014', 0.50, 1) ON CONFLICT (word_id, distractor_word_id) DO NOTHING;
INSERT INTO distractors (word_id, distractor_word_id, distance_score, content_version) VALUES ('w-vrb-014', 'w-vrb-015', 0.50, 1) ON CONFLICT (word_id, distractor_word_id) DO NOTHING;
INSERT INTO distractors (word_id, distractor_word_id, distance_score, content_version) VALUES ('w-vrb-014', 'w-vrb-011', 0.50, 1) ON CONFLICT (word_id, distractor_word_id) DO NOTHING;
INSERT INTO distractors (word_id, distractor_word_id, distance_score, content_version) VALUES ('w-vrb-014', 'w-vrb-012', 0.50, 1) ON CONFLICT (word_id, distractor_word_id) DO NOTHING;
INSERT INTO distractors (word_id, distractor_word_id, distance_score, content_version) VALUES ('w-vrb-015', 'w-vrb-014', 0.50, 1) ON CONFLICT (word_id, distractor_word_id) DO NOTHING;
INSERT INTO distractors (word_id, distractor_word_id, distance_score, content_version) VALUES ('w-vrb-015', 'w-vrb-021', 0.50, 1) ON CONFLICT (word_id, distractor_word_id) DO NOTHING;
INSERT INTO distractors (word_id, distractor_word_id, distance_score, content_version) VALUES ('w-vrb-015', 'w-vrb-011', 0.50, 1) ON CONFLICT (word_id, distractor_word_id) DO NOTHING;
INSERT INTO distractors (word_id, distractor_word_id, distance_score, content_version) VALUES ('w-vrb-016', 'w-vrb-017', 0.50, 1) ON CONFLICT (word_id, distractor_word_id) DO NOTHING;
INSERT INTO distractors (word_id, distractor_word_id, distance_score, content_version) VALUES ('w-vrb-016', 'w-vrb-019', 0.50, 1) ON CONFLICT (word_id, distractor_word_id) DO NOTHING;
INSERT INTO distractors (word_id, distractor_word_id, distance_score, content_version) VALUES ('w-vrb-016', 'w-vrb-003', 0.50, 1) ON CONFLICT (word_id, distractor_word_id) DO NOTHING;
INSERT INTO distractors (word_id, distractor_word_id, distance_score, content_version) VALUES ('w-vrb-017', 'w-vrb-016', 0.50, 1) ON CONFLICT (word_id, distractor_word_id) DO NOTHING;
INSERT INTO distractors (word_id, distractor_word_id, distance_score, content_version) VALUES ('w-vrb-017', 'w-vrb-018', 0.50, 1) ON CONFLICT (word_id, distractor_word_id) DO NOTHING;
INSERT INTO distractors (word_id, distractor_word_id, distance_score, content_version) VALUES ('w-vrb-017', 'w-vrb-019', 0.50, 1) ON CONFLICT (word_id, distractor_word_id) DO NOTHING;
INSERT INTO distractors (word_id, distractor_word_id, distance_score, content_version) VALUES ('w-vrb-018', 'w-vrb-019', 0.50, 1) ON CONFLICT (word_id, distractor_word_id) DO NOTHING;
INSERT INTO distractors (word_id, distractor_word_id, distance_score, content_version) VALUES ('w-vrb-018', 'w-vrb-017', 0.50, 1) ON CONFLICT (word_id, distractor_word_id) DO NOTHING;
INSERT INTO distractors (word_id, distractor_word_id, distance_score, content_version) VALUES ('w-vrb-018', 'w-vrb-016', 0.50, 1) ON CONFLICT (word_id, distractor_word_id) DO NOTHING;
INSERT INTO distractors (word_id, distractor_word_id, distance_score, content_version) VALUES ('w-vrb-019', 'w-vrb-018', 0.50, 1) ON CONFLICT (word_id, distractor_word_id) DO NOTHING;
INSERT INTO distractors (word_id, distractor_word_id, distance_score, content_version) VALUES ('w-vrb-019', 'w-vrb-016', 0.50, 1) ON CONFLICT (word_id, distractor_word_id) DO NOTHING;
INSERT INTO distractors (word_id, distractor_word_id, distance_score, content_version) VALUES ('w-vrb-019', 'w-vrb-004', 0.50, 1) ON CONFLICT (word_id, distractor_word_id) DO NOTHING;
INSERT INTO distractors (word_id, distractor_word_id, distance_score, content_version) VALUES ('w-vrb-020', 'w-vrb-002', 0.50, 1) ON CONFLICT (word_id, distractor_word_id) DO NOTHING;
INSERT INTO distractors (word_id, distractor_word_id, distance_score, content_version) VALUES ('w-vrb-020', 'w-vrb-011', 0.50, 1) ON CONFLICT (word_id, distractor_word_id) DO NOTHING;
INSERT INTO distractors (word_id, distractor_word_id, distance_score, content_version) VALUES ('w-vrb-020', 'w-vrb-023', 0.50, 1) ON CONFLICT (word_id, distractor_word_id) DO NOTHING;
INSERT INTO distractors (word_id, distractor_word_id, distance_score, content_version) VALUES ('w-vrb-021', 'w-vrb-022', 0.50, 1) ON CONFLICT (word_id, distractor_word_id) DO NOTHING;
INSERT INTO distractors (word_id, distractor_word_id, distance_score, content_version) VALUES ('w-vrb-021', 'w-vrb-014', 0.50, 1) ON CONFLICT (word_id, distractor_word_id) DO NOTHING;
INSERT INTO distractors (word_id, distractor_word_id, distance_score, content_version) VALUES ('w-vrb-021', 'w-vrb-015', 0.50, 1) ON CONFLICT (word_id, distractor_word_id) DO NOTHING;
INSERT INTO distractors (word_id, distractor_word_id, distance_score, content_version) VALUES ('w-vrb-022', 'w-vrb-021', 0.50, 1) ON CONFLICT (word_id, distractor_word_id) DO NOTHING;
INSERT INTO distractors (word_id, distractor_word_id, distance_score, content_version) VALUES ('w-vrb-022', 'w-vrb-023', 0.50, 1) ON CONFLICT (word_id, distractor_word_id) DO NOTHING;
INSERT INTO distractors (word_id, distractor_word_id, distance_score, content_version) VALUES ('w-vrb-022', 'w-vrb-005', 0.50, 1) ON CONFLICT (word_id, distractor_word_id) DO NOTHING;
INSERT INTO distractors (word_id, distractor_word_id, distance_score, content_version) VALUES ('w-vrb-023', 'w-vrb-022', 0.50, 1) ON CONFLICT (word_id, distractor_word_id) DO NOTHING;
INSERT INTO distractors (word_id, distractor_word_id, distance_score, content_version) VALUES ('w-vrb-023', 'w-vrb-010', 0.50, 1) ON CONFLICT (word_id, distractor_word_id) DO NOTHING;
INSERT INTO distractors (word_id, distractor_word_id, distance_score, content_version) VALUES ('w-vrb-023', 'w-vrb-024', 0.50, 1) ON CONFLICT (word_id, distractor_word_id) DO NOTHING;
INSERT INTO distractors (word_id, distractor_word_id, distance_score, content_version) VALUES ('w-vrb-024', 'w-vrb-013', 0.50, 1) ON CONFLICT (word_id, distractor_word_id) DO NOTHING;
INSERT INTO distractors (word_id, distractor_word_id, distance_score, content_version) VALUES ('w-vrb-024', 'w-vrb-023', 0.50, 1) ON CONFLICT (word_id, distractor_word_id) DO NOTHING;
INSERT INTO distractors (word_id, distractor_word_id, distance_score, content_version) VALUES ('w-vrb-024', 'w-vrb-009', 0.50, 1) ON CONFLICT (word_id, distractor_word_id) DO NOTHING;

-- 6. content_manifests (Edge Function이 단어를 반환하기 위한 필수 버전 행)
INSERT INTO content_manifests (manifest_version, pack_id, pack_version, content_hash, words_diff) VALUES (1, 'core-kdrama-001', 1, 'seed-core-kdrama-001', '{}'::jsonb) ON CONFLICT (manifest_version) DO UPDATE SET pack_id=EXCLUDED.pack_id, pack_version=EXCLUDED.pack_version, content_hash=EXCLUDED.content_hash;
INSERT INTO content_manifests (manifest_version, pack_id, pack_version, content_hash, words_diff) VALUES (2, 'core-kpop-001', 1, 'seed-core-kpop-001', '{}'::jsonb) ON CONFLICT (manifest_version) DO UPDATE SET pack_id=EXCLUDED.pack_id, pack_version=EXCLUDED.pack_version, content_hash=EXCLUDED.content_hash;
INSERT INTO content_manifests (manifest_version, pack_id, pack_version, content_hash, words_diff) VALUES (3, 'core-travel-001', 1, 'seed-core-travel-001', '{}'::jsonb) ON CONFLICT (manifest_version) DO UPDATE SET pack_id=EXCLUDED.pack_id, pack_version=EXCLUDED.pack_version, content_hash=EXCLUDED.content_hash;
INSERT INTO content_manifests (manifest_version, pack_id, pack_version, content_hash, words_diff) VALUES (4, 'monthly-2026-06', 1, 'seed-monthly-2026-06', '{}'::jsonb) ON CONFLICT (manifest_version) DO UPDATE SET pack_id=EXCLUDED.pack_id, pack_version=EXCLUDED.pack_version, content_hash=EXCLUDED.content_hash;
INSERT INTO content_manifests (manifest_version, pack_id, pack_version, content_hash, words_diff) VALUES (5, 'premium-pack-001', 1, 'seed-premium-pack-001', '{}'::jsonb) ON CONFLICT (manifest_version) DO UPDATE SET pack_id=EXCLUDED.pack_id, pack_version=EXCLUDED.pack_version, content_hash=EXCLUDED.content_hash;
INSERT INTO content_manifests (manifest_version, pack_id, pack_version, content_hash, words_diff) VALUES (6, 'starter-001', 1, 'seed-starter-001', '{}'::jsonb) ON CONFLICT (manifest_version) DO UPDATE SET pack_id=EXCLUDED.pack_id, pack_version=EXCLUDED.pack_version, content_hash=EXCLUDED.content_hash;
INSERT INTO content_manifests (manifest_version, pack_id, pack_version, content_hash, words_diff) VALUES (7, 'theme-adjectives-001', 1, 'seed-theme-adjectives-001', '{}'::jsonb) ON CONFLICT (manifest_version) DO UPDATE SET pack_id=EXCLUDED.pack_id, pack_version=EXCLUDED.pack_version, content_hash=EXCLUDED.content_hash;
INSERT INTO content_manifests (manifest_version, pack_id, pack_version, content_hash, words_diff) VALUES (8, 'theme-body-001', 1, 'seed-theme-body-001', '{}'::jsonb) ON CONFLICT (manifest_version) DO UPDATE SET pack_id=EXCLUDED.pack_id, pack_version=EXCLUDED.pack_version, content_hash=EXCLUDED.content_hash;
INSERT INTO content_manifests (manifest_version, pack_id, pack_version, content_hash, words_diff) VALUES (9, 'theme-calendar-001', 1, 'seed-theme-calendar-001', '{}'::jsonb) ON CONFLICT (manifest_version) DO UPDATE SET pack_id=EXCLUDED.pack_id, pack_version=EXCLUDED.pack_version, content_hash=EXCLUDED.content_hash;
INSERT INTO content_manifests (manifest_version, pack_id, pack_version, content_hash, words_diff) VALUES (10, 'theme-colors-001', 1, 'seed-theme-colors-001', '{}'::jsonb) ON CONFLICT (manifest_version) DO UPDATE SET pack_id=EXCLUDED.pack_id, pack_version=EXCLUDED.pack_version, content_hash=EXCLUDED.content_hash;
INSERT INTO content_manifests (manifest_version, pack_id, pack_version, content_hash, words_diff) VALUES (11, 'theme-days-001', 1, 'seed-theme-days-001', '{}'::jsonb) ON CONFLICT (manifest_version) DO UPDATE SET pack_id=EXCLUDED.pack_id, pack_version=EXCLUDED.pack_version, content_hash=EXCLUDED.content_hash;
INSERT INTO content_manifests (manifest_version, pack_id, pack_version, content_hash, words_diff) VALUES (12, 'theme-emotions-001', 1, 'seed-theme-emotions-001', '{}'::jsonb) ON CONFLICT (manifest_version) DO UPDATE SET pack_id=EXCLUDED.pack_id, pack_version=EXCLUDED.pack_version, content_hash=EXCLUDED.content_hash;
INSERT INTO content_manifests (manifest_version, pack_id, pack_version, content_hash, words_diff) VALUES (13, 'theme-family-001', 1, 'seed-theme-family-001', '{}'::jsonb) ON CONFLICT (manifest_version) DO UPDATE SET pack_id=EXCLUDED.pack_id, pack_version=EXCLUDED.pack_version, content_hash=EXCLUDED.content_hash;
INSERT INTO content_manifests (manifest_version, pack_id, pack_version, content_hash, words_diff) VALUES (14, 'theme-home-001', 1, 'seed-theme-home-001', '{}'::jsonb) ON CONFLICT (manifest_version) DO UPDATE SET pack_id=EXCLUDED.pack_id, pack_version=EXCLUDED.pack_version, content_hash=EXCLUDED.content_hash;
INSERT INTO content_manifests (manifest_version, pack_id, pack_version, content_hash, words_diff) VALUES (15, 'theme-jobs-001', 1, 'seed-theme-jobs-001', '{}'::jsonb) ON CONFLICT (manifest_version) DO UPDATE SET pack_id=EXCLUDED.pack_id, pack_version=EXCLUDED.pack_version, content_hash=EXCLUDED.content_hash;
INSERT INTO content_manifests (manifest_version, pack_id, pack_version, content_hash, words_diff) VALUES (16, 'theme-numbers-001', 1, 'seed-theme-numbers-001', '{}'::jsonb) ON CONFLICT (manifest_version) DO UPDATE SET pack_id=EXCLUDED.pack_id, pack_version=EXCLUDED.pack_version, content_hash=EXCLUDED.content_hash;
INSERT INTO content_manifests (manifest_version, pack_id, pack_version, content_hash, words_diff) VALUES (17, 'theme-seasons-001', 1, 'seed-theme-seasons-001', '{}'::jsonb) ON CONFLICT (manifest_version) DO UPDATE SET pack_id=EXCLUDED.pack_id, pack_version=EXCLUDED.pack_version, content_hash=EXCLUDED.content_hash;
INSERT INTO content_manifests (manifest_version, pack_id, pack_version, content_hash, words_diff) VALUES (18, 'theme-verbs-001', 1, 'seed-theme-verbs-001', '{}'::jsonb) ON CONFLICT (manifest_version) DO UPDATE SET pack_id=EXCLUDED.pack_id, pack_version=EXCLUDED.pack_version, content_hash=EXCLUDED.content_hash;

COMMIT;
